WordSynonyms,rstc,TEST,1,MILLISECONDS,Generated by run_classification_experiment on 08/21/2024, 17:42:54. Encoder dictionary: {'1': 0, '10': 1, '11': 2, '12': 3, '13': 4, '14': 5, '15': 6, '16': 7, '17': 8, '18': 9, '19': 10, '2': 11, '20': 12, '21': 13, '22': 14, '23': 15, '24': 16, '25': 17, '3': 18, '4': 19, '5': 20, '6': 21, '7': 22, '8': 23, '9': 24}
{'batch_size': 100, 'contract_max_n_shapelet_samples': inf, 'estimator': None, 'max_shapelet_length': None, 'max_shapelets': None, 'n_jobs': 1, 'n_shapelet_samples': 2000, 'random_state': 1, 'shapelet_quality': 'Kolmogorov', 'time_limit_in_minutes': 0, 'transform_limit_in_minutes': 0}
0.6536050156739812,119706,13096,-1,60035072,25,N/A,-1,-1
0,0,,0.195,0.06,0.005,0.0,0.01,0.16,0.03,0.0,0.055,0.0,0.05,0.005,0.005,0.15,0.015,0.025,0.02,0.02,0.045,0.04,0.02,0.045,0.005,0.02,0.02
0,0,,0.425,0.035,0.0,0.005,0.0,0.06,0.045,0.0,0.065,0.01,0.03,0.01,0.01,0.075,0.01,0.02,0.03,0.025,0.01,0.03,0.03,0.02,0.025,0.02,0.01
0,0,,0.345,0.045,0.005,0.005,0.005,0.055,0.05,0.015,0.025,0.015,0.06,0.005,0.005,0.03,0.005,0.005,0.025,0.045,0.03,0.06,0.08,0.0,0.04,0.02,0.025
0,0,,0.265,0.02,0.0,0.005,0.005,0.04,0.075,0.025,0.045,0.02,0.01,0.095,0.02,0.05,0.03,0.005,0.025,0.015,0.005,0.065,0.07,0.07,0.015,0.02,0.005
0,5,,0.14,0.095,0.015,0.01,0.005,0.19,0.03,0.02,0.1,0.01,0.025,0.015,0.005,0.07,0.005,0.03,0.035,0.005,0.025,0.03,0.04,0.03,0.04,0.015,0.015
0,0,,0.415,0.045,0.01,0.005,0.025,0.025,0.05,0.03,0.02,0.005,0.015,0.095,0.025,0.025,0.035,0.005,0.005,0.0,0.005,0.04,0.04,0.01,0.045,0.025,0.0
0,0,,0.24,0.02,0.01,0.015,0.015,0.0,0.05,0.01,0.07,0.015,0.045,0.065,0.03,0.01,0.01,0.005,0.0,0.005,0.015,0.09,0.06,0.1,0.02,0.09,0.01
0,21,,0.185,0.005,0.02,0.005,0.02,0.0,0.045,0.015,0.07,0.02,0.015,0.03,0.025,0.01,0.015,0.005,0.07,0.0,0.005,0.1,0.035,0.195,0.035,0.075,0.0
0,5,,0.06,0.075,0.005,0.005,0.0,0.39,0.02,0.0,0.05,0.02,0.03,0.005,0.01,0.115,0.03,0.01,0.01,0.0,0.02,0.025,0.025,0.01,0.07,0.005,0.01
0,0,,0.155,0.065,0.005,0.005,0.0,0.015,0.06,0.01,0.07,0.03,0.055,0.025,0.01,0.025,0.045,0.025,0.01,0.02,0.01,0.085,0.07,0.04,0.125,0.015,0.025
0,0,,0.325,0.045,0.005,0.065,0.07,0.0,0.025,0.01,0.01,0.015,0.015,0.07,0.015,0.005,0.035,0.0,0.015,0.01,0.005,0.14,0.02,0.015,0.01,0.05,0.025
0,0,,0.255,0.04,0.005,0.005,0.005,0.05,0.03,0.01,0.025,0.0,0.015,0.0,0.01,0.08,0.005,0.09,0.03,0.035,0.1,0.04,0.095,0.005,0.025,0.035,0.01
0,0,,0.215,0.08,0.03,0.01,0.0,0.085,0.025,0.02,0.025,0.01,0.03,0.06,0.02,0.15,0.03,0.015,0.005,0.005,0.0,0.03,0.045,0.07,0.005,0.015,0.02
0,0,,0.185,0.105,0.0,0.02,0.025,0.01,0.05,0.015,0.055,0.025,0.005,0.045,0.015,0.025,0.035,0.015,0.025,0.05,0.01,0.135,0.06,0.0,0.065,0.005,0.02
1,1,,0.01,0.645,0.005,0.005,0.01,0.0,0.015,0.01,0.01,0.0,0.015,0.0,0.005,0.005,0.02,0.0,0.11,0.005,0.01,0.075,0.015,0.0,0.01,0.01,0.01
1,23,,0.025,0.16,0.055,0.005,0.01,0.02,0.04,0.01,0.005,0.0,0.07,0.06,0.005,0.01,0.01,0.005,0.005,0.0,0.0,0.01,0.02,0.035,0.015,0.425,0.0
1,1,,0.05,0.285,0.095,0.01,0.01,0.04,0.01,0.015,0.0,0.0,0.035,0.08,0.01,0.01,0.06,0.015,0.0,0.005,0.0,0.05,0.01,0.085,0.015,0.105,0.005
1,1,,0.01,0.58,0.005,0.005,0.03,0.01,0.01,0.0,0.02,0.01,0.01,0.02,0.005,0.0,0.1,0.0,0.055,0.015,0.0,0.02,0.05,0.005,0.01,0.005,0.025
1,1,,0.0,0.375,0.015,0.025,0.0,0.11,0.005,0.04,0.005,0.0,0.0,0.11,0.0,0.04,0.105,0.005,0.0,0.0,0.005,0.095,0.005,0.035,0.01,0.015,0.0
1,5,,0.01,0.28,0.005,0.0,0.0,0.29,0.005,0.01,0.01,0.0,0.035,0.03,0.005,0.065,0.135,0.015,0.005,0.0,0.0,0.05,0.01,0.02,0.005,0.005,0.01
1,21,,0.0,0.045,0.125,0.065,0.005,0.01,0.0,0.035,0.055,0.015,0.01,0.13,0.045,0.005,0.035,0.005,0.005,0.0,0.0,0.065,0.01,0.275,0.01,0.045,0.005
1,1,,0.07,0.47,0.0,0.005,0.05,0.0,0.005,0.02,0.01,0.0,0.025,0.025,0.0,0.005,0.0,0.01,0.05,0.02,0.05,0.04,0.1,0.015,0.015,0.015,0.0
1,1,,0.025,0.515,0.0,0.005,0.05,0.005,0.03,0.01,0.01,0.0,0.03,0.025,0.01,0.005,0.02,0.0,0.12,0.01,0.015,0.02,0.075,0.0,0.02,0.0,0.0
1,1,,0.05,0.515,0.0,0.02,0.095,0.0,0.005,0.015,0.005,0.005,0.02,0.02,0.005,0.005,0.025,0.0,0.015,0.01,0.025,0.065,0.045,0.005,0.015,0.02,0.015
1,11,,0.005,0.17,0.01,0.01,0.0,0.005,0.01,0.015,0.005,0.005,0.0,0.64,0.005,0.005,0.015,0.0,0.0,0.0,0.0,0.07,0.0,0.015,0.0,0.015,0.0
1,1,,0.01,0.46,0.025,0.005,0.0,0.095,0.01,0.015,0.01,0.0,0.03,0.06,0.005,0.02,0.09,0.005,0.0,0.0,0.005,0.07,0.005,0.05,0.0,0.03,0.0
1,1,,0.04,0.29,0.155,0.005,0.0,0.01,0.015,0.025,0.03,0.005,0.035,0.01,0.025,0.005,0.02,0.005,0.015,0.0,0.0,0.04,0.015,0.135,0.0,0.12,0.0
1,1,,0.015,0.495,0.0,0.005,0.01,0.015,0.01,0.015,0.01,0.005,0.015,0.005,0.005,0.005,0.05,0.01,0.09,0.03,0.06,0.06,0.05,0.005,0.015,0.0,0.02
1,1,,0.03,0.27,0.145,0.01,0.005,0.02,0.01,0.025,0.025,0.0,0.015,0.045,0.015,0.01,0.04,0.02,0.005,0.0,0.005,0.045,0.015,0.115,0.01,0.12,0.0
1,1,,0.015,0.23,0.16,0.02,0.0,0.005,0.02,0.015,0.01,0.01,0.005,0.05,0.015,0.01,0.03,0.02,0.005,0.0,0.005,0.03,0.01,0.225,0.005,0.1,0.005
1,1,,0.01,0.62,0.005,0.02,0.01,0.0,0.005,0.03,0.0,0.0,0.01,0.015,0.0,0.0,0.065,0.0,0.075,0.0,0.02,0.075,0.02,0.0,0.005,0.015,0.0
1,1,,0.0,0.52,0.045,0.02,0.0,0.035,0.005,0.01,0.01,0.0,0.02,0.155,0.01,0.005,0.065,0.005,0.0,0.0,0.0,0.04,0.0,0.04,0.0,0.015,0.0
1,1,,0.04,0.295,0.03,0.02,0.005,0.025,0.015,0.005,0.01,0.005,0.025,0.165,0.01,0.035,0.065,0.02,0.0,0.005,0.0,0.065,0.01,0.095,0.005,0.05,0.0
1,1,,0.005,0.4,0.025,0.03,0.0,0.02,0.0,0.02,0.005,0.0,0.015,0.305,0.005,0.025,0.025,0.0,0.0,0.0,0.0,0.05,0.0,0.04,0.0,0.025,0.005
1,1,,0.01,0.525,0.04,0.015,0.0,0.06,0.015,0.01,0.01,0.0,0.02,0.035,0.005,0.03,0.1,0.005,0.0,0.0,0.0,0.03,0.0,0.02,0.01,0.055,0.005
1,1,,0.015,0.47,0.0,0.03,0.045,0.0,0.015,0.015,0.02,0.005,0.015,0.02,0.0,0.01,0.03,0.01,0.015,0.03,0.01,0.055,0.075,0.01,0.01,0.05,0.045
1,19,,0.005,0.045,0.015,0.07,0.01,0.0,0.005,0.005,0.115,0.025,0.0,0.05,0.015,0.01,0.035,0.015,0.015,0.015,0.005,0.21,0.01,0.02,0.14,0.015,0.15
1,1,,0.005,0.395,0.01,0.01,0.0,0.13,0.01,0.025,0.01,0.0,0.015,0.14,0.005,0.035,0.125,0.01,0.0,0.0,0.0,0.035,0.0,0.03,0.0,0.005,0.005
1,1,,0.005,0.47,0.0,0.005,0.015,0.005,0.03,0.005,0.015,0.005,0.005,0.005,0.005,0.0,0.025,0.035,0.055,0.025,0.15,0.035,0.08,0.0,0.015,0.005,0.005
1,1,,0.02,0.615,0.035,0.0,0.01,0.055,0.005,0.01,0.02,0.0,0.03,0.02,0.005,0.02,0.035,0.0,0.005,0.0,0.0,0.01,0.005,0.035,0.015,0.05,0.0
1,1,,0.01,0.41,0.085,0.005,0.01,0.025,0.015,0.03,0.015,0.005,0.02,0.04,0.02,0.03,0.025,0.01,0.02,0.0,0.005,0.02,0.005,0.11,0.015,0.07,0.0
1,1,,0.025,0.32,0.0,0.105,0.045,0.0,0.0,0.035,0.035,0.015,0.005,0.02,0.0,0.0,0.07,0.0,0.035,0.015,0.005,0.1,0.015,0.025,0.005,0.055,0.07
1,1,,0.07,0.58,0.0,0.02,0.06,0.0,0.015,0.02,0.005,0.01,0.005,0.0,0.0,0.005,0.04,0.01,0.01,0.015,0.025,0.07,0.025,0.005,0.005,0.005,0.0
1,1,,0.01,0.53,0.005,0.025,0.015,0.015,0.005,0.015,0.01,0.005,0.015,0.01,0.005,0.0,0.07,0.0,0.12,0.0,0.005,0.075,0.025,0.0,0.0,0.025,0.015
1,1,,0.035,0.565,0.0,0.01,0.045,0.005,0.005,0.015,0.01,0.005,0.025,0.005,0.0,0.0,0.05,0.0,0.04,0.005,0.03,0.06,0.045,0.015,0.005,0.015,0.01
1,14,,0.04,0.07,0.005,0.09,0.07,0.015,0.01,0.035,0.05,0.01,0.0,0.035,0.045,0.035,0.205,0.03,0.0,0.02,0.005,0.08,0.02,0.025,0.03,0.045,0.03
1,1,,0.02,0.425,0.04,0.015,0.005,0.115,0.005,0.01,0.0,0.005,0.015,0.045,0.005,0.065,0.095,0.01,0.005,0.0,0.005,0.025,0.015,0.04,0.005,0.02,0.01
1,1,,0.0,0.72,0.0,0.005,0.0,0.0,0.005,0.02,0.01,0.0,0.015,0.0,0.005,0.005,0.045,0.005,0.025,0.02,0.015,0.055,0.035,0.0,0.0,0.015,0.0
2,21,,0.015,0.025,0.125,0.01,0.005,0.005,0.015,0.005,0.025,0.0,0.015,0.01,0.03,0.0,0.025,0.0,0.0,0.0,0.0,0.02,0.0,0.63,0.015,0.025,0.0
2,2,,0.01,0.005,0.175,0.025,0.0,0.0,0.005,0.16,0.03,0.015,0.0,0.005,0.14,0.0,0.015,0.04,0.055,0.0,0.005,0.055,0.015,0.16,0.0,0.07,0.015
2,21,,0.025,0.025,0.25,0.065,0.005,0.005,0.045,0.0,0.015,0.0,0.02,0.025,0.085,0.005,0.05,0.005,0.0,0.0,0.0,0.02,0.005,0.295,0.015,0.025,0.015
2,11,,0.11,0.025,0.005,0.0,0.005,0.01,0.02,0.035,0.03,0.01,0.02,0.33,0.025,0.04,0.02,0.005,0.0,0.005,0.0,0.04,0.035,0.05,0.005,0.17,0.005
2,2,,0.0,0.015,0.49,0.045,0.0,0.0,0.01,0.09,0.015,0.0,0.0,0.02,0.075,0.005,0.0,0.0,0.01,0.0,0.015,0.025,0.0,0.02,0.0,0.16,0.005
2,23,,0.02,0.015,0.105,0.115,0.005,0.0,0.03,0.02,0.065,0.02,0.005,0.05,0.065,0.0,0.02,0.01,0.015,0.01,0.005,0.06,0.02,0.13,0.025,0.17,0.02
2,1,,0.03,0.405,0.08,0.02,0.0,0.04,0.035,0.0,0.005,0.0,0.02,0.03,0.06,0.05,0.08,0.01,0.0,0.0,0.01,0.02,0.0,0.045,0.02,0.03,0.01
2,7,,0.01,0.015,0.11,0.015,0.0,0.005,0.01,0.185,0.02,0.03,0.0,0.015,0.14,0.005,0.02,0.03,0.1,0.005,0.0,0.06,0.02,0.13,0.0,0.055,0.02
2,2,,0.01,0.105,0.33,0.01,0.0,0.015,0.02,0.01,0.025,0.005,0.02,0.03,0.01,0.005,0.05,0.01,0.0,0.0,0.01,0.055,0.01,0.185,0.01,0.06,0.015
2,2,,0.02,0.015,0.13,0.015,0.005,0.005,0.02,0.09,0.02,0.02,0.0,0.01,0.13,0.005,0.005,0.035,0.12,0.005,0.01,0.09,0.01,0.11,0.005,0.08,0.045
3,3,,0.01,0.01,0.015,0.645,0.025,0.0,0.0,0.005,0.01,0.03,0.0,0.0,0.015,0.0,0.0,0.005,0.0,0.0,0.0,0.14,0.0,0.01,0.0,0.04,0.04
3,19,,0.0,0.015,0.0,0.195,0.005,0.0,0.005,0.01,0.005,0.095,0.0,0.015,0.005,0.0,0.02,0.0,0.02,0.005,0.0,0.41,0.0,0.005,0.0,0.02,0.17
3,19,,0.005,0.02,0.185,0.11,0.005,0.0,0.005,0.08,0.015,0.015,0.005,0.005,0.13,0.0,0.02,0.01,0.07,0.0,0.0,0.21,0.0,0.015,0.005,0.065,0.025
3,3,,0.045,0.09,0.0,0.325,0.03,0.0,0.01,0.01,0.02,0.025,0.0,0.025,0.01,0.005,0.045,0.005,0.03,0.005,0.005,0.125,0.05,0.005,0.005,0.025,0.105
3,11,,0.005,0.14,0.02,0.055,0.0,0.01,0.01,0.02,0.0,0.005,0.0,0.43,0.02,0.02,0.07,0.0,0.0,0.0,0.0,0.175,0.0,0.01,0.0,0.005,0.005
3,19,,0.0,0.005,0.01,0.315,0.0,0.0,0.0,0.015,0.005,0.05,0.0,0.025,0.005,0.005,0.025,0.0,0.01,0.005,0.0,0.41,0.0,0.03,0.0,0.025,0.06
3,19,,0.0,0.01,0.005,0.155,0.005,0.0,0.015,0.03,0.025,0.02,0.005,0.135,0.11,0.02,0.025,0.0,0.005,0.0,0.0,0.37,0.0,0.055,0.0,0.005,0.005
3,3,,0.0,0.015,0.0,0.285,0.015,0.0,0.01,0.0,0.02,0.04,0.0,0.04,0.015,0.0,0.005,0.005,0.03,0.01,0.0,0.185,0.005,0.035,0.01,0.035,0.24
3,3,,0.01,0.025,0.005,0.19,0.0,0.01,0.02,0.04,0.05,0.02,0.01,0.055,0.12,0.025,0.105,0.015,0.01,0.005,0.0,0.13,0.02,0.05,0.01,0.02,0.055
3,19,,0.0,0.015,0.035,0.04,0.0,0.0,0.005,0.08,0.015,0.01,0.0,0.05,0.185,0.0,0.02,0.005,0.06,0.0,0.0,0.37,0.0,0.035,0.0,0.01,0.065
3,3,,0.005,0.04,0.03,0.18,0.025,0.005,0.03,0.075,0.02,0.06,0.02,0.045,0.075,0.005,0.055,0.005,0.02,0.005,0.02,0.135,0.025,0.025,0.015,0.05,0.03
3,11,,0.0,0.005,0.015,0.04,0.0,0.005,0.005,0.015,0.005,0.0,0.0,0.505,0.005,0.005,0.01,0.005,0.0,0.0,0.0,0.34,0.0,0.015,0.01,0.01,0.005
3,9,,0.01,0.015,0.005,0.155,0.025,0.0,0.005,0.015,0.03,0.27,0.005,0.055,0.02,0.01,0.055,0.015,0.005,0.05,0.0,0.125,0.0,0.01,0.01,0.005,0.105
3,3,,0.0,0.01,0.035,0.295,0.015,0.0,0.005,0.17,0.0,0.025,0.0,0.01,0.05,0.0,0.0,0.015,0.01,0.01,0.005,0.235,0.01,0.02,0.005,0.07,0.005
3,19,,0.0,0.0,0.005,0.265,0.0,0.0,0.0,0.015,0.02,0.095,0.0,0.015,0.01,0.005,0.015,0.01,0.015,0.01,0.0,0.4,0.0,0.0,0.01,0.005,0.105
3,19,,0.0,0.015,0.015,0.245,0.0,0.005,0.005,0.03,0.005,0.01,0.0,0.045,0.03,0.03,0.055,0.0,0.0,0.0,0.0,0.42,0.0,0.065,0.005,0.0,0.02
3,3,,0.0,0.0,0.0,0.64,0.015,0.0,0.0,0.01,0.01,0.07,0.0,0.01,0.01,0.01,0.01,0.0,0.005,0.005,0.005,0.1,0.01,0.0,0.0,0.01,0.08
3,19,,0.0,0.005,0.0,0.02,0.0,0.0,0.005,0.025,0.0,0.0,0.0,0.285,0.005,0.01,0.03,0.0,0.0,0.0,0.0,0.6,0.0,0.015,0.0,0.0,0.0
3,3,,0.005,0.035,0.03,0.485,0.015,0.0,0.005,0.035,0.005,0.05,0.0,0.005,0.035,0.0,0.005,0.01,0.015,0.0,0.0,0.145,0.0,0.02,0.0,0.07,0.03
3,19,,0.03,0.0,0.015,0.06,0.005,0.03,0.02,0.09,0.015,0.03,0.0,0.15,0.02,0.035,0.015,0.015,0.01,0.0,0.005,0.345,0.0,0.06,0.005,0.03,0.015
3,19,,0.005,0.02,0.015,0.22,0.02,0.01,0.005,0.05,0.015,0.015,0.0,0.14,0.035,0.03,0.055,0.005,0.0,0.0,0.0,0.29,0.0,0.045,0.0,0.01,0.015
3,3,,0.0,0.005,0.01,0.36,0.01,0.0,0.005,0.005,0.005,0.09,0.0,0.02,0.0,0.01,0.035,0.0,0.015,0.01,0.01,0.225,0.01,0.015,0.0,0.01,0.15
3,11,,0.0,0.06,0.01,0.05,0.005,0.015,0.01,0.055,0.03,0.02,0.0,0.27,0.03,0.035,0.04,0.0,0.0,0.005,0.005,0.135,0.0,0.18,0.0,0.025,0.02
3,14,,0.005,0.045,0.01,0.11,0.11,0.0,0.0,0.04,0.03,0.105,0.0,0.08,0.015,0.02,0.12,0.005,0.0,0.07,0.0,0.11,0.0,0.005,0.02,0.05,0.05
3,3,,0.015,0.05,0.015,0.415,0.02,0.0,0.01,0.055,0.015,0.015,0.005,0.01,0.03,0.0,0.015,0.0,0.01,0.0,0.005,0.115,0.01,0.005,0.0,0.11,0.075
3,19,,0.01,0.07,0.005,0.02,0.005,0.0,0.005,0.15,0.01,0.01,0.005,0.015,0.02,0.0,0.045,0.015,0.04,0.015,0.03,0.495,0.005,0.005,0.01,0.0,0.015
3,3,,0.0,0.04,0.035,0.315,0.0,0.005,0.0,0.025,0.015,0.02,0.0,0.12,0.09,0.015,0.02,0.01,0.005,0.0,0.01,0.045,0.005,0.1,0.0,0.095,0.03
3,24,,0.01,0.03,0.015,0.16,0.01,0.0,0.0,0.02,0.04,0.03,0.005,0.025,0.01,0.0,0.02,0.0,0.015,0.005,0.0,0.25,0.0,0.02,0.01,0.03,0.295
3,19,,0.0,0.02,0.025,0.055,0.0,0.0,0.01,0.025,0.015,0.01,0.0,0.35,0.0,0.025,0.07,0.005,0.0,0.0,0.0,0.355,0.0,0.02,0.005,0.005,0.005
3,3,,0.005,0.005,0.01,0.635,0.01,0.0,0.0,0.03,0.01,0.045,0.0,0.005,0.02,0.005,0.0,0.0,0.005,0.01,0.0,0.15,0.0,0.005,0.0,0.005,0.045
3,14,,0.015,0.135,0.04,0.02,0.005,0.015,0.03,0.02,0.06,0.03,0.005,0.095,0.02,0.01,0.165,0.035,0.02,0.0,0.0,0.08,0.01,0.1,0.045,0.01,0.035
3,19,,0.0,0.025,0.005,0.165,0.005,0.0,0.005,0.015,0.0,0.005,0.0,0.22,0.02,0.025,0.025,0.005,0.0,0.0,0.0,0.445,0.0,0.025,0.0,0.01,0.0
3,3,,0.015,0.025,0.005,0.605,0.005,0.0,0.0,0.025,0.015,0.015,0.0,0.01,0.04,0.0,0.01,0.0,0.01,0.0,0.0,0.15,0.0,0.0,0.0,0.02,0.05
3,19,,0.01,0.07,0.005,0.105,0.015,0.04,0.045,0.055,0.015,0.01,0.03,0.04,0.045,0.04,0.115,0.025,0.01,0.02,0.005,0.12,0.03,0.04,0.05,0.015,0.045
3,19,,0.06,0.05,0.01,0.04,0.095,0.005,0.01,0.03,0.025,0.025,0.01,0.1,0.045,0.025,0.105,0.005,0.015,0.03,0.01,0.12,0.05,0.005,0.015,0.075,0.04
3,22,,0.03,0.055,0.015,0.03,0.005,0.005,0.025,0.005,0.065,0.0,0.02,0.02,0.025,0.03,0.095,0.015,0.04,0.02,0.005,0.08,0.005,0.025,0.315,0.015,0.055
4,23,,0.225,0.06,0.005,0.015,0.07,0.015,0.03,0.005,0.005,0.005,0.035,0.065,0.02,0.0,0.01,0.0,0.01,0.01,0.005,0.025,0.055,0.005,0.035,0.27,0.02
4,11,,0.0,0.01,0.0,0.01,0.005,0.0,0.0,0.015,0.005,0.005,0.0,0.775,0.015,0.0,0.04,0.0,0.0,0.005,0.0,0.075,0.0,0.015,0.0,0.025,0.0
4,4,,0.04,0.07,0.015,0.025,0.305,0.0,0.02,0.015,0.015,0.0,0.01,0.03,0.01,0.005,0.03,0.005,0.005,0.015,0.01,0.035,0.035,0.005,0.0,0.275,0.025
4,4,,0.02,0.06,0.005,0.045,0.255,0.005,0.015,0.02,0.0,0.05,0.015,0.075,0.025,0.0,0.02,0.015,0.015,0.015,0.0,0.07,0.03,0.005,0.0,0.205,0.035
4,11,,0.0,0.0,0.005,0.01,0.0,0.0,0.005,0.03,0.015,0.005,0.0,0.72,0.01,0.01,0.01,0.0,0.005,0.0,0.0,0.165,0.0,0.005,0.0,0.005,0.0
4,11,,0.0,0.005,0.0,0.045,0.005,0.005,0.0,0.0,0.0,0.005,0.0,0.785,0.0,0.0,0.02,0.0,0.0,0.0,0.0,0.115,0.0,0.0,0.0,0.01,0.005
4,11,,0.02,0.03,0.0,0.035,0.08,0.0,0.0,0.095,0.0,0.005,0.0,0.38,0.03,0.01,0.1,0.015,0.0,0.01,0.0,0.09,0.0,0.02,0.01,0.065,0.005
4,23,,0.01,0.04,0.01,0.04,0.14,0.0,0.02,0.02,0.02,0.015,0.02,0.12,0.02,0.005,0.02,0.02,0.0,0.015,0.005,0.03,0.02,0.01,0.005,0.385,0.01
4,4,,0.035,0.145,0.005,0.02,0.25,0.0,0.015,0.01,0.005,0.0,0.01,0.015,0.01,0.005,0.055,0.005,0.02,0.005,0.01,0.04,0.08,0.005,0.0,0.235,0.02
4,11,,0.05,0.095,0.005,0.085,0.12,0.005,0.04,0.03,0.01,0.005,0.02,0.14,0.015,0.01,0.065,0.015,0.0,0.015,0.005,0.03,0.035,0.01,0.015,0.14,0.04
4,23,,0.025,0.06,0.005,0.035,0.135,0.0,0.02,0.035,0.02,0.035,0.005,0.14,0.02,0.0,0.085,0.035,0.0,0.025,0.005,0.065,0.02,0.005,0.015,0.15,0.06
4,23,,0.025,0.125,0.01,0.065,0.17,0.0,0.02,0.02,0.025,0.005,0.01,0.045,0.005,0.0,0.065,0.0,0.005,0.035,0.015,0.045,0.085,0.015,0.01,0.175,0.025
4,1,,0.005,0.21,0.005,0.01,0.02,0.0,0.005,0.02,0.03,0.005,0.005,0.065,0.01,0.005,0.13,0.005,0.065,0.015,0.0,0.105,0.02,0.01,0.035,0.015,0.205
5,5,,0.025,0.025,0.005,0.01,0.005,0.305,0.05,0.005,0.085,0.005,0.04,0.005,0.01,0.03,0.02,0.02,0.025,0.0,0.035,0.055,0.105,0.005,0.05,0.015,0.065
5,5,,0.0,0.02,0.0,0.0,0.0,0.76,0.005,0.02,0.02,0.005,0.005,0.015,0.0,0.08,0.01,0.0,0.0,0.005,0.0,0.005,0.005,0.005,0.015,0.005,0.02
5,5,,0.005,0.035,0.0,0.0,0.0,0.625,0.02,0.015,0.055,0.005,0.01,0.01,0.0,0.08,0.025,0.005,0.005,0.005,0.005,0.015,0.005,0.005,0.04,0.005,0.025
5,5,,0.005,0.01,0.0,0.005,0.0,0.8,0.01,0.005,0.015,0.005,0.0,0.005,0.0,0.075,0.03,0.0,0.0,0.0,0.005,0.005,0.005,0.005,0.005,0.0,0.01
5,1,,0.08,0.15,0.02,0.015,0.015,0.055,0.045,0.015,0.035,0.01,0.07,0.02,0.0,0.03,0.04,0.01,0.05,0.01,0.035,0.055,0.145,0.015,0.045,0.025,0.01
5,22,,0.015,0.075,0.005,0.02,0.005,0.045,0.025,0.055,0.075,0.0,0.01,0.07,0.005,0.075,0.125,0.005,0.015,0.005,0.0,0.075,0.03,0.04,0.195,0.01,0.02
5,5,,0.045,0.015,0.005,0.005,0.0,0.535,0.04,0.005,0.035,0.005,0.015,0.0,0.0,0.055,0.025,0.02,0.01,0.0,0.01,0.025,0.05,0.035,0.025,0.01,0.03
5,5,,0.0,0.01,0.0,0.0,0.0,0.92,0.0,0.0,0.01,0.0,0.0,0.0,0.0,0.02,0.01,0.0,0.0,0.0,0.005,0.005,0.0,0.01,0.005,0.0,0.005
5,5,,0.005,0.005,0.005,0.005,0.0,0.725,0.005,0.015,0.015,0.0,0.005,0.005,0.0,0.04,0.03,0.0,0.005,0.02,0.015,0.04,0.0,0.01,0.025,0.0,0.025
5,5,,0.0,0.07,0.005,0.0,0.0,0.575,0.015,0.005,0.0,0.005,0.025,0.025,0.0,0.135,0.07,0.005,0.0,0.0,0.0,0.01,0.01,0.015,0.005,0.005,0.02
5,5,,0.005,0.06,0.015,0.0,0.005,0.58,0.04,0.0,0.015,0.0,0.015,0.02,0.01,0.08,0.04,0.005,0.005,0.0,0.01,0.03,0.015,0.015,0.005,0.015,0.015
5,5,,0.005,0.135,0.025,0.035,0.0,0.27,0.03,0.015,0.02,0.01,0.015,0.065,0.005,0.085,0.105,0.005,0.005,0.0,0.0,0.075,0.01,0.025,0.005,0.03,0.025
5,11,,0.015,0.05,0.03,0.02,0.0,0.115,0.025,0.035,0.045,0.035,0.015,0.17,0.02,0.05,0.095,0.01,0.0,0.0,0.0,0.11,0.01,0.065,0.02,0.025,0.04
5,5,,0.005,0.01,0.0,0.005,0.0,0.685,0.005,0.015,0.03,0.005,0.01,0.015,0.0,0.11,0.03,0.0,0.005,0.0,0.0,0.025,0.0,0.005,0.005,0.005,0.03
5,5,,0.02,0.03,0.01,0.0,0.0,0.695,0.015,0.015,0.005,0.005,0.025,0.0,0.01,0.13,0.0,0.0,0.0,0.0,0.0,0.015,0.01,0.005,0.005,0.0,0.005
5,5,,0.01,0.0,0.0,0.0,0.0,0.825,0.01,0.0,0.015,0.005,0.02,0.015,0.005,0.03,0.0,0.01,0.0,0.0,0.0,0.025,0.005,0.015,0.0,0.0,0.01
5,5,,0.005,0.11,0.015,0.0,0.0,0.505,0.005,0.005,0.025,0.005,0.005,0.03,0.0,0.065,0.1,0.015,0.0,0.0,0.01,0.03,0.005,0.03,0.01,0.0,0.025
5,5,,0.015,0.015,0.0,0.0,0.0,0.775,0.005,0.0,0.03,0.015,0.0,0.02,0.0,0.04,0.005,0.0,0.005,0.005,0.0,0.02,0.0,0.0,0.015,0.005,0.03
5,5,,0.005,0.025,0.0,0.0,0.0,0.765,0.005,0.02,0.025,0.0,0.005,0.01,0.0,0.08,0.025,0.005,0.0,0.0,0.0,0.005,0.005,0.0,0.01,0.0,0.01
5,5,,0.01,0.025,0.005,0.0,0.0,0.555,0.005,0.01,0.07,0.03,0.005,0.005,0.0,0.115,0.045,0.01,0.01,0.0,0.01,0.025,0.01,0.02,0.005,0.01,0.02
5,11,,0.01,0.13,0.01,0.03,0.0,0.175,0.01,0.045,0.02,0.0,0.015,0.24,0.0,0.075,0.125,0.005,0.01,0.0,0.0,0.055,0.005,0.02,0.0,0.01,0.01
5,11,,0.01,0.025,0.005,0.03,0.005,0.02,0.02,0.055,0.01,0.0,0.0,0.295,0.015,0.085,0.085,0.005,0.0,0.0,0.0,0.26,0.0,0.055,0.005,0.005,0.01
5,5,,0.01,0.025,0.01,0.0,0.0,0.755,0.015,0.015,0.02,0.0,0.01,0.005,0.005,0.065,0.005,0.01,0.0,0.005,0.0,0.005,0.015,0.015,0.01,0.0,0.0
5,5,,0.005,0.14,0.01,0.02,0.0,0.285,0.015,0.025,0.035,0.005,0.01,0.065,0.0,0.08,0.13,0.01,0.005,0.005,0.01,0.05,0.0,0.065,0.015,0.005,0.01
5,5,,0.02,0.005,0.0,0.0,0.0,0.865,0.015,0.0,0.015,0.005,0.005,0.0,0.0,0.03,0.005,0.005,0.0,0.0,0.005,0.005,0.01,0.005,0.0,0.0,0.005
5,13,,0.01,0.03,0.0,0.02,0.0,0.28,0.01,0.02,0.015,0.0,0.005,0.05,0.005,0.365,0.095,0.005,0.005,0.0,0.0,0.03,0.0,0.005,0.01,0.005,0.035
5,5,,0.055,0.095,0.0,0.005,0.0,0.255,0.075,0.025,0.03,0.01,0.045,0.0,0.02,0.16,0.01,0.02,0.01,0.01,0.02,0.02,0.015,0.01,0.07,0.005,0.035
5,5,,0.0,0.03,0.0,0.005,0.0,0.74,0.0,0.015,0.01,0.005,0.005,0.045,0.0,0.1,0.02,0.0,0.0,0.0,0.0,0.005,0.0,0.005,0.01,0.0,0.005
5,5,,0.0,0.02,0.0,0.0,0.0,0.755,0.015,0.005,0.04,0.0,0.0,0.015,0.0,0.08,0.01,0.0,0.0,0.005,0.005,0.01,0.005,0.0,0.005,0.0,0.03
6,6,,0.115,0.03,0.0,0.005,0.005,0.145,0.155,0.02,0.03,0.005,0.045,0.005,0.0,0.095,0.005,0.035,0.02,0.03,0.045,0.045,0.065,0.005,0.05,0.0,0.045
6,10,,0.165,0.06,0.005,0.005,0.005,0.09,0.14,0.0,0.01,0.01,0.19,0.02,0.015,0.025,0.05,0.015,0.01,0.01,0.0,0.035,0.08,0.02,0.02,0.015,0.005
6,6,,0.06,0.07,0.0,0.005,0.015,0.13,0.235,0.02,0.02,0.01,0.045,0.025,0.005,0.03,0.015,0.01,0.015,0.01,0.005,0.045,0.16,0.005,0.02,0.02,0.025
6,14,,0.025,0.14,0.075,0.03,0.0,0.03,0.16,0.015,0.0,0.0,0.035,0.015,0.085,0.025,0.175,0.01,0.0,0.01,0.01,0.05,0.0,0.035,0.02,0.035,0.02
6,5,,0.065,0.055,0.0,0.0,0.01,0.245,0.16,0.015,0.025,0.0,0.09,0.005,0.02,0.065,0.03,0.015,0.005,0.02,0.005,0.045,0.035,0.005,0.04,0.02,0.025
6,5,,0.02,0.035,0.005,0.005,0.005,0.375,0.095,0.015,0.025,0.01,0.05,0.005,0.005,0.06,0.005,0.035,0.005,0.02,0.03,0.025,0.065,0.01,0.055,0.0,0.04
6,14,,0.04,0.08,0.015,0.07,0.015,0.015,0.035,0.025,0.05,0.07,0.035,0.035,0.03,0.005,0.12,0.01,0.015,0.03,0.005,0.085,0.055,0.015,0.075,0.025,0.045
6,5,,0.04,0.03,0.0,0.0,0.01,0.26,0.16,0.015,0.055,0.01,0.055,0.0,0.005,0.105,0.02,0.015,0.005,0.005,0.005,0.06,0.055,0.01,0.02,0.01,0.05
6,1,,0.025,0.21,0.0,0.07,0.03,0.035,0.05,0.025,0.02,0.03,0.005,0.015,0.035,0.03,0.105,0.02,0.005,0.045,0.025,0.04,0.07,0.025,0.055,0.015,0.015
6,12,,0.01,0.05,0.12,0.065,0.005,0.01,0.03,0.025,0.02,0.005,0.005,0.16,0.18,0.025,0.095,0.015,0.0,0.005,0.0,0.03,0.005,0.12,0.005,0.015,0.0
6,7,,0.005,0.01,0.055,0.04,0.025,0.0,0.0,0.265,0.01,0.005,0.01,0.005,0.04,0.005,0.015,0.015,0.03,0.0,0.005,0.09,0.03,0.115,0.0,0.205,0.02
6,5,,0.075,0.12,0.01,0.02,0.005,0.13,0.11,0.035,0.02,0.01,0.04,0.02,0.03,0.035,0.04,0.01,0.0,0.015,0.04,0.025,0.035,0.005,0.12,0.01,0.04
7,11,,0.0,0.02,0.01,0.0,0.005,0.01,0.01,0.155,0.01,0.01,0.0,0.495,0.015,0.0,0.045,0.005,0.0,0.005,0.0,0.135,0.005,0.05,0.0,0.01,0.005
7,11,,0.005,0.02,0.0,0.055,0.0,0.01,0.005,0.135,0.015,0.015,0.0,0.4,0.0,0.01,0.015,0.0,0.0,0.0,0.0,0.25,0.0,0.045,0.0,0.02,0.0
7,11,,0.03,0.005,0.01,0.03,0.0,0.025,0.025,0.165,0.03,0.025,0.01,0.35,0.03,0.055,0.02,0.01,0.005,0.005,0.0,0.08,0.025,0.04,0.01,0.005,0.01
7,7,,0.0,0.005,0.045,0.015,0.01,0.0,0.0,0.63,0.005,0.0,0.01,0.005,0.01,0.005,0.0,0.005,0.01,0.005,0.0,0.01,0.0,0.005,0.0,0.225,0.0
7,7,,0.01,0.005,0.105,0.01,0.005,0.0,0.005,0.55,0.005,0.005,0.0,0.005,0.065,0.0,0.015,0.01,0.02,0.0,0.0,0.04,0.015,0.03,0.0,0.095,0.005
7,7,,0.005,0.01,0.105,0.085,0.015,0.0,0.0,0.47,0.015,0.005,0.0,0.05,0.065,0.005,0.01,0.01,0.015,0.015,0.01,0.06,0.0,0.015,0.0,0.035,0.0
7,11,,0.005,0.005,0.0,0.015,0.0,0.01,0.01,0.15,0.015,0.005,0.0,0.635,0.005,0.005,0.025,0.005,0.005,0.015,0.0,0.045,0.0,0.02,0.005,0.015,0.005
7,11,,0.0,0.005,0.005,0.005,0.0,0.005,0.0,0.205,0.01,0.01,0.0,0.475,0.01,0.01,0.04,0.0,0.005,0.0,0.0,0.11,0.005,0.075,0.0,0.025,0.0
7,11,,0.015,0.055,0.01,0.025,0.0,0.045,0.02,0.165,0.03,0.025,0.01,0.175,0.01,0.02,0.035,0.005,0.0,0.0,0.0,0.08,0.015,0.175,0.035,0.025,0.025
7,7,,0.005,0.01,0.01,0.03,0.0,0.0,0.005,0.755,0.01,0.005,0.0,0.01,0.01,0.0,0.01,0.0,0.01,0.01,0.0,0.085,0.005,0.0,0.0,0.015,0.015
7,11,,0.0,0.01,0.005,0.005,0.005,0.01,0.01,0.185,0.015,0.005,0.0,0.45,0.0,0.0,0.03,0.0,0.0,0.0,0.0,0.16,0.0,0.095,0.0,0.005,0.01
7,7,,0.005,0.015,0.0,0.02,0.005,0.005,0.01,0.295,0.015,0.01,0.01,0.14,0.005,0.015,0.035,0.015,0.0,0.0,0.0,0.18,0.005,0.165,0.005,0.03,0.015
7,7,,0.035,0.03,0.01,0.02,0.01,0.04,0.01,0.17,0.07,0.025,0.01,0.15,0.025,0.025,0.065,0.015,0.015,0.01,0.005,0.135,0.01,0.06,0.025,0.0,0.03
7,7,,0.005,0.005,0.09,0.05,0.0,0.0,0.0,0.365,0.01,0.0,0.005,0.03,0.11,0.005,0.01,0.0,0.015,0.02,0.005,0.015,0.0,0.085,0.01,0.165,0.0
7,19,,0.005,0.05,0.01,0.055,0.025,0.01,0.045,0.095,0.04,0.01,0.0,0.065,0.04,0.025,0.065,0.0,0.0,0.035,0.0,0.18,0.025,0.165,0.02,0.01,0.025
7,7,,0.0,0.0,0.02,0.11,0.0,0.0,0.005,0.44,0.01,0.025,0.0,0.035,0.02,0.0,0.0,0.015,0.005,0.015,0.005,0.25,0.0,0.02,0.0,0.02,0.005
8,23,,0.03,0.03,0.03,0.135,0.02,0.0,0.01,0.085,0.02,0.005,0.015,0.0,0.04,0.005,0.01,0.005,0.03,0.0,0.0,0.2,0.005,0.015,0.0,0.295,0.015
8,5,,0.045,0.04,0.005,0.015,0.005,0.13,0.03,0.09,0.075,0.015,0.015,0.025,0.01,0.105,0.02,0.03,0.005,0.02,0.045,0.1,0.065,0.015,0.045,0.015,0.035
8,19,,0.05,0.06,0.02,0.045,0.01,0.03,0.035,0.04,0.085,0.015,0.05,0.05,0.045,0.015,0.055,0.01,0.085,0.01,0.015,0.1,0.05,0.025,0.05,0.02,0.03
8,23,,0.035,0.135,0.0,0.05,0.055,0.005,0.025,0.02,0.035,0.01,0.065,0.05,0.01,0.005,0.025,0.015,0.05,0.01,0.01,0.07,0.085,0.01,0.015,0.17,0.04
8,19,,0.005,0.04,0.015,0.05,0.015,0.0,0.015,0.015,0.13,0.065,0.005,0.03,0.015,0.0,0.085,0.005,0.035,0.06,0.005,0.22,0.02,0.065,0.025,0.02,0.06
8,3,,0.025,0.055,0.0,0.255,0.02,0.0,0.015,0.005,0.045,0.015,0.0,0.065,0.025,0.0,0.035,0.0,0.045,0.01,0.0,0.235,0.015,0.01,0.0,0.025,0.1
8,22,,0.045,0.095,0.0,0.02,0.005,0.08,0.02,0.03,0.06,0.02,0.005,0.015,0.0,0.03,0.03,0.03,0.035,0.045,0.12,0.09,0.065,0.0,0.135,0.01,0.015
8,19,,0.045,0.07,0.015,0.02,0.025,0.005,0.035,0.03,0.135,0.02,0.0,0.02,0.01,0.01,0.03,0.01,0.045,0.015,0.045,0.16,0.08,0.04,0.03,0.02,0.085
8,19,,0.02,0.07,0.005,0.04,0.01,0.005,0.005,0.025,0.085,0.015,0.01,0.045,0.025,0.01,0.05,0.005,0.08,0.03,0.03,0.26,0.065,0.04,0.01,0.015,0.045
9,5,,0.0,0.09,0.0,0.015,0.0,0.19,0.055,0.095,0.04,0.01,0.015,0.085,0.0,0.19,0.035,0.01,0.015,0.005,0.005,0.05,0.02,0.025,0.01,0.01,0.03
9,9,,0.0,0.005,0.0,0.035,0.005,0.0,0.005,0.01,0.01,0.395,0.0,0.05,0.01,0.0,0.005,0.005,0.0,0.01,0.0,0.34,0.0,0.0,0.0,0.0,0.115
9,9,,0.005,0.0,0.005,0.015,0.01,0.0,0.005,0.035,0.01,0.45,0.01,0.015,0.005,0.0,0.01,0.01,0.0,0.065,0.0,0.31,0.0,0.0,0.0,0.01,0.03
9,5,,0.035,0.01,0.0,0.0,0.0,0.655,0.015,0.005,0.005,0.01,0.01,0.0,0.0,0.085,0.01,0.015,0.0,0.0,0.04,0.0,0.045,0.015,0.025,0.0,0.02
9,9,,0.0,0.0,0.0,0.025,0.01,0.0,0.005,0.02,0.01,0.66,0.0,0.005,0.01,0.0,0.01,0.005,0.005,0.005,0.005,0.205,0.0,0.005,0.0,0.0,0.015
9,5,,0.025,0.02,0.0,0.0,0.0,0.495,0.05,0.01,0.02,0.005,0.04,0.015,0.005,0.125,0.05,0.015,0.0,0.005,0.0,0.02,0.04,0.0,0.03,0.01,0.02
9,9,,0.0,0.0,0.0,0.04,0.005,0.0,0.0,0.005,0.02,0.53,0.005,0.025,0.015,0.0,0.01,0.01,0.0,0.03,0.0,0.245,0.0,0.005,0.0,0.005,0.05
9,5,,0.025,0.005,0.005,0.0,0.0,0.515,0.02,0.035,0.095,0.02,0.02,0.0,0.005,0.09,0.005,0.02,0.005,0.0,0.01,0.035,0.005,0.005,0.04,0.005,0.035
9,19,,0.015,0.035,0.01,0.07,0.025,0.0,0.0,0.02,0.03,0.19,0.0,0.05,0.03,0.0,0.045,0.0,0.0,0.125,0.005,0.29,0.01,0.015,0.005,0.01,0.02
9,19,,0.01,0.02,0.0,0.145,0.02,0.0,0.0,0.015,0.025,0.155,0.005,0.065,0.035,0.005,0.035,0.005,0.0,0.085,0.0,0.3,0.005,0.01,0.015,0.01,0.035
9,5,,0.015,0.05,0.01,0.005,0.0,0.555,0.01,0.01,0.065,0.005,0.01,0.01,0.0,0.12,0.01,0.005,0.01,0.0,0.0,0.02,0.015,0.025,0.02,0.005,0.025
9,5,,0.03,0.015,0.005,0.0,0.0,0.415,0.065,0.01,0.05,0.005,0.035,0.005,0.005,0.145,0.03,0.005,0.0,0.005,0.0,0.025,0.04,0.01,0.04,0.03,0.03
9,23,,0.01,0.02,0.005,0.095,0.09,0.0,0.02,0.01,0.045,0.16,0.0,0.095,0.03,0.005,0.015,0.025,0.005,0.04,0.0,0.095,0.0,0.03,0.01,0.17,0.025
9,5,,0.015,0.03,0.0,0.0,0.0,0.53,0.015,0.01,0.055,0.0,0.015,0.005,0.01,0.14,0.01,0.01,0.01,0.01,0.02,0.045,0.01,0.0,0.045,0.0,0.015
9,5,,0.02,0.015,0.0,0.005,0.0,0.665,0.015,0.01,0.04,0.0,0.03,0.0,0.0,0.065,0.0,0.02,0.0,0.0,0.01,0.015,0.035,0.0,0.02,0.01,0.025
9,5,,0.01,0.055,0.02,0.02,0.0,0.175,0.05,0.015,0.11,0.02,0.035,0.02,0.015,0.045,0.09,0.025,0.01,0.005,0.0,0.095,0.02,0.07,0.015,0.04,0.04
9,9,,0.005,0.02,0.01,0.055,0.05,0.0,0.02,0.015,0.03,0.3,0.0,0.075,0.02,0.0,0.015,0.0,0.0,0.05,0.005,0.095,0.0,0.005,0.0,0.19,0.04
9,19,,0.03,0.065,0.0,0.14,0.025,0.0,0.015,0.015,0.035,0.015,0.0,0.045,0.01,0.0,0.03,0.01,0.02,0.045,0.005,0.345,0.02,0.005,0.015,0.02,0.09
9,9,,0.0,0.0,0.005,0.02,0.0,0.0,0.01,0.01,0.01,0.54,0.005,0.005,0.0,0.0,0.0,0.005,0.005,0.025,0.0,0.29,0.0,0.0,0.0,0.005,0.065
9,5,,0.05,0.02,0.005,0.005,0.0,0.275,0.06,0.01,0.055,0.005,0.04,0.0,0.0,0.105,0.02,0.01,0.005,0.005,0.03,0.06,0.14,0.015,0.025,0.01,0.05
9,5,,0.05,0.035,0.035,0.015,0.0,0.325,0.05,0.01,0.045,0.02,0.03,0.0,0.0,0.12,0.05,0.005,0.005,0.005,0.035,0.05,0.03,0.03,0.0,0.03,0.025
9,7,,0.025,0.11,0.005,0.06,0.02,0.115,0.02,0.145,0.045,0.025,0.01,0.055,0.01,0.115,0.055,0.005,0.0,0.005,0.025,0.05,0.02,0.01,0.035,0.005,0.03
10,20,,0.055,0.07,0.005,0.025,0.015,0.07,0.04,0.02,0.05,0.0,0.04,0.025,0.0,0.02,0.035,0.03,0.04,0.055,0.045,0.09,0.13,0.015,0.035,0.055,0.035
10,5,,0.035,0.09,0.01,0.005,0.005,0.24,0.065,0.005,0.02,0.0,0.145,0.025,0.005,0.145,0.05,0.005,0.01,0.0,0.0,0.04,0.02,0.02,0.035,0.015,0.01
10,1,,0.05,0.16,0.01,0.04,0.035,0.0,0.025,0.035,0.035,0.0,0.03,0.075,0.035,0.02,0.03,0.01,0.085,0.01,0.01,0.085,0.05,0.005,0.01,0.13,0.025
10,23,,0.025,0.015,0.09,0.065,0.01,0.0,0.025,0.05,0.02,0.0,0.005,0.04,0.1,0.0,0.015,0.01,0.06,0.0,0.01,0.11,0.02,0.04,0.0,0.27,0.02
10,10,,0.105,0.055,0.015,0.025,0.015,0.03,0.035,0.005,0.05,0.01,0.175,0.01,0.035,0.03,0.045,0.01,0.015,0.005,0.01,0.04,0.075,0.03,0.02,0.135,0.02
10,19,,0.08,0.05,0.03,0.11,0.07,0.01,0.03,0.025,0.035,0.015,0.025,0.045,0.075,0.005,0.025,0.0,0.05,0.0,0.005,0.125,0.015,0.055,0.005,0.09,0.025
10,14,,0.03,0.03,0.005,0.01,0.015,0.1,0.03,0.02,0.08,0.015,0.085,0.035,0.005,0.055,0.15,0.04,0.025,0.0,0.015,0.035,0.05,0.01,0.09,0.03,0.04
10,11,,0.115,0.06,0.04,0.035,0.025,0.015,0.075,0.025,0.055,0.0,0.03,0.17,0.035,0.005,0.03,0.005,0.04,0.0,0.01,0.065,0.05,0.025,0.005,0.07,0.015
10,10,,0.08,0.105,0.015,0.015,0.005,0.05,0.065,0.015,0.03,0.01,0.235,0.01,0.015,0.05,0.05,0.01,0.005,0.0,0.01,0.035,0.04,0.09,0.005,0.04,0.015
10,19,,0.025,0.07,0.02,0.025,0.005,0.05,0.055,0.015,0.02,0.005,0.04,0.105,0.03,0.055,0.085,0.035,0.02,0.005,0.01,0.11,0.045,0.08,0.03,0.035,0.025
11,1,,0.005,0.385,0.055,0.01,0.0,0.015,0.02,0.015,0.0,0.0,0.0,0.19,0.035,0.01,0.115,0.0,0.0,0.0,0.0,0.085,0.0,0.025,0.005,0.025,0.005
11,11,,0.0,0.0,0.005,0.005,0.0,0.005,0.0,0.015,0.005,0.0,0.0,0.88,0.0,0.005,0.0,0.0,0.0,0.0,0.0,0.075,0.0,0.0,0.0,0.005,0.0
11,11,,0.025,0.04,0.015,0.005,0.0,0.015,0.015,0.025,0.005,0.005,0.005,0.72,0.0,0.0,0.05,0.0,0.0,0.0,0.0,0.04,0.0,0.015,0.005,0.01,0.005
11,4,,0.02,0.1,0.005,0.02,0.14,0.005,0.02,0.03,0.065,0.005,0.005,0.115,0.01,0.005,0.09,0.035,0.015,0.025,0.005,0.055,0.045,0.01,0.04,0.065,0.07
11,11,,0.0,0.005,0.0,0.005,0.0,0.0,0.0,0.0,0.0,0.0,0.0,0.98,0.0,0.0,0.0,0.0,0.0,0.0,0.0,0.01,0.0,0.0,0.0,0.0,0.0
11,11,,0.0,0.0,0.0,0.0,0.0,0.0,0.0,0.0,0.0,0.0,0.0,1.0,0.0,0.0,0.0,0.0,0.0,0.0,0.0,0.0,0.0,0.0,0.0,0.0,0.0
11,11,,0.0,0.005,0.0,0.005,0.0,0.0,0.0,0.005,0.0,0.0,0.0,0.965,0.0,0.0,0.0,0.0,0.0,0.0,0.0,0.015,0.0,0.005,0.0,0.0,0.0
11,11,,0.06,0.06,0.005,0.005,0.025,0.045,0.035,0.02,0.065,0.005,0.005,0.14,0.015,0.025,0.08,0.085,0.005,0.005,0.005,0.03,0.075,0.01,0.105,0.045,0.045
11,11,,0.0,0.0,0.0,0.0,0.0,0.0,0.0,0.07,0.0,0.0,0.0,0.885,0.0,0.0,0.0,0.0,0.0,0.0,0.0,0.025,0.0,0.005,0.0,0.015,0.0
11,11,,0.0,0.005,0.005,0.025,0.0,0.0,0.0,0.02,0.0,0.0,0.0,0.855,0.005,0.0,0.015,0.0,0.0,0.0,0.0,0.045,0.0,0.015,0.0,0.01,0.0
11,11,,0.0,0.0,0.0,0.0,0.0,0.0,0.0,0.01,0.0,0.0,0.0,0.98,0.0,0.0,0.0,0.0,0.0,0.0,0.0,0.01,0.0,0.0,0.0,0.0,0.0
11,11,,0.0,0.0,0.0,0.0,0.0,0.0,0.0,0.02,0.0,0.0,0.0,0.895,0.0,0.0,0.005,0.0,0.0,0.0,0.0,0.08,0.0,0.0,0.0,0.0,0.0
11,11,,0.0,0.0,0.0,0.0,0.0,0.0,0.0,0.01,0.0,0.0,0.0,0.965,0.005,0.0,0.005,0.0,0.0,0.0,0.0,0.015,0.0,0.0,0.0,0.0,0.0
11,11,,0.0,0.01,0.0,0.0,0.0,0.0,0.0,0.04,0.0,0.0,0.0,0.86,0.0,0.0,0.0,0.0,0.0,0.0,0.0,0.07,0.0,0.015,0.0,0.005,0.0
11,11,,0.0,0.005,0.0,0.0,0.0,0.0,0.0,0.005,0.0,0.0,0.0,0.95,0.0,0.0,0.0,0.0,0.0,0.0,0.0,0.035,0.0,0.0,0.0,0.005,0.0
11,11,,0.0,0.0,0.0,0.0,0.0,0.0,0.0,0.0,0.0,0.0,0.0,1.0,0.0,0.0,0.0,0.0,0.0,0.0,0.0,0.0,0.0,0.0,0.0,0.0,0.0
11,11,,0.0,0.005,0.0,0.005,0.0,0.0,0.01,0.0,0.0,0.0,0.0,0.945,0.0,0.0,0.0,0.005,0.0,0.0,0.0,0.02,0.0,0.0,0.0,0.01,0.0
11,11,,0.0,0.01,0.005,0.025,0.005,0.005,0.0,0.085,0.0,0.005,0.0,0.68,0.015,0.015,0.02,0.005,0.0,0.0,0.0,0.075,0.005,0.005,0.005,0.035,0.0
11,11,,0.01,0.015,0.015,0.12,0.005,0.0,0.02,0.035,0.045,0.04,0.0,0.4,0.095,0.0,0.015,0.0,0.015,0.005,0.005,0.075,0.005,0.025,0.005,0.03,0.02
11,11,,0.03,0.03,0.005,0.075,0.125,0.0,0.025,0.045,0.04,0.035,0.0,0.175,0.025,0.005,0.115,0.015,0.005,0.03,0.0,0.045,0.02,0.015,0.015,0.09,0.035
11,11,,0.0,0.02,0.0,0.01,0.015,0.0,0.005,0.025,0.01,0.0,0.0,0.705,0.01,0.0,0.04,0.005,0.0,0.01,0.0,0.035,0.0,0.01,0.0,0.09,0.01
11,11,,0.0,0.04,0.015,0.005,0.0,0.0,0.0,0.02,0.0,0.0,0.0,0.82,0.0,0.01,0.01,0.0,0.0,0.0,0.0,0.065,0.0,0.005,0.0,0.005,0.005
11,11,,0.0,0.005,0.0,0.005,0.0,0.0,0.0,0.02,0.0,0.0,0.0,0.945,0.0,0.0,0.0,0.0,0.0,0.0,0.0,0.02,0.0,0.0,0.0,0.005,0.0
11,11,,0.0,0.0,0.0,0.01,0.02,0.005,0.0,0.07,0.005,0.0,0.0,0.735,0.0,0.01,0.005,0.015,0.0,0.0,0.0,0.025,0.005,0.02,0.0,0.055,0.02
11,11,,0.005,0.015,0.005,0.01,0.0,0.005,0.005,0.01,0.0,0.005,0.0,0.86,0.0,0.0,0.015,0.0,0.0,0.0,0.0,0.055,0.0,0.0,0.0,0.01,0.0
11,11,,0.0,0.0,0.0,0.005,0.0,0.0,0.0,0.0,0.0,0.0,0.0,0.97,0.005,0.0,0.0,0.0,0.0,0.0,0.0,0.015,0.0,0.0,0.0,0.005,0.0
11,11,,0.0,0.0,0.0,0.005,0.0,0.0,0.0,0.005,0.0,0.0,0.0,0.955,0.0,0.0,0.0,0.0,0.0,0.0,0.0,0.035,0.0,0.0,0.0,0.0,0.0
11,11,,0.0,0.0,0.0,0.03,0.0,0.0,0.0,0.01,0.005,0.0,0.0,0.9,0.005,0.0,0.005,0.0,0.0,0.0,0.0,0.02,0.0,0.025,0.0,0.0,0.0
11,11,,0.0,0.0,0.0,0.0,0.0,0.0,0.0,0.015,0.0,0.0,0.0,0.945,0.0,0.0,0.0,0.0,0.0,0.0,0.0,0.04,0.0,0.0,0.0,0.0,0.0
11,11,,0.115,0.02,0.01,0.03,0.0,0.0,0.035,0.02,0.065,0.005,0.0,0.305,0.04,0.01,0.025,0.005,0.005,0.0,0.0,0.08,0.01,0.09,0.005,0.105,0.02
11,11,,0.045,0.125,0.0,0.035,0.01,0.005,0.045,0.045,0.015,0.01,0.005,0.195,0.065,0.025,0.085,0.0,0.01,0.015,0.0,0.15,0.025,0.05,0.01,0.03,0.0
11,11,,0.01,0.01,0.0,0.02,0.01,0.005,0.0,0.1,0.005,0.0,0.0,0.545,0.005,0.0,0.025,0.04,0.005,0.0,0.005,0.065,0.015,0.03,0.0,0.095,0.01
11,11,,0.0,0.0,0.0,0.0,0.0,0.0,0.0,0.0,0.0,0.0,0.0,0.995,0.0,0.0,0.0,0.0,0.0,0.0,0.0,0.0,0.0,0.0,0.0,0.005,0.0
11,11,,0.0,0.0,0.0,0.0,0.0,0.0,0.0,0.0,0.0,0.0,0.0,0.99,0.0,0.005,0.005,0.0,0.0,0.0,0.0,0.0,0.0,0.0,0.0,0.0,0.0
11,21,,0.005,0.015,0.105,0.06,0.02,0.0,0.0,0.11,0.015,0.0,0.005,0.115,0.15,0.005,0.005,0.005,0.005,0.0,0.01,0.04,0.0,0.16,0.005,0.16,0.005
11,11,,0.0,0.005,0.0,0.0,0.0,0.0,0.0,0.01,0.0,0.0,0.0,0.975,0.005,0.0,0.0,0.0,0.0,0.0,0.0,0.005,0.0,0.0,0.0,0.0,0.0
11,11,,0.0,0.0,0.0,0.0,0.0,0.0,0.0,0.005,0.0,0.0,0.0,0.96,0.0,0.0,0.0,0.0,0.005,0.0,0.0,0.025,0.0,0.0,0.0,0.005,0.0
11,11,,0.0,0.06,0.0,0.0,0.005,0.015,0.0,0.095,0.0,0.0,0.0,0.63,0.005,0.02,0.025,0.0,0.0,0.0,0.0,0.1,0.0,0.02,0.005,0.01,0.01
11,11,,0.0,0.005,0.0,0.0,0.0,0.0,0.0,0.0,0.0,0.0,0.0,0.975,0.0,0.0,0.005,0.0,0.0,0.0,0.0,0.005,0.0,0.005,0.0,0.005,0.0
11,11,,0.0,0.005,0.0,0.005,0.0,0.005,0.005,0.04,0.005,0.0,0.0,0.865,0.0,0.0,0.0,0.0,0.0,0.005,0.0,0.05,0.0,0.005,0.0,0.01,0.0
11,5,,0.02,0.025,0.0,0.005,0.03,0.13,0.015,0.05,0.095,0.01,0.03,0.045,0.01,0.06,0.075,0.06,0.01,0.01,0.015,0.045,0.07,0.01,0.11,0.02,0.05
11,11,,0.0,0.015,0.0,0.015,0.0,0.0,0.0,0.005,0.0,0.005,0.0,0.835,0.01,0.01,0.025,0.0,0.0,0.0,0.0,0.08,0.0,0.0,0.0,0.0,0.0
11,23,,0.04,0.1,0.005,0.07,0.07,0.01,0.025,0.035,0.035,0.015,0.025,0.085,0.01,0.0,0.085,0.035,0.01,0.015,0.015,0.045,0.06,0.005,0.055,0.11,0.04
11,11,,0.0,0.01,0.0,0.01,0.0,0.0,0.005,0.0,0.0,0.0,0.0,0.94,0.0,0.0,0.005,0.0,0.0,0.0,0.0,0.03,0.0,0.0,0.0,0.0,0.0
11,11,,0.0,0.005,0.0,0.0,0.0,0.0,0.0,0.005,0.0,0.0,0.0,0.965,0.005,0.0,0.01,0.0,0.0,0.0,0.0,0.005,0.0,0.0,0.0,0.005,0.0
11,11,,0.0,0.0,0.0,0.0,0.0,0.005,0.0,0.04,0.005,0.0,0.0,0.9,0.0,0.0,0.0,0.0,0.005,0.0,0.0,0.04,0.0,0.0,0.0,0.005,0.0
11,11,,0.05,0.01,0.015,0.04,0.015,0.01,0.03,0.035,0.015,0.01,0.0,0.515,0.03,0.005,0.025,0.01,0.005,0.0,0.005,0.07,0.0,0.04,0.01,0.045,0.01
11,11,,0.03,0.065,0.03,0.0,0.035,0.015,0.04,0.01,0.025,0.01,0.02,0.42,0.01,0.0,0.02,0.035,0.0,0.0,0.005,0.025,0.015,0.02,0.015,0.125,0.03
11,11,,0.0,0.005,0.0,0.0,0.005,0.0,0.0,0.03,0.0,0.0,0.0,0.875,0.0,0.0,0.005,0.005,0.0,0.0,0.0,0.025,0.0,0.005,0.0,0.045,0.0
11,11,,0.01,0.01,0.005,0.015,0.0,0.015,0.005,0.03,0.005,0.0,0.0,0.825,0.005,0.005,0.015,0.005,0.0,0.005,0.0,0.04,0.0,0.0,0.0,0.005,0.0
11,11,,0.0,0.0,0.005,0.0,0.0,0.005,0.0,0.0,0.005,0.0,0.0,0.93,0.01,0.0,0.0,0.0,0.0,0.0,0.0,0.045,0.0,0.0,0.0,0.0,0.0
11,11,,0.0,0.01,0.0,0.0,0.005,0.0,0.0,0.01,0.005,0.0,0.0,0.91,0.0,0.0,0.0,0.0,0.0,0.0,0.0,0.035,0.0,0.005,0.005,0.015,0.0
11,11,,0.0,0.02,0.0,0.01,0.0,0.0,0.0,0.005,0.0,0.0,0.0,0.92,0.01,0.005,0.0,0.0,0.0,0.0,0.0,0.025,0.0,0.005,0.0,0.0,0.0
11,11,,0.0,0.0,0.005,0.0,0.0,0.0,0.0,0.02,0.005,0.0,0.0,0.935,0.0,0.0,0.0,0.0,0.0,0.0,0.0,0.03,0.0,0.0,0.0,0.005,0.0
11,11,,0.01,0.01,0.005,0.005,0.0,0.0,0.005,0.015,0.0,0.0,0.01,0.83,0.01,0.02,0.02,0.0,0.0,0.0,0.0,0.02,0.0,0.005,0.0,0.035,0.0
11,11,,0.0,0.015,0.0,0.0,0.0,0.005,0.0,0.015,0.0,0.0,0.0,0.905,0.005,0.0,0.005,0.0,0.0,0.0,0.0,0.045,0.0,0.0,0.0,0.005,0.0
11,11,,0.0,0.025,0.12,0.065,0.0,0.0,0.005,0.105,0.015,0.01,0.005,0.185,0.165,0.0,0.005,0.0,0.005,0.005,0.0,0.04,0.0,0.13,0.005,0.1,0.01
11,11,,0.0,0.005,0.0,0.0,0.0,0.0,0.0,0.005,0.005,0.0,0.0,0.95,0.005,0.0,0.0,0.0,0.0,0.0,0.0,0.02,0.0,0.0,0.0,0.01,0.0
11,11,,0.0,0.0,0.0,0.0,0.0,0.0,0.0,0.0,0.0,0.0,0.0,1.0,0.0,0.0,0.0,0.0,0.0,0.0,0.0,0.0,0.0,0.0,0.0,0.0,0.0
11,11,,0.0,0.0,0.0,0.0,0.0,0.0,0.0,0.03,0.0,0.0,0.0,0.84,0.005,0.0,0.0,0.0,0.0,0.0,0.0,0.105,0.0,0.015,0.0,0.005,0.0
11,11,,0.005,0.01,0.0,0.0,0.0,0.0,0.0,0.03,0.0,0.01,0.0,0.865,0.0,0.01,0.005,0.0,0.0,0.0,0.0,0.06,0.0,0.005,0.0,0.0,0.0
11,21,,0.005,0.015,0.01,0.04,0.005,0.01,0.005,0.055,0.04,0.01,0.0,0.055,0.055,0.0,0.03,0.02,0.025,0.01,0.0,0.195,0.01,0.365,0.005,0.015,0.02
11,11,,0.0,0.0,0.0,0.0,0.0,0.0,0.0,0.0,0.0,0.0,0.0,0.975,0.005,0.0,0.0,0.0,0.0,0.0,0.0,0.02,0.0,0.0,0.0,0.0,0.0
11,11,,0.0,0.005,0.0,0.015,0.0,0.0,0.005,0.005,0.0,0.0,0.0,0.925,0.0,0.0,0.0,0.005,0.0,0.0,0.0,0.035,0.0,0.0,0.0,0.005,0.0
11,11,,0.0,0.0,0.0,0.0,0.0,0.0,0.0,0.0,0.0,0.0,0.0,1.0,0.0,0.0,0.0,0.0,0.0,0.0,0.0,0.0,0.0,0.0,0.0,0.0,0.0
11,11,,0.005,0.0,0.0,0.0,0.0,0.0,0.0,0.0,0.0,0.0,0.0,0.97,0.0,0.005,0.005,0.0,0.0,0.0,0.0,0.005,0.0,0.0,0.0,0.01,0.0
11,11,,0.0,0.0,0.005,0.005,0.0,0.01,0.0,0.07,0.0,0.005,0.0,0.705,0.005,0.01,0.005,0.0,0.0,0.0,0.0,0.17,0.0,0.005,0.0,0.005,0.0
11,12,,0.005,0.025,0.115,0.07,0.005,0.005,0.005,0.095,0.025,0.005,0.01,0.105,0.235,0.0,0.005,0.005,0.01,0.005,0.0,0.04,0.0,0.11,0.01,0.105,0.005
11,11,,0.0,0.005,0.0,0.0,0.0,0.0,0.0,0.0,0.0,0.0,0.0,0.97,0.0,0.0,0.0,0.0,0.0,0.0,0.0,0.025,0.0,0.0,0.0,0.0,0.0
11,11,,0.0,0.005,0.0,0.005,0.0,0.0,0.0,0.015,0.0,0.0,0.0,0.95,0.0,0.0,0.0,0.0,0.0,0.0,0.0,0.015,0.0,0.0,0.0,0.01,0.0
11,11,,0.0,0.005,0.0,0.015,0.0,0.0,0.0,0.005,0.0,0.0,0.0,0.925,0.0,0.005,0.01,0.0,0.0,0.0,0.0,0.01,0.0,0.0,0.0,0.025,0.0
11,11,,0.0,0.0,0.0,0.0,0.0,0.0,0.0,0.0,0.0,0.0,0.0,0.99,0.0,0.0,0.0,0.0,0.0,0.0,0.0,0.01,0.0,0.0,0.0,0.0,0.0
11,11,,0.0,0.0,0.005,0.0,0.0,0.0,0.0,0.005,0.0,0.0,0.0,0.975,0.0,0.005,0.0,0.0,0.0,0.0,0.0,0.005,0.0,0.0,0.0,0.005,0.0
11,11,,0.0,0.005,0.005,0.0,0.0,0.0,0.0,0.005,0.0,0.0,0.0,0.87,0.0,0.0,0.0,0.005,0.0,0.0,0.0,0.01,0.0,0.0,0.0,0.1,0.0
11,11,,0.0,0.005,0.0,0.0,0.0,0.005,0.0,0.005,0.0,0.0,0.0,0.955,0.0,0.0,0.01,0.0,0.0,0.0,0.0,0.02,0.0,0.0,0.0,0.0,0.0
11,11,,0.0,0.0,0.0,0.0,0.0,0.0,0.0,0.015,0.0,0.0,0.0,0.96,0.0,0.005,0.0,0.0,0.0,0.0,0.0,0.02,0.0,0.0,0.0,0.0,0.0
11,11,,0.0,0.0,0.0,0.0,0.0,0.0,0.0,0.0,0.0,0.0,0.0,0.94,0.0,0.0,0.0,0.0,0.0,0.0,0.0,0.06,0.0,0.0,0.0,0.0,0.0
11,11,,0.0,0.01,0.0,0.005,0.0,0.0,0.0,0.005,0.005,0.0,0.0,0.94,0.0,0.0,0.0,0.0,0.0,0.0,0.0,0.035,0.0,0.0,0.0,0.0,0.0
11,11,,0.0,0.005,0.0,0.005,0.0,0.0,0.0,0.005,0.0,0.0,0.0,0.945,0.0,0.0,0.0,0.0,0.0,0.0,0.0,0.04,0.0,0.0,0.0,0.0,0.0
11,11,,0.0,0.01,0.0,0.005,0.0,0.0,0.0,0.02,0.0,0.0,0.0,0.95,0.0,0.0,0.0,0.0,0.0,0.0,0.0,0.015,0.0,0.0,0.0,0.0,0.0
11,11,,0.01,0.0,0.0,0.0,0.0,0.0,0.0,0.02,0.01,0.0,0.0,0.905,0.0,0.0,0.005,0.0,0.0,0.0,0.0,0.02,0.0,0.005,0.005,0.02,0.0
11,11,,0.0,0.0,0.0,0.0,0.0,0.0,0.0,0.0,0.0,0.0,0.0,0.98,0.0,0.0,0.0,0.0,0.0,0.0,0.0,0.02,0.0,0.0,0.0,0.0,0.0
11,11,,0.0,0.0,0.0,0.0,0.0,0.0,0.0,0.0,0.0,0.0,0.0,0.99,0.0,0.0,0.0,0.0,0.0,0.0,0.0,0.005,0.0,0.0,0.0,0.005,0.0
11,11,,0.0,0.035,0.005,0.025,0.01,0.0,0.005,0.055,0.0,0.0,0.01,0.695,0.0,0.0,0.025,0.01,0.0,0.01,0.005,0.02,0.005,0.02,0.0,0.06,0.005
11,11,,0.005,0.005,0.0,0.0,0.0,0.0,0.0,0.015,0.0,0.0,0.0,0.935,0.005,0.0,0.0,0.0,0.0,0.0,0.0,0.03,0.0,0.0,0.0,0.005,0.0
11,11,,0.0,0.01,0.0,0.02,0.005,0.02,0.005,0.085,0.0,0.0,0.0,0.65,0.0,0.005,0.01,0.005,0.0,0.0,0.0,0.145,0.0,0.02,0.0,0.015,0.005
11,11,,0.0,0.0,0.0,0.01,0.0,0.0,0.0,0.005,0.0,0.0,0.0,0.975,0.0,0.0,0.0,0.0,0.0,0.0,0.0,0.01,0.0,0.0,0.0,0.0,0.0
11,11,,0.0,0.005,0.0,0.03,0.005,0.0,0.005,0.02,0.0,0.015,0.0,0.765,0.01,0.0,0.04,0.0,0.0,0.0,0.0,0.035,0.0,0.01,0.0,0.06,0.0
11,11,,0.0,0.0,0.0,0.005,0.0,0.0,0.0,0.0,0.0,0.0,0.0,0.975,0.0,0.0,0.0,0.0,0.0,0.0,0.0,0.015,0.0,0.0,0.0,0.005,0.0
11,11,,0.0,0.01,0.0,0.0,0.0,0.0,0.0,0.005,0.0,0.0,0.0,0.95,0.0,0.0,0.0,0.0,0.0,0.0,0.0,0.015,0.0,0.005,0.0,0.015,0.0
11,11,,0.0,0.0,0.0,0.0,0.0,0.0,0.0,0.005,0.0,0.0,0.0,0.995,0.0,0.0,0.0,0.0,0.0,0.0,0.0,0.0,0.0,0.0,0.0,0.0,0.0
11,11,,0.005,0.025,0.0,0.015,0.0,0.02,0.01,0.095,0.0,0.005,0.005,0.655,0.005,0.015,0.03,0.0,0.0,0.005,0.0,0.085,0.005,0.015,0.0,0.005,0.0
11,19,,0.0,0.03,0.0,0.04,0.01,0.0,0.0,0.005,0.045,0.145,0.0,0.14,0.005,0.0,0.025,0.005,0.01,0.015,0.005,0.28,0.0,0.005,0.01,0.005,0.22
11,11,,0.0,0.005,0.0,0.02,0.0,0.0,0.0,0.01,0.005,0.0,0.0,0.84,0.0,0.0,0.015,0.0,0.0,0.0,0.0,0.095,0.0,0.0,0.0,0.01,0.0
11,11,,0.005,0.04,0.0,0.03,0.045,0.01,0.01,0.065,0.035,0.03,0.01,0.24,0.01,0.015,0.055,0.03,0.005,0.015,0.005,0.05,0.04,0.005,0.005,0.195,0.05
11,11,,0.0,0.01,0.0,0.02,0.005,0.0,0.01,0.05,0.005,0.015,0.0,0.745,0.0,0.005,0.02,0.0,0.0,0.005,0.0,0.04,0.0,0.015,0.005,0.045,0.005
11,11,,0.0,0.005,0.0,0.0,0.0,0.0,0.0,0.03,0.0,0.0,0.0,0.93,0.0,0.0,0.0,0.0,0.0,0.0,0.0,0.03,0.0,0.005,0.0,0.0,0.0
11,11,,0.0,0.0,0.0,0.005,0.0,0.0,0.0,0.005,0.0,0.0,0.0,0.93,0.0,0.0,0.005,0.0,0.0,0.0,0.0,0.01,0.0,0.0,0.0,0.045,0.0
11,11,,0.0,0.015,0.055,0.05,0.0,0.005,0.0,0.025,0.005,0.005,0.0,0.565,0.08,0.0,0.01,0.005,0.0,0.0,0.005,0.07,0.005,0.055,0.0,0.035,0.01
11,11,,0.02,0.02,0.0,0.04,0.01,0.0,0.02,0.03,0.005,0.01,0.0,0.64,0.01,0.01,0.035,0.01,0.0,0.005,0.0,0.045,0.005,0.03,0.0,0.05,0.005
11,11,,0.005,0.005,0.0,0.01,0.0,0.0,0.0,0.01,0.0,0.0,0.0,0.96,0.0,0.0,0.0,0.0,0.0,0.0,0.0,0.01,0.0,0.0,0.0,0.0,0.0
11,11,,0.01,0.015,0.0,0.015,0.035,0.015,0.02,0.05,0.025,0.005,0.02,0.275,0.02,0.01,0.045,0.07,0.01,0.0,0.0,0.05,0.015,0.03,0.01,0.22,0.035
11,11,,0.0,0.005,0.0,0.0,0.0,0.0,0.0,0.0,0.0,0.0,0.0,0.99,0.0,0.0,0.0,0.005,0.0,0.0,0.0,0.0,0.0,0.0,0.0,0.0,0.0
11,11,,0.005,0.005,0.005,0.01,0.0,0.0,0.005,0.02,0.0,0.0,0.0,0.81,0.015,0.01,0.01,0.0,0.0,0.0,0.0,0.045,0.0,0.0,0.0,0.06,0.0
11,11,,0.01,0.0,0.0,0.0,0.0,0.0,0.0,0.02,0.0,0.0,0.005,0.92,0.0,0.0,0.0,0.0,0.0,0.0,0.0,0.025,0.005,0.0,0.0,0.015,0.0
11,11,,0.0,0.0,0.0,0.0,0.0,0.0,0.0,0.0,0.0,0.0,0.0,1.0,0.0,0.0,0.0,0.0,0.0,0.0,0.0,0.0,0.0,0.0,0.0,0.0,0.0
11,11,,0.0,0.0,0.0,0.0,0.0,0.0,0.0,0.0,0.0,0.0,0.0,0.995,0.0,0.0,0.0,0.0,0.0,0.0,0.0,0.005,0.0,0.0,0.0,0.0,0.0
11,11,,0.0,0.0,0.0,0.005,0.0,0.0,0.0,0.005,0.01,0.0,0.0,0.97,0.0,0.0,0.0,0.0,0.0,0.0,0.0,0.01,0.0,0.0,0.0,0.0,0.0
11,11,,0.0,0.0,0.0,0.0,0.0,0.0,0.0,0.0,0.0,0.0,0.0,0.99,0.0,0.0,0.0,0.0,0.0,0.0,0.0,0.01,0.0,0.0,0.0,0.0,0.0
11,11,,0.005,0.01,0.0,0.005,0.01,0.0,0.005,0.07,0.0,0.0,0.0,0.675,0.005,0.005,0.025,0.005,0.0,0.005,0.0,0.115,0.0,0.015,0.0,0.045,0.0
11,14,,0.025,0.065,0.01,0.035,0.02,0.01,0.025,0.045,0.03,0.01,0.02,0.135,0.025,0.015,0.14,0.12,0.0,0.005,0.01,0.045,0.025,0.025,0.02,0.105,0.035
11,11,,0.0,0.0,0.0,0.0,0.0,0.0,0.0,0.005,0.0,0.0,0.0,0.955,0.0,0.0,0.0,0.0,0.0,0.0,0.0,0.04,0.0,0.0,0.0,0.0,0.0
11,11,,0.0,0.015,0.005,0.0,0.0,0.0,0.0,0.01,0.0,0.0,0.0,0.925,0.0,0.0,0.0,0.0,0.0,0.0,0.0,0.04,0.0,0.0,0.0,0.005,0.0
11,11,,0.0,0.005,0.0,0.02,0.0,0.0,0.0,0.005,0.0,0.005,0.0,0.91,0.01,0.0,0.005,0.0,0.0,0.0,0.0,0.035,0.0,0.0,0.0,0.005,0.0
11,11,,0.01,0.065,0.005,0.065,0.07,0.0,0.015,0.02,0.075,0.065,0.0,0.135,0.005,0.005,0.105,0.02,0.01,0.03,0.0,0.09,0.005,0.0,0.01,0.08,0.115
11,11,,0.0,0.01,0.0,0.0,0.0,0.0,0.0,0.07,0.0,0.0,0.0,0.815,0.0,0.005,0.0,0.0,0.0,0.0,0.0,0.065,0.0,0.005,0.0,0.03,0.0
11,11,,0.0,0.015,0.075,0.025,0.0,0.0,0.0,0.015,0.01,0.005,0.0,0.53,0.1,0.015,0.01,0.0,0.0,0.0,0.005,0.015,0.0,0.15,0.0,0.03,0.0
11,11,,0.0,0.005,0.0,0.015,0.0,0.0,0.0,0.01,0.005,0.005,0.0,0.77,0.0,0.005,0.005,0.005,0.0,0.0,0.0,0.145,0.0,0.01,0.0,0.02,0.0
11,11,,0.005,0.01,0.005,0.01,0.0,0.02,0.005,0.045,0.015,0.0,0.0,0.735,0.0,0.01,0.045,0.005,0.0,0.0,0.0,0.06,0.005,0.01,0.005,0.005,0.005
11,11,,0.0,0.005,0.0,0.0,0.0,0.0,0.0,0.005,0.0,0.0,0.0,0.99,0.0,0.0,0.0,0.0,0.0,0.0,0.0,0.0,0.0,0.0,0.0,0.0,0.0
11,11,,0.0,0.0,0.0,0.0,0.0,0.0,0.0,0.0,0.0,0.0,0.0,1.0,0.0,0.0,0.0,0.0,0.0,0.0,0.0,0.0,0.0,0.0,0.0,0.0,0.0
11,11,,0.02,0.095,0.01,0.01,0.005,0.015,0.03,0.05,0.02,0.0,0.01,0.48,0.005,0.025,0.04,0.005,0.0,0.0,0.0,0.085,0.005,0.05,0.015,0.02,0.005
11,4,,0.05,0.09,0.0,0.025,0.11,0.025,0.01,0.06,0.025,0.04,0.015,0.07,0.015,0.015,0.1,0.05,0.005,0.0,0.01,0.03,0.075,0.015,0.04,0.07,0.055
11,11,,0.0,0.0,0.0,0.0,0.0,0.0,0.0,0.005,0.0,0.0,0.0,0.985,0.0,0.0,0.0,0.0,0.0,0.0,0.0,0.005,0.0,0.005,0.0,0.0,0.0
11,11,,0.0,0.0,0.0,0.0,0.0,0.0,0.0,0.01,0.0,0.0,0.0,0.98,0.0,0.005,0.0,0.0,0.0,0.0,0.0,0.005,0.0,0.0,0.0,0.0,0.0
11,1,,0.045,0.1,0.0,0.065,0.08,0.015,0.015,0.055,0.02,0.03,0.0,0.075,0.03,0.015,0.09,0.03,0.005,0.06,0.0,0.095,0.04,0.03,0.015,0.055,0.035
11,11,,0.0,0.005,0.0,0.02,0.0,0.0,0.005,0.005,0.005,0.005,0.0,0.865,0.015,0.0,0.005,0.0,0.0,0.0,0.0,0.045,0.0,0.015,0.005,0.005,0.0
11,11,,0.0,0.0,0.0,0.0,0.0,0.0,0.0,0.005,0.0,0.0,0.0,0.975,0.0,0.0,0.0,0.0,0.0,0.0,0.0,0.015,0.0,0.0,0.0,0.005,0.0
11,11,,0.0,0.0,0.0,0.0,0.0,0.0,0.0,0.0,0.0,0.0,0.0,0.995,0.0,0.0,0.0,0.0,0.0,0.0,0.0,0.0,0.0,0.0,0.0,0.005,0.0
11,1,,0.025,0.18,0.0,0.025,0.04,0.005,0.015,0.01,0.01,0.015,0.005,0.06,0.015,0.0,0.08,0.005,0.045,0.045,0.0,0.17,0.035,0.03,0.04,0.01,0.135
11,11,,0.025,0.025,0.005,0.0,0.0,0.0,0.01,0.03,0.005,0.0,0.005,0.78,0.0,0.0,0.025,0.0,0.0,0.0,0.0,0.015,0.005,0.02,0.005,0.04,0.005
11,11,,0.0,0.015,0.01,0.015,0.0,0.0,0.0,0.01,0.005,0.0,0.0,0.87,0.005,0.0,0.01,0.0,0.0,0.0,0.0,0.04,0.0,0.01,0.0,0.01,0.0
11,11,,0.01,0.005,0.0,0.0,0.0,0.0,0.0,0.005,0.005,0.0,0.0,0.925,0.0,0.0,0.005,0.0,0.0,0.0,0.0,0.015,0.0,0.005,0.005,0.02,0.0
11,11,,0.0,0.005,0.005,0.005,0.0,0.0,0.0,0.0,0.0,0.0,0.0,0.89,0.0,0.005,0.005,0.0,0.0,0.0,0.0,0.085,0.0,0.0,0.0,0.0,0.0
11,11,,0.0,0.015,0.0,0.025,0.0,0.01,0.0,0.13,0.005,0.0,0.0,0.64,0.005,0.005,0.005,0.0,0.0,0.0,0.0,0.125,0.0,0.01,0.0,0.025,0.0
11,11,,0.005,0.02,0.005,0.025,0.0,0.0,0.0,0.005,0.0,0.0,0.0,0.885,0.005,0.005,0.0,0.0,0.0,0.005,0.0,0.025,0.0,0.015,0.0,0.0,0.0
11,11,,0.0,0.015,0.005,0.015,0.0,0.015,0.0,0.06,0.0,0.0,0.0,0.645,0.01,0.005,0.01,0.005,0.0,0.0,0.0,0.185,0.0,0.015,0.0,0.015,0.0
11,11,,0.0,0.005,0.0,0.0,0.0,0.0,0.0,0.01,0.0,0.0,0.0,0.905,0.0,0.0,0.0,0.0,0.0,0.0,0.0,0.08,0.0,0.0,0.0,0.0,0.0
11,11,,0.0,0.005,0.0,0.0,0.0,0.0,0.0,0.0,0.0,0.0,0.0,0.94,0.005,0.0,0.005,0.0,0.0,0.0,0.0,0.045,0.0,0.0,0.0,0.0,0.0
11,11,,0.005,0.01,0.0,0.005,0.01,0.0,0.0,0.025,0.01,0.005,0.005,0.805,0.005,0.005,0.02,0.005,0.0,0.0,0.0,0.01,0.0,0.015,0.0,0.055,0.005
12,23,,0.02,0.06,0.045,0.03,0.005,0.0,0.02,0.03,0.005,0.02,0.025,0.175,0.08,0.0,0.06,0.04,0.0,0.015,0.0,0.075,0.005,0.04,0.005,0.24,0.005
12,23,,0.025,0.06,0.045,0.045,0.015,0.0,0.015,0.02,0.005,0.01,0.045,0.165,0.065,0.005,0.07,0.01,0.0,0.005,0.01,0.125,0.01,0.06,0.0,0.185,0.005
12,1,,0.02,0.325,0.05,0.005,0.0,0.015,0.15,0.015,0.0,0.0,0.035,0.04,0.045,0.06,0.08,0.01,0.0,0.0,0.01,0.03,0.005,0.04,0.03,0.03,0.005
12,11,,0.02,0.05,0.07,0.075,0.01,0.0,0.02,0.035,0.05,0.005,0.005,0.21,0.145,0.02,0.02,0.005,0.01,0.0,0.0,0.1,0.0,0.085,0.0,0.065,0.0
12,12,,0.0,0.01,0.065,0.04,0.005,0.0,0.025,0.06,0.02,0.0,0.0,0.02,0.395,0.005,0.025,0.02,0.03,0.005,0.005,0.135,0.0,0.1,0.0,0.025,0.01
12,12,,0.025,0.065,0.03,0.1,0.03,0.005,0.04,0.025,0.025,0.07,0.05,0.045,0.125,0.01,0.06,0.02,0.01,0.015,0.005,0.07,0.005,0.04,0.015,0.115,0.0
12,12,,0.02,0.01,0.08,0.085,0.01,0.0,0.015,0.055,0.02,0.0,0.005,0.005,0.415,0.01,0.005,0.005,0.01,0.0,0.0,0.06,0.005,0.085,0.005,0.09,0.005
12,1,,0.04,0.26,0.045,0.025,0.005,0.025,0.06,0.005,0.0,0.0,0.045,0.04,0.11,0.05,0.09,0.02,0.0,0.0,0.015,0.055,0.02,0.06,0.01,0.005,0.015
12,11,,0.01,0.09,0.19,0.03,0.005,0.01,0.035,0.025,0.005,0.015,0.005,0.21,0.035,0.015,0.06,0.0,0.0,0.005,0.0,0.065,0.0,0.14,0.0,0.05,0.0
12,19,,0.01,0.02,0.02,0.03,0.005,0.0,0.01,0.03,0.005,0.005,0.01,0.025,0.28,0.0,0.01,0.005,0.035,0.0,0.005,0.305,0.0,0.115,0.005,0.05,0.02
12,12,,0.015,0.005,0.025,0.035,0.0,0.0,0.005,0.01,0.0,0.005,0.0,0.0,0.725,0.0,0.015,0.005,0.0,0.0,0.005,0.045,0.0,0.055,0.005,0.03,0.015
12,23,,0.0,0.015,0.01,0.06,0.005,0.0,0.025,0.03,0.015,0.07,0.015,0.065,0.06,0.0,0.015,0.005,0.005,0.01,0.01,0.025,0.01,0.14,0.005,0.385,0.02
12,12,,0.005,0.005,0.04,0.07,0.0,0.0,0.0,0.05,0.01,0.01,0.0,0.025,0.47,0.0,0.02,0.005,0.03,0.0,0.0,0.205,0.0,0.015,0.005,0.01,0.025
12,12,,0.01,0.005,0.135,0.08,0.0,0.0,0.025,0.015,0.015,0.01,0.0,0.01,0.4,0.0,0.0,0.01,0.025,0.0,0.0,0.05,0.005,0.1,0.0,0.1,0.005
12,1,,0.035,0.325,0.05,0.005,0.0,0.03,0.1,0.0,0.0,0.0,0.065,0.03,0.05,0.04,0.14,0.01,0.0,0.0,0.005,0.03,0.01,0.03,0.015,0.015,0.015
12,11,,0.035,0.095,0.035,0.055,0.005,0.0,0.04,0.025,0.01,0.0,0.045,0.19,0.03,0.0,0.14,0.01,0.0,0.0,0.0,0.14,0.01,0.06,0.005,0.065,0.005
12,12,,0.02,0.075,0.03,0.07,0.005,0.0,0.07,0.0,0.025,0.0,0.03,0.08,0.165,0.02,0.11,0.025,0.005,0.0,0.0,0.095,0.005,0.05,0.01,0.105,0.005
12,11,,0.015,0.095,0.055,0.035,0.005,0.005,0.02,0.025,0.01,0.0,0.03,0.335,0.01,0.005,0.05,0.0,0.0,0.0,0.0,0.14,0.01,0.035,0.0,0.12,0.0
12,1,,0.02,0.225,0.09,0.015,0.0,0.0,0.045,0.03,0.01,0.0,0.045,0.11,0.06,0.02,0.095,0.005,0.0,0.0,0.0,0.075,0.02,0.08,0.005,0.045,0.005
13,13,,0.135,0.025,0.01,0.005,0.005,0.075,0.025,0.01,0.03,0.0,0.07,0.005,0.015,0.37,0.02,0.0,0.005,0.0,0.005,0.065,0.045,0.005,0.005,0.055,0.015
13,5,,0.025,0.025,0.0,0.0,0.0,0.575,0.02,0.01,0.035,0.0,0.015,0.0,0.0,0.125,0.005,0.015,0.005,0.01,0.015,0.03,0.025,0.0,0.04,0.0,0.025
13,5,,0.015,0.025,0.0,0.015,0.01,0.285,0.0,0.08,0.045,0.005,0.01,0.075,0.0,0.2,0.065,0.01,0.005,0.0,0.01,0.06,0.02,0.005,0.01,0.01,0.04
13,13,,0.09,0.035,0.0,0.0,0.0,0.145,0.03,0.01,0.01,0.0,0.11,0.005,0.015,0.35,0.015,0.015,0.005,0.0,0.01,0.03,0.055,0.025,0.005,0.025,0.015
13,14,,0.015,0.045,0.0,0.02,0.055,0.03,0.005,0.09,0.055,0.045,0.0,0.07,0.025,0.07,0.135,0.06,0.0,0.01,0.005,0.08,0.05,0.01,0.025,0.045,0.055
13,0,,0.215,0.03,0.01,0.01,0.0,0.055,0.04,0.005,0.025,0.0,0.115,0.01,0.01,0.155,0.02,0.015,0.02,0.0,0.01,0.025,0.11,0.04,0.01,0.06,0.01
13,13,,0.05,0.01,0.015,0.0,0.0,0.11,0.04,0.0,0.05,0.01,0.08,0.01,0.0,0.345,0.005,0.02,0.01,0.005,0.02,0.055,0.11,0.025,0.005,0.02,0.005
13,13,,0.01,0.04,0.01,0.065,0.005,0.055,0.015,0.15,0.05,0.01,0.03,0.035,0.0,0.22,0.09,0.0,0.005,0.0,0.005,0.105,0.01,0.015,0.01,0.015,0.05
13,13,,0.015,0.045,0.005,0.075,0.0,0.05,0.03,0.04,0.025,0.01,0.0,0.08,0.01,0.215,0.12,0.01,0.0,0.0,0.0,0.18,0.01,0.03,0.01,0.0,0.04
13,5,,0.01,0.015,0.0,0.02,0.0,0.395,0.015,0.055,0.065,0.01,0.03,0.015,0.0,0.19,0.045,0.005,0.005,0.005,0.0,0.045,0.02,0.005,0.01,0.015,0.025
14,1,,0.0,0.375,0.0,0.0,0.025,0.005,0.005,0.01,0.025,0.0,0.0,0.015,0.01,0.0,0.13,0.0,0.17,0.01,0.01,0.125,0.03,0.0,0.0,0.0,0.055
14,19,,0.025,0.055,0.02,0.085,0.005,0.0,0.04,0.06,0.03,0.025,0.0,0.14,0.025,0.06,0.105,0.005,0.0,0.0,0.0,0.21,0.02,0.035,0.01,0.02,0.025
14,1,,0.01,0.39,0.0,0.035,0.045,0.0,0.02,0.02,0.03,0.01,0.015,0.03,0.0,0.0,0.12,0.0,0.025,0.01,0.01,0.1,0.025,0.005,0.015,0.025,0.06
14,1,,0.005,0.155,0.005,0.025,0.145,0.0,0.01,0.02,0.03,0.02,0.02,0.055,0.015,0.005,0.06,0.005,0.02,0.015,0.02,0.075,0.12,0.015,0.025,0.07,0.065
14,20,,0.015,0.115,0.01,0.0,0.005,0.03,0.035,0.02,0.03,0.01,0.03,0.02,0.005,0.02,0.065,0.005,0.07,0.015,0.035,0.065,0.295,0.01,0.055,0.01,0.03
14,21,,0.005,0.035,0.04,0.065,0.005,0.005,0.01,0.015,0.03,0.02,0.005,0.13,0.015,0.01,0.055,0.02,0.0,0.0,0.005,0.125,0.0,0.335,0.005,0.035,0.03
14,11,,0.005,0.0,0.02,0.005,0.0,0.0,0.0,0.005,0.005,0.0,0.0,0.74,0.0,0.01,0.0,0.0,0.0,0.0,0.0,0.175,0.0,0.005,0.0,0.025,0.005
14,19,,0.005,0.105,0.0,0.02,0.0,0.01,0.01,0.05,0.02,0.005,0.01,0.0,0.015,0.01,0.11,0.005,0.175,0.015,0.01,0.28,0.06,0.01,0.01,0.01,0.055
14,11,,0.01,0.05,0.035,0.145,0.0,0.0,0.05,0.025,0.02,0.0,0.005,0.19,0.06,0.04,0.13,0.0,0.005,0.005,0.0,0.18,0.0,0.005,0.005,0.035,0.005
14,1,,0.015,0.235,0.03,0.025,0.0,0.025,0.005,0.015,0.015,0.01,0.015,0.1,0.01,0.01,0.16,0.035,0.005,0.005,0.0,0.08,0.0,0.125,0.015,0.055,0.01
14,1,,0.01,0.275,0.0,0.01,0.01,0.01,0.015,0.025,0.02,0.015,0.005,0.025,0.0,0.005,0.225,0.0,0.065,0.035,0.01,0.185,0.01,0.005,0.0,0.0,0.04
14,14,,0.005,0.095,0.015,0.015,0.0,0.105,0.025,0.02,0.015,0.0,0.025,0.015,0.01,0.06,0.455,0.015,0.0,0.0,0.0,0.02,0.0,0.02,0.065,0.01,0.01
14,14,,0.01,0.16,0.02,0.02,0.0,0.085,0.015,0.01,0.015,0.01,0.015,0.015,0.01,0.09,0.385,0.01,0.005,0.0,0.005,0.03,0.015,0.04,0.01,0.005,0.02
14,1,,0.07,0.185,0.005,0.005,0.0,0.035,0.025,0.015,0.025,0.015,0.03,0.005,0.0,0.015,0.04,0.04,0.145,0.025,0.08,0.075,0.08,0.02,0.04,0.005,0.02
14,1,,0.03,0.28,0.0,0.02,0.275,0.0,0.01,0.005,0.025,0.0,0.0,0.065,0.01,0.005,0.02,0.0,0.04,0.015,0.015,0.045,0.04,0.01,0.0,0.03,0.06
15,3,,0.035,0.025,0.005,0.205,0.0,0.0,0.015,0.005,0.07,0.035,0.005,0.075,0.06,0.0,0.045,0.005,0.05,0.005,0.0,0.195,0.005,0.05,0.035,0.01,0.065
15,15,,0.01,0.005,0.005,0.0,0.005,0.025,0.005,0.02,0.005,0.01,0.0,0.0,0.02,0.005,0.005,0.6,0.015,0.01,0.09,0.075,0.015,0.04,0.01,0.01,0.015
15,11,,0.055,0.075,0.015,0.12,0.1,0.0,0.045,0.035,0.01,0.025,0.0,0.13,0.08,0.005,0.035,0.0,0.015,0.005,0.005,0.12,0.005,0.025,0.01,0.07,0.015
15,19,,0.01,0.03,0.005,0.04,0.005,0.03,0.005,0.2,0.035,0.03,0.0,0.14,0.015,0.05,0.04,0.02,0.0,0.0,0.005,0.22,0.015,0.055,0.005,0.03,0.015
15,12,,0.0,0.01,0.02,0.125,0.01,0.005,0.005,0.025,0.03,0.04,0.005,0.04,0.28,0.0,0.0,0.0,0.055,0.0,0.0,0.265,0.0,0.02,0.0,0.02,0.045
15,11,,0.045,0.045,0.02,0.18,0.035,0.0,0.085,0.025,0.005,0.01,0.01,0.215,0.075,0.01,0.025,0.0,0.01,0.01,0.0,0.1,0.005,0.015,0.005,0.06,0.01
15,15,,0.08,0.025,0.015,0.0,0.0,0.005,0.02,0.015,0.01,0.0,0.03,0.015,0.01,0.005,0.01,0.52,0.025,0.005,0.05,0.065,0.03,0.025,0.02,0.01,0.01
15,19,,0.0,0.075,0.025,0.025,0.005,0.0,0.015,0.1,0.005,0.01,0.005,0.01,0.03,0.0,0.06,0.005,0.05,0.01,0.005,0.51,0.005,0.01,0.005,0.01,0.025
16,16,,0.01,0.165,0.0,0.005,0.0,0.005,0.005,0.015,0.01,0.0,0.015,0.015,0.0,0.0,0.04,0.025,0.245,0.085,0.09,0.155,0.025,0.005,0.065,0.01,0.01
16,18,,0.04,0.085,0.0,0.0,0.005,0.025,0.01,0.015,0.025,0.01,0.02,0.0,0.0,0.005,0.035,0.075,0.12,0.08,0.195,0.09,0.055,0.0,0.095,0.0,0.015
16,19,,0.02,0.135,0.0,0.055,0.025,0.0,0.0,0.04,0.025,0.04,0.0,0.02,0.025,0.0,0.045,0.005,0.07,0.035,0.02,0.34,0.015,0.01,0.005,0.01,0.06
16,16,,0.02,0.09,0.005,0.02,0.01,0.005,0.005,0.005,0.02,0.01,0.025,0.005,0.01,0.01,0.005,0.085,0.21,0.05,0.135,0.15,0.035,0.025,0.04,0.005,0.02
16,16,,0.01,0.175,0.0,0.0,0.0,0.01,0.005,0.01,0.01,0.0,0.01,0.01,0.0,0.01,0.03,0.07,0.265,0.05,0.11,0.12,0.035,0.0,0.05,0.0,0.02
16,16,,0.01,0.03,0.015,0.005,0.01,0.0,0.005,0.03,0.015,0.005,0.0,0.005,0.015,0.0,0.045,0.005,0.645,0.005,0.01,0.09,0.005,0.03,0.0,0.005,0.015
16,19,,0.02,0.08,0.0,0.01,0.005,0.005,0.005,0.0,0.015,0.01,0.005,0.01,0.005,0.01,0.02,0.095,0.17,0.065,0.155,0.18,0.03,0.01,0.075,0.005,0.015
16,16,,0.02,0.025,0.06,0.015,0.0,0.005,0.005,0.005,0.015,0.0,0.005,0.0,0.045,0.005,0.005,0.005,0.54,0.005,0.005,0.06,0.01,0.105,0.0,0.025,0.035
16,16,,0.035,0.09,0.0,0.005,0.015,0.01,0.01,0.02,0.055,0.005,0.015,0.01,0.01,0.005,0.005,0.06,0.24,0.03,0.095,0.185,0.035,0.015,0.015,0.0,0.035
16,16,,0.02,0.2,0.0,0.0,0.005,0.0,0.005,0.02,0.015,0.01,0.015,0.01,0.01,0.005,0.065,0.03,0.25,0.06,0.06,0.105,0.03,0.005,0.06,0.005,0.015
16,16,,0.04,0.055,0.0,0.005,0.01,0.025,0.015,0.02,0.015,0.015,0.025,0.01,0.0,0.015,0.01,0.06,0.205,0.05,0.13,0.085,0.05,0.005,0.12,0.015,0.02
16,1,,0.01,0.205,0.0,0.005,0.01,0.005,0.015,0.0,0.005,0.005,0.03,0.005,0.0,0.005,0.045,0.07,0.13,0.035,0.195,0.11,0.065,0.01,0.03,0.0,0.01
16,16,,0.005,0.01,0.04,0.01,0.005,0.0,0.01,0.08,0.02,0.005,0.005,0.0,0.075,0.0,0.0,0.005,0.38,0.0,0.0,0.15,0.005,0.145,0.0,0.02,0.03
17,3,,0.025,0.055,0.015,0.155,0.055,0.005,0.03,0.025,0.05,0.09,0.015,0.06,0.035,0.015,0.125,0.015,0.0,0.045,0.0,0.04,0.01,0.025,0.035,0.04,0.035
17,19,,0.03,0.02,0.01,0.025,0.01,0.005,0.015,0.04,0.06,0.005,0.005,0.03,0.015,0.005,0.015,0.0,0.08,0.07,0.015,0.35,0.03,0.08,0.015,0.02,0.05
17,19,,0.005,0.01,0.0,0.02,0.01,0.0,0.005,0.025,0.05,0.04,0.0,0.015,0.015,0.005,0.03,0.01,0.04,0.075,0.0,0.555,0.015,0.04,0.005,0.0,0.03
17,1,,0.015,0.145,0.015,0.09,0.02,0.005,0.105,0.03,0.01,0.045,0.005,0.05,0.13,0.015,0.08,0.005,0.0,0.045,0.005,0.055,0.01,0.025,0.055,0.025,0.015
17,19,,0.025,0.125,0.0,0.01,0.01,0.0,0.005,0.04,0.03,0.045,0.01,0.025,0.0,0.005,0.055,0.005,0.13,0.09,0.01,0.265,0.025,0.005,0.035,0.01,0.04
17,19,,0.0,0.03,0.005,0.05,0.0,0.01,0.015,0.06,0.0,0.015,0.005,0.15,0.04,0.045,0.045,0.01,0.0,0.0,0.0,0.48,0.005,0.015,0.0,0.015,0.005
17,19,,0.015,0.07,0.005,0.015,0.005,0.005,0.005,0.015,0.045,0.03,0.01,0.0,0.0,0.0,0.04,0.015,0.19,0.13,0.02,0.24,0.035,0.03,0.04,0.01,0.03
17,9,,0.0,0.01,0.02,0.07,0.03,0.005,0.0,0.1,0.01,0.265,0.0,0.03,0.03,0.0,0.02,0.0,0.035,0.01,0.0,0.235,0.0,0.045,0.0,0.055,0.03
17,19,,0.01,0.02,0.005,0.01,0.02,0.0,0.005,0.015,0.015,0.205,0.0,0.025,0.0,0.0,0.055,0.0,0.005,0.16,0.01,0.345,0.015,0.015,0.0,0.015,0.05
17,0,,0.23,0.065,0.01,0.02,0.03,0.015,0.025,0.035,0.025,0.005,0.015,0.005,0.02,0.06,0.025,0.03,0.035,0.01,0.06,0.07,0.035,0.04,0.005,0.12,0.01
18,19,,0.035,0.03,0.0,0.03,0.015,0.005,0.025,0.01,0.055,0.01,0.0,0.025,0.03,0.005,0.04,0.02,0.08,0.02,0.025,0.33,0.01,0.115,0.035,0.005,0.045
18,16,,0.04,0.055,0.04,0.03,0.01,0.01,0.01,0.035,0.08,0.015,0.01,0.015,0.01,0.005,0.035,0.035,0.155,0.005,0.04,0.125,0.065,0.075,0.005,0.015,0.08
18,19,,0.05,0.04,0.005,0.0,0.01,0.02,0.02,0.055,0.12,0.015,0.0,0.01,0.01,0.03,0.02,0.025,0.06,0.025,0.025,0.16,0.05,0.15,0.05,0.0,0.05
18,19,,0.035,0.045,0.0,0.025,0.015,0.0,0.015,0.015,0.1,0.045,0.0,0.045,0.04,0.005,0.04,0.01,0.085,0.015,0.005,0.225,0.005,0.15,0.035,0.005,0.04
18,18,,0.015,0.035,0.0,0.005,0.005,0.005,0.015,0.0,0.005,0.0,0.015,0.005,0.0,0.0,0.005,0.02,0.03,0.01,0.73,0.035,0.025,0.005,0.035,0.0,0.0
18,18,,0.015,0.05,0.0,0.01,0.0,0.0,0.015,0.015,0.01,0.01,0.005,0.01,0.01,0.005,0.01,0.095,0.035,0.02,0.555,0.085,0.015,0.005,0.02,0.005,0.0
18,21,,0.02,0.035,0.025,0.045,0.02,0.0,0.005,0.015,0.075,0.02,0.0,0.005,0.02,0.01,0.02,0.02,0.045,0.005,0.035,0.165,0.01,0.31,0.02,0.015,0.06
18,19,,0.01,0.03,0.0,0.005,0.0,0.03,0.015,0.055,0.13,0.005,0.01,0.0,0.02,0.05,0.015,0.055,0.025,0.025,0.09,0.155,0.025,0.09,0.065,0.005,0.09
18,21,,0.01,0.035,0.03,0.02,0.015,0.015,0.01,0.01,0.065,0.025,0.0,0.015,0.02,0.005,0.035,0.065,0.07,0.0,0.015,0.17,0.02,0.21,0.015,0.035,0.09
18,18,,0.025,0.035,0.005,0.01,0.02,0.0,0.01,0.02,0.005,0.01,0.005,0.005,0.005,0.005,0.03,0.085,0.04,0.005,0.495,0.105,0.02,0.005,0.015,0.03,0.01
18,18,,0.06,0.04,0.005,0.005,0.005,0.01,0.015,0.005,0.015,0.0,0.01,0.0,0.01,0.03,0.005,0.175,0.01,0.02,0.515,0.015,0.03,0.0,0.02,0.0,0.0
18,19,,0.025,0.07,0.005,0.035,0.015,0.01,0.01,0.015,0.07,0.015,0.005,0.015,0.025,0.0,0.03,0.03,0.09,0.03,0.035,0.26,0.05,0.09,0.03,0.005,0.035
18,16,,0.035,0.035,0.015,0.0,0.01,0.005,0.015,0.025,0.02,0.005,0.01,0.02,0.05,0.02,0.035,0.015,0.26,0.0,0.015,0.195,0.045,0.075,0.0,0.065,0.03
18,18,,0.04,0.04,0.0,0.0,0.005,0.075,0.065,0.0,0.03,0.0,0.01,0.0,0.0,0.045,0.005,0.11,0.025,0.03,0.255,0.035,0.04,0.0,0.18,0.005,0.005
19,19,,0.015,0.22,0.01,0.07,0.04,0.0,0.005,0.04,0.035,0.0,0.0,0.08,0.015,0.0,0.03,0.0,0.025,0.02,0.015,0.305,0.015,0.005,0.0,0.01,0.045
19,19,,0.11,0.015,0.005,0.005,0.015,0.015,0.01,0.01,0.02,0.015,0.01,0.005,0.005,0.025,0.01,0.02,0.095,0.005,0.015,0.395,0.045,0.055,0.015,0.045,0.035
19,19,,0.035,0.005,0.01,0.01,0.005,0.0,0.01,0.015,0.035,0.005,0.005,0.015,0.015,0.0,0.02,0.01,0.02,0.005,0.005,0.58,0.02,0.125,0.005,0.035,0.01
19,19,,0.01,0.02,0.015,0.01,0.0,0.01,0.0,0.01,0.005,0.0,0.005,0.005,0.035,0.005,0.025,0.005,0.155,0.01,0.01,0.585,0.0,0.03,0.0,0.015,0.035
19,19,,0.0,0.01,0.01,0.085,0.005,0.005,0.015,0.035,0.015,0.015,0.0,0.07,0.045,0.0,0.015,0.005,0.0,0.0,0.005,0.39,0.0,0.23,0.0,0.015,0.03
19,19,,0.01,0.0,0.0,0.055,0.0,0.0,0.0,0.025,0.02,0.15,0.0,0.005,0.0,0.0,0.015,0.005,0.005,0.035,0.0,0.635,0.005,0.005,0.005,0.0,0.025
19,19,,0.01,0.035,0.01,0.02,0.025,0.015,0.005,0.04,0.045,0.02,0.01,0.015,0.0,0.02,0.02,0.025,0.035,0.01,0.0,0.365,0.055,0.045,0.01,0.14,0.025
19,23,,0.005,0.025,0.005,0.09,0.125,0.0,0.01,0.025,0.045,0.07,0.005,0.085,0.02,0.01,0.04,0.025,0.0,0.035,0.0,0.11,0.01,0.02,0.005,0.18,0.055
19,19,,0.0,0.01,0.0,0.005,0.0,0.005,0.0,0.075,0.0,0.0,0.005,0.125,0.005,0.005,0.01,0.005,0.0,0.0,0.0,0.7,0.0,0.03,0.0,0.015,0.005
19,19,,0.01,0.005,0.045,0.155,0.01,0.0,0.0,0.02,0.06,0.06,0.005,0.03,0.015,0.0,0.025,0.005,0.035,0.005,0.0,0.19,0.03,0.08,0.01,0.115,0.09
19,19,,0.005,0.02,0.0,0.0,0.0,0.0,0.0,0.005,0.005,0.0,0.0,0.005,0.0,0.0,0.005,0.005,0.045,0.0,0.01,0.865,0.0,0.01,0.0,0.0,0.02
19,11,,0.005,0.015,0.01,0.04,0.0,0.045,0.01,0.06,0.035,0.025,0.0,0.375,0.01,0.02,0.025,0.015,0.0,0.0,0.0,0.205,0.01,0.05,0.015,0.005,0.025
19,19,,0.0,0.0,0.0,0.04,0.0,0.0,0.0,0.0,0.005,0.21,0.0,0.02,0.005,0.0,0.005,0.0,0.0,0.005,0.0,0.655,0.0,0.005,0.0,0.0,0.05
19,19,,0.0,0.0,0.0,0.005,0.0,0.0,0.0,0.01,0.0,0.0,0.0,0.0,0.01,0.005,0.0,0.005,0.015,0.01,0.0,0.92,0.0,0.01,0.0,0.0,0.01
19,19,,0.015,0.075,0.0,0.0,0.0,0.0,0.0,0.02,0.0,0.005,0.005,0.01,0.005,0.0,0.03,0.005,0.05,0.01,0.005,0.75,0.005,0.0,0.0,0.0,0.01
19,19,,0.005,0.015,0.0,0.0,0.0,0.0,0.0,0.02,0.005,0.005,0.0,0.0,0.01,0.005,0.005,0.01,0.065,0.025,0.015,0.765,0.015,0.03,0.0,0.005,0.0
19,19,,0.01,0.06,0.0,0.01,0.065,0.02,0.02,0.025,0.05,0.025,0.015,0.045,0.005,0.01,0.055,0.015,0.045,0.03,0.02,0.27,0.07,0.015,0.03,0.03,0.06
19,21,,0.025,0.02,0.055,0.01,0.015,0.01,0.03,0.025,0.07,0.025,0.03,0.02,0.025,0.01,0.06,0.025,0.0,0.005,0.0,0.095,0.02,0.29,0.045,0.06,0.03
19,19,,0.0,0.015,0.0,0.015,0.0,0.0,0.0,0.03,0.0,0.0,0.0,0.165,0.0,0.005,0.025,0.0,0.0,0.0,0.0,0.745,0.0,0.0,0.0,0.0,0.0
19,19,,0.0,0.03,0.0,0.135,0.005,0.0,0.005,0.005,0.015,0.05,0.0,0.03,0.005,0.0,0.04,0.0,0.02,0.025,0.0,0.39,0.015,0.005,0.01,0.005,0.21
19,19,,0.0,0.005,0.0,0.04,0.0,0.0,0.0,0.015,0.015,0.105,0.0,0.01,0.0,0.0,0.01,0.005,0.005,0.03,0.0,0.73,0.0,0.0,0.005,0.0,0.025
19,19,,0.0,0.005,0.0,0.02,0.0,0.0,0.0,0.015,0.015,0.23,0.005,0.015,0.01,0.0,0.03,0.01,0.005,0.08,0.0,0.535,0.005,0.005,0.0,0.0,0.015
19,19,,0.03,0.025,0.0,0.005,0.0,0.0,0.005,0.015,0.025,0.005,0.01,0.0,0.015,0.015,0.01,0.01,0.05,0.005,0.01,0.595,0.06,0.05,0.005,0.045,0.01
19,19,,0.0,0.02,0.005,0.015,0.005,0.0,0.0,0.085,0.005,0.04,0.0,0.0,0.005,0.0,0.02,0.005,0.02,0.03,0.0,0.7,0.005,0.0,0.0,0.005,0.035
19,19,,0.0,0.005,0.0,0.035,0.0,0.03,0.005,0.105,0.01,0.005,0.005,0.13,0.005,0.01,0.05,0.0,0.0,0.0,0.0,0.525,0.0,0.065,0.0,0.005,0.01
19,19,,0.0,0.0,0.01,0.165,0.01,0.0,0.005,0.045,0.005,0.075,0.0,0.005,0.01,0.0,0.005,0.0,0.02,0.005,0.0,0.57,0.0,0.025,0.0,0.025,0.02
19,19,,0.015,0.075,0.0,0.01,0.005,0.01,0.0,0.035,0.025,0.005,0.01,0.015,0.015,0.015,0.015,0.03,0.145,0.075,0.06,0.26,0.04,0.05,0.055,0.01,0.025
19,19,,0.0,0.02,0.0,0.005,0.005,0.0,0.01,0.005,0.005,0.01,0.005,0.0,0.005,0.005,0.015,0.005,0.05,0.005,0.01,0.805,0.005,0.02,0.0,0.0,0.01
19,3,,0.0,0.01,0.0,0.505,0.005,0.0,0.0,0.005,0.0,0.035,0.0,0.035,0.035,0.0,0.005,0.0,0.0,0.005,0.0,0.25,0.0,0.005,0.005,0.0,0.1
19,19,,0.05,0.075,0.05,0.02,0.0,0.04,0.015,0.005,0.05,0.01,0.045,0.005,0.025,0.03,0.1,0.01,0.025,0.01,0.01,0.2,0.015,0.11,0.06,0.01,0.03
19,19,,0.005,0.015,0.0,0.0,0.01,0.0,0.0,0.0,0.0,0.005,0.005,0.005,0.0,0.0,0.005,0.005,0.045,0.01,0.005,0.845,0.005,0.01,0.0,0.005,0.02
19,19,,0.015,0.095,0.005,0.02,0.01,0.005,0.01,0.005,0.015,0.015,0.01,0.005,0.015,0.005,0.025,0.005,0.085,0.03,0.015,0.545,0.01,0.02,0.0,0.01,0.025
19,19,,0.005,0.0,0.005,0.05,0.01,0.0,0.0,0.065,0.01,0.005,0.0,0.005,0.02,0.0,0.005,0.0,0.015,0.005,0.0,0.755,0.0,0.01,0.0,0.01,0.025
19,19,,0.0,0.01,0.01,0.065,0.005,0.0,0.02,0.095,0.02,0.01,0.005,0.055,0.02,0.01,0.025,0.015,0.0,0.0,0.0,0.435,0.0,0.17,0.0,0.01,0.02
19,19,,0.01,0.005,0.025,0.015,0.005,0.0,0.005,0.02,0.0,0.01,0.01,0.01,0.06,0.0,0.02,0.0,0.04,0.005,0.015,0.55,0.01,0.11,0.005,0.03,0.04
19,19,,0.015,0.055,0.01,0.02,0.0,0.0,0.0,0.05,0.0,0.01,0.005,0.01,0.005,0.01,0.01,0.025,0.07,0.005,0.04,0.6,0.025,0.01,0.0,0.015,0.01
19,19,,0.03,0.07,0.01,0.01,0.0,0.02,0.005,0.0,0.005,0.01,0.02,0.01,0.005,0.025,0.0,0.055,0.055,0.02,0.08,0.49,0.04,0.01,0.0,0.005,0.025
19,19,,0.0,0.01,0.01,0.025,0.01,0.0,0.02,0.03,0.04,0.005,0.0,0.015,0.045,0.0,0.01,0.0,0.08,0.025,0.0,0.515,0.01,0.1,0.0,0.025,0.025
19,3,,0.005,0.03,0.005,0.16,0.085,0.0,0.015,0.01,0.02,0.115,0.01,0.125,0.055,0.005,0.065,0.035,0.0,0.05,0.0,0.04,0.01,0.0,0.01,0.145,0.005
19,19,,0.01,0.055,0.0,0.035,0.04,0.0,0.01,0.005,0.015,0.005,0.005,0.03,0.02,0.005,0.045,0.005,0.155,0.03,0.005,0.42,0.005,0.06,0.0,0.0,0.04
19,19,,0.015,0.015,0.01,0.005,0.015,0.0,0.0,0.035,0.015,0.005,0.005,0.0,0.03,0.0,0.005,0.015,0.105,0.015,0.01,0.58,0.02,0.065,0.005,0.015,0.015
19,19,,0.0,0.005,0.015,0.1,0.005,0.02,0.005,0.075,0.02,0.01,0.0,0.09,0.015,0.005,0.06,0.0,0.0,0.005,0.0,0.455,0.0,0.09,0.005,0.005,0.015
19,19,,0.015,0.11,0.0,0.015,0.01,0.0,0.02,0.04,0.05,0.01,0.005,0.0,0.04,0.0,0.065,0.0,0.15,0.02,0.005,0.35,0.01,0.02,0.015,0.01,0.04
19,19,,0.02,0.02,0.015,0.025,0.005,0.01,0.01,0.01,0.0,0.01,0.005,0.01,0.015,0.005,0.025,0.015,0.08,0.01,0.01,0.645,0.02,0.02,0.0,0.005,0.01
19,19,,0.005,0.02,0.005,0.005,0.0,0.0,0.005,0.02,0.0,0.005,0.0,0.0,0.015,0.005,0.02,0.0,0.055,0.01,0.01,0.79,0.005,0.015,0.0,0.005,0.005
19,19,,0.0,0.025,0.005,0.0,0.005,0.01,0.02,0.005,0.04,0.005,0.0,0.005,0.0,0.005,0.035,0.02,0.085,0.0,0.02,0.625,0.02,0.03,0.005,0.015,0.02
19,19,,0.01,0.04,0.015,0.01,0.015,0.015,0.02,0.02,0.02,0.01,0.005,0.01,0.015,0.01,0.01,0.005,0.06,0.015,0.01,0.57,0.015,0.05,0.01,0.015,0.025
19,19,,0.005,0.045,0.0,0.025,0.025,0.005,0.015,0.02,0.03,0.005,0.01,0.035,0.005,0.01,0.01,0.0,0.045,0.015,0.0,0.435,0.085,0.035,0.01,0.1,0.03
19,19,,0.005,0.015,0.0,0.04,0.005,0.005,0.005,0.115,0.02,0.0,0.0,0.305,0.0,0.005,0.03,0.0,0.0,0.005,0.0,0.405,0.0,0.015,0.0,0.025,0.0
19,19,,0.02,0.02,0.0,0.005,0.0,0.0,0.005,0.0,0.0,0.01,0.0,0.005,0.005,0.005,0.005,0.01,0.025,0.01,0.035,0.79,0.03,0.01,0.005,0.0,0.005
19,19,,0.005,0.0,0.015,0.245,0.005,0.0,0.0,0.0,0.01,0.025,0.0,0.0,0.0,0.0,0.015,0.0,0.005,0.025,0.0,0.565,0.0,0.01,0.0,0.01,0.065
19,19,,0.005,0.025,0.0,0.005,0.01,0.0,0.0,0.03,0.035,0.02,0.0,0.025,0.03,0.01,0.01,0.02,0.04,0.015,0.01,0.55,0.02,0.03,0.015,0.075,0.02
19,3,,0.015,0.02,0.025,0.345,0.01,0.0,0.01,0.105,0.0,0.03,0.0,0.015,0.04,0.0,0.0,0.005,0.0,0.0,0.0,0.305,0.0,0.02,0.0,0.03,0.025
19,19,,0.02,0.06,0.0,0.025,0.01,0.005,0.01,0.01,0.02,0.005,0.0,0.01,0.01,0.0,0.01,0.01,0.15,0.015,0.005,0.455,0.025,0.1,0.0,0.015,0.03
19,19,,0.02,0.005,0.005,0.015,0.005,0.0,0.0,0.02,0.02,0.0,0.005,0.005,0.02,0.0,0.015,0.005,0.075,0.01,0.01,0.695,0.0,0.03,0.0,0.025,0.015
19,19,,0.01,0.01,0.025,0.055,0.005,0.0,0.015,0.28,0.005,0.0,0.0,0.01,0.005,0.0,0.005,0.0,0.015,0.01,0.0,0.505,0.005,0.02,0.0,0.005,0.015
19,19,,0.01,0.0,0.01,0.015,0.01,0.005,0.005,0.01,0.015,0.0,0.005,0.005,0.05,0.005,0.02,0.02,0.01,0.0,0.0,0.68,0.0,0.09,0.0,0.015,0.02
19,19,,0.01,0.01,0.005,0.03,0.0,0.015,0.02,0.025,0.025,0.025,0.0,0.345,0.01,0.005,0.045,0.01,0.0,0.0,0.0,0.365,0.0,0.005,0.02,0.015,0.015
19,19,,0.005,0.0,0.02,0.04,0.005,0.01,0.005,0.025,0.01,0.0,0.015,0.005,0.085,0.005,0.01,0.005,0.01,0.0,0.015,0.53,0.0,0.14,0.01,0.04,0.01
19,19,,0.0,0.005,0.01,0.21,0.005,0.0,0.0,0.0,0.015,0.065,0.0,0.025,0.0,0.0,0.02,0.0,0.01,0.01,0.0,0.4,0.0,0.0,0.0,0.025,0.2
19,19,,0.02,0.045,0.005,0.005,0.005,0.0,0.005,0.015,0.015,0.01,0.005,0.0,0.015,0.005,0.015,0.005,0.05,0.015,0.015,0.71,0.015,0.0,0.0,0.005,0.02
19,19,,0.0,0.0,0.0,0.01,0.0,0.0,0.0,0.005,0.0,0.015,0.0,0.0,0.0,0.0,0.0,0.0,0.0,0.0,0.0,0.965,0.0,0.0,0.0,0.0,0.005
19,19,,0.005,0.02,0.005,0.085,0.005,0.0,0.0,0.07,0.01,0.06,0.0,0.025,0.0,0.0,0.03,0.0,0.02,0.005,0.005,0.565,0.0,0.04,0.0,0.01,0.04
19,19,,0.0,0.0,0.005,0.135,0.05,0.0,0.015,0.01,0.04,0.26,0.005,0.03,0.02,0.0,0.02,0.005,0.0,0.035,0.005,0.31,0.0,0.0,0.005,0.005,0.045
19,19,,0.005,0.005,0.005,0.015,0.0,0.0,0.0,0.005,0.01,0.0,0.0,0.0,0.02,0.005,0.005,0.01,0.04,0.02,0.015,0.82,0.0,0.005,0.0,0.0,0.015
19,19,,0.0,0.0,0.0,0.01,0.0,0.005,0.0,0.035,0.0,0.0,0.0,0.095,0.0,0.005,0.005,0.0,0.0,0.0,0.0,0.84,0.0,0.005,0.0,0.0,0.0
19,1,,0.055,0.215,0.015,0.045,0.02,0.005,0.02,0.03,0.01,0.005,0.015,0.015,0.005,0.005,0.035,0.02,0.02,0.04,0.055,0.205,0.065,0.01,0.0,0.03,0.06
19,19,,0.015,0.015,0.005,0.015,0.005,0.005,0.02,0.01,0.055,0.01,0.005,0.02,0.01,0.0,0.01,0.02,0.02,0.0,0.0,0.58,0.015,0.085,0.015,0.03,0.035
19,3,,0.01,0.015,0.015,0.41,0.0,0.0,0.025,0.01,0.01,0.04,0.0,0.07,0.045,0.0,0.03,0.0,0.0,0.01,0.0,0.225,0.0,0.015,0.0,0.02,0.05
19,19,,0.02,0.07,0.01,0.06,0.02,0.0,0.0,0.015,0.0,0.005,0.01,0.01,0.005,0.005,0.005,0.005,0.04,0.005,0.065,0.56,0.02,0.005,0.0,0.03,0.035
19,19,,0.01,0.005,0.0,0.03,0.005,0.0,0.0,0.035,0.02,0.13,0.01,0.02,0.015,0.0,0.025,0.005,0.0,0.1,0.0,0.56,0.005,0.01,0.005,0.005,0.005
19,19,,0.005,0.01,0.005,0.135,0.005,0.0,0.01,0.025,0.005,0.02,0.0,0.015,0.02,0.0,0.015,0.005,0.005,0.01,0.0,0.535,0.0,0.01,0.0,0.015,0.15
19,19,,0.01,0.035,0.005,0.02,0.005,0.005,0.005,0.005,0.005,0.0,0.01,0.02,0.02,0.0,0.005,0.0,0.03,0.0,0.015,0.685,0.005,0.08,0.005,0.01,0.02
19,11,,0.0,0.03,0.01,0.075,0.005,0.005,0.005,0.065,0.02,0.01,0.0,0.265,0.035,0.005,0.05,0.005,0.015,0.0,0.0,0.2,0.0,0.145,0.0,0.03,0.025
19,19,,0.005,0.0,0.02,0.01,0.005,0.025,0.005,0.04,0.01,0.005,0.005,0.0,0.025,0.005,0.01,0.025,0.055,0.01,0.015,0.59,0.015,0.065,0.0,0.03,0.025
19,23,,0.0,0.03,0.01,0.095,0.09,0.0,0.015,0.01,0.035,0.125,0.0,0.085,0.035,0.005,0.05,0.03,0.0,0.055,0.005,0.09,0.01,0.025,0.005,0.19,0.005
19,19,,0.025,0.15,0.0,0.005,0.005,0.01,0.0,0.02,0.01,0.015,0.01,0.005,0.0,0.0,0.035,0.01,0.055,0.005,0.035,0.535,0.04,0.005,0.02,0.0,0.005
19,19,,0.005,0.0,0.005,0.01,0.005,0.0,0.005,0.045,0.005,0.07,0.0,0.0,0.0,0.0,0.015,0.01,0.015,0.03,0.0,0.755,0.0,0.0,0.0,0.0,0.025
19,19,,0.02,0.03,0.02,0.005,0.0,0.0,0.0,0.025,0.01,0.0,0.01,0.005,0.01,0.005,0.02,0.0,0.06,0.01,0.005,0.675,0.015,0.025,0.0,0.02,0.03
19,19,,0.0,0.015,0.005,0.0,0.005,0.005,0.0,0.01,0.01,0.0,0.0,0.005,0.02,0.0,0.005,0.0,0.025,0.01,0.01,0.83,0.0,0.015,0.0,0.0,0.03
20,13,,0.05,0.06,0.035,0.01,0.0,0.105,0.045,0.025,0.095,0.01,0.035,0.02,0.01,0.115,0.03,0.03,0.01,0.0,0.015,0.095,0.07,0.025,0.045,0.04,0.025
20,19,,0.04,0.045,0.02,0.005,0.005,0.05,0.01,0.02,0.1,0.035,0.005,0.035,0.01,0.01,0.055,0.0,0.065,0.025,0.03,0.125,0.05,0.07,0.05,0.03,0.11
20,1,,0.09,0.175,0.055,0.015,0.01,0.05,0.025,0.015,0.035,0.01,0.075,0.04,0.01,0.04,0.065,0.02,0.01,0.0,0.0,0.025,0.025,0.035,0.035,0.135,0.005
20,0,,0.21,0.03,0.01,0.005,0.0,0.1,0.06,0.01,0.005,0.01,0.055,0.015,0.01,0.17,0.035,0.0,0.01,0.01,0.005,0.045,0.105,0.02,0.025,0.035,0.02
20,20,,0.09,0.145,0.005,0.005,0.025,0.025,0.05,0.005,0.02,0.015,0.1,0.0,0.0,0.005,0.025,0.005,0.02,0.015,0.03,0.05,0.245,0.02,0.025,0.07,0.005
20,22,,0.015,0.05,0.0,0.01,0.0,0.12,0.075,0.0,0.03,0.005,0.075,0.01,0.005,0.03,0.095,0.02,0.03,0.03,0.03,0.055,0.07,0.03,0.175,0.02,0.02
20,5,,0.03,0.045,0.005,0.015,0.0,0.18,0.09,0.01,0.03,0.005,0.135,0.02,0.01,0.05,0.11,0.01,0.01,0.0,0.01,0.07,0.07,0.02,0.045,0.02,0.01
20,5,,0.03,0.035,0.005,0.0,0.0,0.245,0.055,0.02,0.03,0.0,0.05,0.0,0.005,0.105,0.02,0.02,0.07,0.01,0.02,0.065,0.12,0.015,0.06,0.005,0.015
20,10,,0.115,0.05,0.015,0.0,0.0,0.05,0.085,0.01,0.035,0.01,0.155,0.01,0.01,0.095,0.015,0.02,0.005,0.01,0.015,0.01,0.145,0.045,0.03,0.045,0.02
20,23,,0.065,0.01,0.02,0.03,0.015,0.005,0.035,0.01,0.095,0.03,0.03,0.025,0.09,0.015,0.01,0.015,0.04,0.0,0.015,0.135,0.05,0.07,0.01,0.14,0.04
20,5,,0.045,0.09,0.0,0.005,0.0,0.125,0.04,0.015,0.04,0.005,0.055,0.0,0.0,0.085,0.05,0.015,0.06,0.045,0.015,0.045,0.11,0.01,0.12,0.005,0.02
20,13,,0.07,0.08,0.02,0.025,0.005,0.075,0.025,0.0,0.03,0.005,0.095,0.02,0.005,0.245,0.015,0.015,0.01,0.005,0.0,0.04,0.07,0.045,0.005,0.065,0.03
20,23,,0.125,0.035,0.03,0.01,0.01,0.035,0.05,0.015,0.015,0.015,0.07,0.035,0.025,0.05,0.06,0.015,0.025,0.005,0.0,0.085,0.055,0.07,0.01,0.155,0.0
21,21,,0.02,0.01,0.08,0.03,0.0,0.0,0.005,0.06,0.005,0.0,0.01,0.04,0.1,0.0,0.025,0.005,0.0,0.0,0.005,0.015,0.015,0.475,0.0,0.09,0.01
21,21,,0.015,0.01,0.06,0.035,0.005,0.0,0.005,0.015,0.045,0.02,0.0,0.02,0.05,0.005,0.035,0.015,0.02,0.0,0.01,0.09,0.01,0.38,0.025,0.075,0.055
21,21,,0.005,0.01,0.205,0.02,0.01,0.0,0.0,0.055,0.01,0.005,0.005,0.08,0.045,0.0,0.015,0.0,0.01,0.005,0.005,0.045,0.0,0.4,0.005,0.065,0.0
21,21,,0.0,0.02,0.095,0.005,0.0,0.01,0.005,0.0,0.0,0.005,0.005,0.02,0.01,0.005,0.0,0.0,0.0,0.0,0.0,0.005,0.0,0.8,0.0,0.015,0.0
21,21,,0.01,0.005,0.025,0.04,0.01,0.005,0.01,0.01,0.06,0.015,0.005,0.02,0.015,0.01,0.04,0.01,0.025,0.0,0.005,0.055,0.005,0.475,0.02,0.08,0.045
21,21,,0.01,0.035,0.055,0.03,0.005,0.01,0.005,0.02,0.03,0.015,0.005,0.02,0.035,0.0,0.015,0.015,0.12,0.0,0.01,0.125,0.005,0.25,0.005,0.085,0.095
21,21,,0.005,0.02,0.015,0.025,0.005,0.015,0.005,0.035,0.03,0.015,0.0,0.01,0.005,0.0,0.01,0.0,0.005,0.0,0.01,0.045,0.005,0.71,0.005,0.015,0.01
21,21,,0.015,0.065,0.045,0.06,0.015,0.01,0.005,0.025,0.065,0.055,0.005,0.04,0.02,0.0,0.035,0.01,0.005,0.0,0.005,0.07,0.01,0.195,0.03,0.165,0.05
21,21,,0.02,0.015,0.04,0.02,0.01,0.0,0.02,0.005,0.125,0.01,0.0,0.015,0.015,0.01,0.055,0.01,0.055,0.005,0.0,0.085,0.005,0.355,0.035,0.045,0.045
21,21,,0.0,0.0,0.135,0.025,0.0,0.0,0.0,0.005,0.005,0.01,0.0,0.03,0.06,0.005,0.005,0.0,0.005,0.0,0.01,0.035,0.01,0.575,0.0,0.08,0.005
21,21,,0.005,0.015,0.015,0.04,0.01,0.0,0.005,0.025,0.045,0.015,0.005,0.005,0.025,0.01,0.02,0.025,0.03,0.0,0.01,0.11,0.0,0.5,0.02,0.01,0.055
21,14,,0.01,0.095,0.03,0.045,0.0,0.055,0.065,0.025,0.025,0.0,0.025,0.04,0.04,0.095,0.315,0.0,0.0,0.005,0.0,0.05,0.005,0.025,0.01,0.025,0.015
21,21,,0.015,0.01,0.015,0.005,0.005,0.005,0.005,0.01,0.0,0.0,0.015,0.005,0.01,0.0,0.01,0.0,0.005,0.0,0.0,0.035,0.005,0.825,0.01,0.01,0.0
21,21,,0.01,0.015,0.065,0.035,0.01,0.0,0.01,0.02,0.015,0.015,0.005,0.005,0.05,0.0,0.02,0.01,0.035,0.005,0.01,0.065,0.015,0.53,0.0,0.035,0.02
21,21,,0.0,0.01,0.025,0.045,0.01,0.0,0.005,0.025,0.075,0.01,0.01,0.035,0.05,0.005,0.03,0.01,0.015,0.0,0.0,0.055,0.0,0.51,0.005,0.035,0.035
21,21,,0.01,0.0,0.06,0.005,0.005,0.0,0.0,0.005,0.0,0.01,0.0,0.02,0.025,0.005,0.01,0.005,0.0,0.0,0.0,0.01,0.0,0.815,0.0,0.015,0.0
21,21,,0.005,0.0,0.06,0.0,0.0,0.0,0.0,0.03,0.005,0.0,0.005,0.01,0.05,0.0,0.005,0.0,0.0,0.005,0.005,0.025,0.015,0.745,0.0,0.035,0.0
21,1,,0.015,0.375,0.04,0.01,0.0,0.055,0.03,0.0,0.005,0.005,0.03,0.02,0.035,0.06,0.145,0.01,0.005,0.0,0.005,0.025,0.005,0.08,0.02,0.01,0.015
21,21,,0.02,0.005,0.085,0.015,0.01,0.005,0.0,0.05,0.0,0.0,0.0,0.055,0.085,0.005,0.005,0.005,0.0,0.005,0.0,0.06,0.01,0.505,0.0,0.065,0.01
21,21,,0.01,0.0,0.06,0.065,0.005,0.0,0.01,0.025,0.0,0.0,0.005,0.015,0.165,0.005,0.005,0.0,0.0,0.0,0.005,0.015,0.005,0.48,0.005,0.115,0.005
21,21,,0.01,0.03,0.11,0.05,0.0,0.0,0.01,0.015,0.01,0.0,0.0,0.115,0.08,0.005,0.015,0.0,0.0,0.0,0.0,0.03,0.0,0.485,0.005,0.03,0.0
21,21,,0.035,0.025,0.015,0.015,0.005,0.015,0.04,0.05,0.07,0.005,0.005,0.13,0.035,0.01,0.055,0.02,0.015,0.0,0.005,0.15,0.0,0.26,0.02,0.005,0.015
21,21,,0.03,0.005,0.01,0.025,0.005,0.005,0.02,0.015,0.045,0.005,0.01,0.0,0.015,0.005,0.015,0.01,0.05,0.01,0.01,0.13,0.02,0.49,0.015,0.025,0.03
21,11,,0.005,0.18,0.095,0.015,0.0,0.005,0.005,0.025,0.0,0.0,0.0,0.315,0.025,0.005,0.025,0.005,0.0,0.0,0.0,0.105,0.0,0.18,0.0,0.01,0.0
21,21,,0.0,0.005,0.03,0.085,0.015,0.0,0.015,0.02,0.045,0.07,0.01,0.015,0.05,0.005,0.015,0.0,0.02,0.0,0.0,0.175,0.005,0.285,0.01,0.11,0.015
21,1,,0.0,0.275,0.07,0.03,0.0,0.02,0.01,0.02,0.005,0.01,0.02,0.175,0.025,0.01,0.07,0.0,0.0,0.0,0.0,0.105,0.0,0.14,0.005,0.005,0.005
21,21,,0.005,0.03,0.035,0.05,0.015,0.01,0.005,0.025,0.05,0.025,0.0,0.025,0.025,0.0,0.025,0.025,0.04,0.005,0.005,0.125,0.005,0.345,0.015,0.03,0.08
21,21,,0.01,0.015,0.045,0.03,0.0,0.0,0.0,0.015,0.0,0.0,0.0,0.035,0.055,0.0,0.0,0.01,0.005,0.0,0.0,0.02,0.005,0.715,0.0,0.04,0.0
21,21,,0.045,0.035,0.0,0.025,0.0,0.01,0.015,0.03,0.095,0.01,0.005,0.01,0.01,0.005,0.01,0.03,0.1,0.0,0.025,0.11,0.035,0.26,0.065,0.015,0.055
21,21,,0.01,0.035,0.08,0.01,0.0,0.01,0.01,0.005,0.015,0.0,0.03,0.005,0.01,0.0,0.04,0.005,0.01,0.0,0.0,0.005,0.005,0.71,0.0,0.005,0.0
21,21,,0.01,0.005,0.09,0.015,0.0,0.0,0.0,0.015,0.005,0.0,0.015,0.01,0.035,0.005,0.005,0.005,0.0,0.0,0.0,0.01,0.005,0.755,0.0,0.01,0.005
21,21,,0.0,0.0,0.1,0.035,0.0,0.0,0.005,0.01,0.005,0.0,0.005,0.06,0.055,0.0,0.01,0.005,0.005,0.01,0.0,0.05,0.0,0.615,0.005,0.025,0.0
21,11,,0.01,0.03,0.085,0.11,0.0,0.015,0.0,0.01,0.035,0.015,0.01,0.27,0.045,0.0,0.02,0.005,0.005,0.0,0.0,0.085,0.005,0.2,0.0,0.045,0.0
21,21,,0.0,0.0,0.04,0.035,0.005,0.005,0.005,0.015,0.0,0.015,0.0,0.01,0.035,0.005,0.02,0.025,0.005,0.0,0.005,0.08,0.005,0.62,0.0,0.025,0.045
21,21,,0.01,0.035,0.03,0.03,0.0,0.01,0.0,0.01,0.025,0.035,0.0,0.005,0.055,0.005,0.02,0.04,0.07,0.005,0.005,0.105,0.005,0.36,0.015,0.03,0.095
21,11,,0.0,0.135,0.07,0.065,0.0,0.02,0.005,0.02,0.0,0.01,0.005,0.33,0.02,0.005,0.015,0.0,0.0,0.0,0.0,0.07,0.005,0.19,0.0,0.03,0.005
21,21,,0.025,0.02,0.0,0.015,0.005,0.0,0.01,0.015,0.075,0.01,0.01,0.0,0.045,0.015,0.0,0.035,0.06,0.005,0.02,0.11,0.02,0.44,0.025,0.01,0.03
21,21,,0.015,0.01,0.035,0.01,0.005,0.0,0.0,0.02,0.005,0.0,0.01,0.015,0.025,0.0,0.01,0.01,0.0,0.0,0.0,0.035,0.005,0.775,0.0,0.01,0.005
21,21,,0.005,0.005,0.05,0.005,0.005,0.0,0.0,0.01,0.0,0.0,0.0,0.02,0.035,0.0,0.0,0.0,0.0,0.005,0.0,0.01,0.0,0.83,0.0,0.02,0.0
21,21,,0.0,0.035,0.005,0.005,0.0,0.01,0.01,0.08,0.035,0.005,0.0,0.23,0.02,0.0,0.01,0.0,0.01,0.005,0.0,0.035,0.0,0.465,0.005,0.03,0.005
21,21,,0.01,0.015,0.135,0.025,0.005,0.0,0.005,0.015,0.0,0.0,0.005,0.045,0.04,0.0,0.005,0.005,0.0,0.0,0.0,0.015,0.01,0.645,0.0,0.02,0.0
21,1,,0.02,0.315,0.06,0.02,0.0,0.05,0.04,0.005,0.005,0.0,0.04,0.02,0.025,0.03,0.22,0.01,0.0,0.0,0.01,0.01,0.0,0.09,0.01,0.01,0.01
21,21,,0.005,0.045,0.075,0.0,0.005,0.0,0.015,0.005,0.005,0.0,0.025,0.0,0.035,0.0,0.03,0.005,0.005,0.0,0.0,0.01,0.0,0.71,0.02,0.005,0.0
21,21,,0.0,0.02,0.04,0.035,0.01,0.005,0.01,0.025,0.025,0.015,0.0,0.035,0.04,0.0,0.01,0.005,0.0,0.0,0.0,0.045,0.0,0.565,0.01,0.065,0.04
21,21,,0.005,0.13,0.135,0.025,0.0,0.02,0.005,0.005,0.02,0.01,0.005,0.08,0.015,0.015,0.13,0.0,0.005,0.0,0.0,0.07,0.0,0.285,0.005,0.03,0.005
21,21,,0.015,0.115,0.13,0.04,0.0,0.02,0.01,0.025,0.02,0.005,0.005,0.075,0.03,0.01,0.05,0.005,0.0,0.0,0.005,0.045,0.015,0.335,0.005,0.03,0.01
21,21,,0.035,0.015,0.015,0.005,0.0,0.005,0.01,0.0,0.025,0.015,0.0,0.005,0.01,0.005,0.01,0.005,0.06,0.005,0.0,0.065,0.005,0.675,0.005,0.01,0.015
21,21,,0.03,0.01,0.02,0.025,0.0,0.02,0.005,0.015,0.02,0.01,0.0,0.0,0.005,0.015,0.015,0.02,0.045,0.005,0.005,0.31,0.025,0.345,0.0,0.015,0.04
21,21,,0.02,0.045,0.035,0.055,0.02,0.01,0.005,0.03,0.095,0.015,0.005,0.045,0.02,0.01,0.025,0.02,0.015,0.0,0.0,0.055,0.015,0.26,0.015,0.11,0.075
21,21,,0.0,0.065,0.095,0.015,0.005,0.005,0.005,0.025,0.005,0.01,0.0,0.3,0.04,0.0,0.015,0.0,0.0,0.005,0.0,0.095,0.0,0.31,0.0,0.005,0.0
21,16,,0.045,0.035,0.065,0.025,0.015,0.0,0.005,0.04,0.005,0.0,0.02,0.01,0.035,0.01,0.0,0.01,0.195,0.005,0.01,0.14,0.01,0.145,0.0,0.165,0.01
21,21,,0.025,0.01,0.085,0.03,0.01,0.0,0.015,0.0,0.015,0.005,0.0,0.01,0.01,0.005,0.015,0.01,0.055,0.0,0.02,0.07,0.005,0.46,0.005,0.085,0.055
21,21,,0.01,0.0,0.07,0.16,0.0,0.0,0.02,0.025,0.03,0.025,0.01,0.055,0.07,0.0,0.015,0.0,0.01,0.0,0.0,0.135,0.005,0.24,0.015,0.095,0.01
21,21,,0.02,0.025,0.03,0.025,0.015,0.005,0.0,0.02,0.09,0.015,0.0,0.005,0.035,0.0,0.03,0.01,0.06,0.005,0.0,0.105,0.005,0.445,0.015,0.005,0.035
21,19,,0.025,0.06,0.01,0.025,0.01,0.01,0.04,0.07,0.075,0.02,0.005,0.025,0.02,0.005,0.065,0.005,0.06,0.02,0.005,0.2,0.025,0.11,0.075,0.0,0.035
22,22,,0.005,0.035,0.0,0.005,0.0,0.02,0.015,0.02,0.01,0.01,0.01,0.01,0.005,0.02,0.005,0.06,0.02,0.015,0.11,0.025,0.015,0.0,0.575,0.005,0.005
22,22,,0.01,0.035,0.005,0.01,0.005,0.01,0.025,0.03,0.065,0.02,0.01,0.075,0.01,0.0,0.065,0.01,0.045,0.035,0.01,0.055,0.07,0.025,0.34,0.01,0.025
22,22,,0.02,0.05,0.0,0.005,0.0,0.065,0.055,0.02,0.015,0.025,0.02,0.005,0.01,0.025,0.02,0.05,0.01,0.015,0.08,0.0,0.015,0.005,0.48,0.0,0.01
22,22,,0.015,0.02,0.0,0.0,0.005,0.03,0.035,0.015,0.03,0.005,0.025,0.005,0.005,0.025,0.01,0.065,0.01,0.005,0.15,0.02,0.02,0.005,0.495,0.0,0.005
22,14,,0.015,0.095,0.01,0.03,0.02,0.015,0.05,0.065,0.055,0.01,0.055,0.02,0.025,0.02,0.135,0.015,0.015,0.035,0.005,0.075,0.055,0.04,0.065,0.01,0.065
22,22,,0.015,0.045,0.0,0.0,0.0,0.045,0.025,0.04,0.02,0.0,0.015,0.005,0.005,0.04,0.005,0.075,0.015,0.03,0.145,0.01,0.015,0.0,0.45,0.0,0.0
22,22,,0.02,0.04,0.0,0.0,0.01,0.025,0.025,0.025,0.025,0.01,0.02,0.005,0.005,0.005,0.01,0.09,0.0,0.025,0.285,0.01,0.02,0.0,0.34,0.005,0.0
22,22,,0.03,0.03,0.005,0.005,0.005,0.04,0.015,0.015,0.05,0.005,0.005,0.03,0.0,0.035,0.04,0.015,0.045,0.015,0.005,0.055,0.075,0.015,0.445,0.005,0.015
22,22,,0.0,0.025,0.0,0.0,0.005,0.025,0.025,0.02,0.015,0.005,0.03,0.005,0.005,0.01,0.025,0.075,0.02,0.025,0.23,0.04,0.025,0.01,0.35,0.005,0.025
22,14,,0.01,0.04,0.005,0.01,0.005,0.08,0.05,0.035,0.055,0.015,0.03,0.015,0.015,0.045,0.195,0.025,0.015,0.005,0.015,0.04,0.03,0.025,0.19,0.0,0.05
22,22,,0.03,0.04,0.0,0.005,0.005,0.03,0.045,0.025,0.015,0.005,0.025,0.005,0.01,0.045,0.0,0.065,0.015,0.015,0.185,0.0,0.045,0.005,0.375,0.0,0.01
22,22,,0.035,0.035,0.01,0.015,0.0,0.095,0.04,0.01,0.005,0.0,0.035,0.015,0.0,0.02,0.15,0.005,0.005,0.015,0.0,0.04,0.005,0.025,0.42,0.005,0.015
22,22,,0.015,0.02,0.015,0.02,0.0,0.01,0.03,0.005,0.1,0.015,0.005,0.05,0.0,0.01,0.155,0.015,0.015,0.01,0.0,0.035,0.015,0.02,0.4,0.01,0.03
22,18,,0.025,0.025,0.01,0.0,0.01,0.02,0.02,0.03,0.025,0.01,0.01,0.015,0.01,0.005,0.025,0.075,0.015,0.07,0.285,0.03,0.01,0.005,0.25,0.005,0.015
23,23,,0.005,0.005,0.1,0.055,0.0,0.0,0.005,0.035,0.015,0.0,0.005,0.0,0.035,0.0,0.0,0.005,0.015,0.005,0.005,0.01,0.01,0.015,0.0,0.66,0.015
23,23,,0.01,0.015,0.02,0.04,0.06,0.0,0.01,0.085,0.015,0.04,0.01,0.01,0.03,0.0,0.005,0.0,0.03,0.025,0.01,0.155,0.0,0.035,0.005,0.38,0.01
23,23,,0.0,0.005,0.025,0.07,0.025,0.0,0.005,0.075,0.015,0.08,0.005,0.045,0.065,0.0,0.015,0.0,0.03,0.0,0.0,0.15,0.025,0.09,0.01,0.235,0.03
23,23,,0.025,0.025,0.0,0.01,0.015,0.01,0.0,0.0,0.005,0.005,0.02,0.0,0.0,0.0,0.0,0.01,0.0,0.005,0.0,0.01,0.02,0.01,0.0,0.83,0.0
23,21,,0.025,0.0,0.105,0.08,0.0,0.01,0.015,0.015,0.02,0.01,0.0,0.0,0.065,0.01,0.02,0.02,0.045,0.0,0.005,0.13,0.015,0.265,0.0,0.105,0.04
23,23,,0.0,0.0,0.0,0.015,0.02,0.0,0.0,0.0,0.01,0.02,0.005,0.01,0.015,0.0,0.01,0.0,0.0,0.0,0.0,0.025,0.01,0.005,0.005,0.84,0.01
23,23,,0.005,0.015,0.015,0.025,0.025,0.0,0.0,0.005,0.01,0.0,0.0,0.025,0.01,0.0,0.01,0.005,0.0,0.0,0.0,0.035,0.01,0.02,0.0,0.78,0.005
23,23,,0.01,0.02,0.2,0.035,0.01,0.0,0.005,0.02,0.02,0.005,0.01,0.005,0.01,0.0,0.01,0.005,0.05,0.0,0.01,0.03,0.01,0.02,0.0,0.505,0.01
23,23,,0.035,0.025,0.01,0.0,0.025,0.015,0.03,0.0,0.005,0.005,0.075,0.005,0.0,0.01,0.01,0.0,0.0,0.0,0.0,0.045,0.04,0.01,0.0,0.655,0.0
23,23,,0.01,0.0,0.0,0.01,0.01,0.0,0.0,0.02,0.0,0.0,0.0,0.0,0.01,0.0,0.0,0.005,0.005,0.0,0.005,0.01,0.01,0.01,0.0,0.88,0.015
23,23,,0.015,0.005,0.0,0.005,0.025,0.0,0.02,0.015,0.005,0.01,0.005,0.05,0.005,0.0,0.02,0.005,0.005,0.01,0.0,0.025,0.005,0.045,0.005,0.72,0.0
23,23,,0.005,0.005,0.065,0.03,0.005,0.0,0.005,0.01,0.0,0.01,0.005,0.0,0.025,0.0,0.0,0.01,0.015,0.0,0.015,0.025,0.01,0.045,0.0,0.7,0.015
23,23,,0.0,0.005,0.005,0.0,0.015,0.0,0.0,0.0,0.0,0.0,0.0,0.0,0.0,0.0,0.0,0.0,0.0,0.0,0.005,0.0,0.02,0.0,0.0,0.95,0.0
23,23,,0.005,0.0,0.01,0.01,0.03,0.0,0.0,0.02,0.025,0.01,0.015,0.035,0.02,0.0,0.0,0.02,0.0,0.01,0.005,0.035,0.0,0.02,0.0,0.725,0.005
23,23,,0.005,0.005,0.08,0.085,0.005,0.0,0.005,0.005,0.015,0.0,0.005,0.015,0.06,0.0,0.0,0.005,0.02,0.0,0.01,0.035,0.0,0.045,0.0,0.585,0.015
23,23,,0.005,0.0,0.0,0.005,0.02,0.0,0.0,0.0,0.005,0.0,0.005,0.0,0.0,0.005,0.0,0.005,0.005,0.0,0.0,0.005,0.01,0.0,0.0,0.93,0.0
23,23,,0.015,0.065,0.01,0.01,0.055,0.0,0.01,0.01,0.02,0.005,0.01,0.005,0.0,0.005,0.015,0.005,0.055,0.005,0.03,0.06,0.025,0.0,0.0,0.565,0.02
23,23,,0.005,0.015,0.025,0.02,0.025,0.0,0.0,0.03,0.035,0.01,0.01,0.045,0.03,0.005,0.0,0.02,0.0,0.005,0.0,0.05,0.02,0.035,0.005,0.595,0.015
23,23,,0.01,0.015,0.015,0.01,0.01,0.0,0.0,0.02,0.0,0.0,0.015,0.205,0.02,0.0,0.01,0.0,0.0,0.0,0.0,0.05,0.0,0.015,0.0,0.6,0.005
23,19,,0.005,0.01,0.0,0.03,0.05,0.0,0.005,0.015,0.075,0.13,0.01,0.055,0.03,0.0,0.005,0.0,0.01,0.02,0.0,0.3,0.01,0.035,0.0,0.14,0.065
23,23,,0.01,0.0,0.0,0.03,0.07,0.0,0.005,0.015,0.025,0.015,0.0,0.05,0.01,0.005,0.02,0.01,0.005,0.0,0.005,0.015,0.025,0.01,0.0,0.655,0.02
23,23,,0.0,0.005,0.01,0.01,0.025,0.0,0.005,0.06,0.03,0.09,0.01,0.01,0.03,0.0,0.01,0.0,0.025,0.03,0.01,0.15,0.01,0.035,0.0,0.44,0.005
23,23,,0.005,0.02,0.07,0.02,0.005,0.0,0.0,0.02,0.005,0.0,0.01,0.005,0.015,0.0,0.005,0.0,0.01,0.0,0.0,0.015,0.005,0.005,0.0,0.78,0.005
23,23,,0.005,0.005,0.2,0.045,0.005,0.0,0.005,0.0,0.01,0.005,0.0,0.01,0.03,0.0,0.0,0.0,0.02,0.0,0.0,0.02,0.0,0.035,0.0,0.59,0.015
23,11,,0.005,0.025,0.0,0.01,0.005,0.0,0.015,0.015,0.005,0.0,0.0,0.645,0.005,0.0,0.0,0.0,0.0,0.0,0.0,0.03,0.0,0.01,0.0,0.225,0.005
23,23,,0.025,0.01,0.005,0.02,0.075,0.0,0.01,0.025,0.01,0.005,0.035,0.03,0.01,0.0,0.0,0.005,0.005,0.005,0.0,0.03,0.03,0.0,0.01,0.645,0.01
23,21,,0.005,0.0,0.015,0.09,0.0,0.005,0.015,0.105,0.035,0.015,0.0,0.15,0.045,0.02,0.04,0.02,0.01,0.0,0.0,0.175,0.01,0.18,0.01,0.035,0.02
23,23,,0.01,0.03,0.065,0.07,0.015,0.0,0.005,0.17,0.01,0.01,0.015,0.01,0.025,0.0,0.01,0.0,0.1,0.0,0.005,0.11,0.01,0.075,0.01,0.215,0.03
23,23,,0.005,0.01,0.005,0.005,0.03,0.0,0.01,0.01,0.01,0.03,0.01,0.03,0.015,0.0,0.0,0.0,0.0,0.01,0.015,0.025,0.005,0.015,0.0,0.755,0.005
23,23,,0.01,0.0,0.015,0.015,0.035,0.0,0.005,0.04,0.025,0.025,0.03,0.0,0.02,0.0,0.0,0.0,0.01,0.01,0.005,0.08,0.01,0.03,0.0,0.625,0.01
23,23,,0.025,0.005,0.0,0.0,0.01,0.0,0.005,0.025,0.01,0.0,0.01,0.055,0.01,0.005,0.03,0.005,0.0,0.0,0.005,0.015,0.02,0.005,0.0,0.76,0.0
23,23,,0.0,0.005,0.005,0.005,0.01,0.0,0.0,0.01,0.0,0.005,0.005,0.005,0.0,0.0,0.005,0.0,0.0,0.0,0.0,0.005,0.0,0.005,0.0,0.93,0.005
24,11,,0.02,0.05,0.005,0.07,0.03,0.02,0.005,0.13,0.03,0.01,0.005,0.2,0.03,0.04,0.07,0.025,0.0,0.005,0.0,0.12,0.02,0.02,0.005,0.055,0.035
24,5,,0.0,0.025,0.005,0.01,0.0,0.315,0.04,0.015,0.05,0.015,0.015,0.02,0.005,0.185,0.105,0.01,0.005,0.005,0.005,0.04,0.01,0.01,0.075,0.005,0.03
24,24,,0.01,0.08,0.0,0.045,0.025,0.0,0.005,0.015,0.035,0.02,0.0,0.025,0.015,0.0,0.07,0.0,0.04,0.01,0.01,0.2,0.02,0.035,0.02,0.025,0.295
24,19,,0.05,0.055,0.015,0.0,0.005,0.075,0.015,0.01,0.08,0.055,0.01,0.015,0.015,0.025,0.085,0.035,0.02,0.0,0.025,0.115,0.035,0.055,0.03,0.065,0.11
24,24,,0.0,0.005,0.005,0.015,0.005,0.0,0.005,0.005,0.04,0.04,0.005,0.03,0.005,0.005,0.035,0.0,0.02,0.005,0.0,0.1,0.015,0.02,0.01,0.005,0.625
24,5,,0.03,0.03,0.01,0.0,0.005,0.415,0.025,0.015,0.095,0.03,0.025,0.005,0.0,0.13,0.035,0.01,0.005,0.0,0.005,0.02,0.02,0.01,0.035,0.0,0.045
24,5,,0.045,0.065,0.0,0.005,0.0,0.375,0.02,0.025,0.08,0.015,0.025,0.005,0.0,0.125,0.05,0.015,0.01,0.0,0.005,0.01,0.02,0.035,0.015,0.005,0.05
24,14,,0.05,0.07,0.02,0.005,0.005,0.12,0.025,0.015,0.075,0.01,0.045,0.025,0.0,0.05,0.125,0.015,0.015,0.0,0.005,0.095,0.05,0.07,0.035,0.025,0.05
24,5,,0.0,0.06,0.0,0.005,0.005,0.505,0.04,0.015,0.055,0.005,0.005,0.005,0.0,0.14,0.025,0.005,0.01,0.0,0.015,0.02,0.01,0.005,0.015,0.005,0.05
24,24,,0.0,0.015,0.0,0.035,0.005,0.0,0.005,0.005,0.04,0.055,0.005,0.025,0.005,0.0,0.035,0.0,0.025,0.005,0.0,0.22,0.005,0.0,0.01,0.0,0.505
