Adiac,rstc,TEST,1,MILLISECONDS,Generated by run_classification_experiment on 08/13/2024, 23:42:19. Encoder dictionary: {'1': 0, '10': 1, '11': 2, '12': 3, '13': 4, '14': 5, '15': 6, '16': 7, '17': 8, '18': 9, '19': 10, '2': 11, '20': 12, '21': 13, '22': 14, '23': 15, '24': 16, '25': 17, '26': 18, '27': 19, '28': 20, '29': 21, '3': 22, '30': 23, '31': 24, '32': 25, '33': 26, '34': 27, '35': 28, '36': 29, '37': 30, '4': 31, '5': 32, '6': 33, '7': 34, '8': 35, '9': 36}
{'batch_size': 100, 'contract_max_n_shapelet_samples': inf, 'estimator': None, 'max_shapelet_length': None, 'max_shapelets': None, 'n_jobs': 1, 'n_shapelet_samples': 15000, 'random_state': 1, 'shapelet_quality': 'Kolmogorov', 'time_limit_in_minutes': 0, 'transform_limit_in_minutes': 0}
0.7928388746803069,375991,14856,-1,102940672,37,N/A,-1,-1
0,0,,0.81,0.0,0.05,0.0,0.035,0.0,0.01,0.0,0.01,0.0,0.0,0.0,0.0,0.005,0.01,0.01,0.0,0.0,0.0,0.0,0.01,0.0,0.0,0.0,0.05,0.0,0.0,0.0,0.0,0.0,0.0,0.0,0.0,0.0,0.0,0.0,0.0
0,0,,0.855,0.0,0.01,0.0,0.01,0.0,0.0,0.0,0.005,0.0,0.0,0.0,0.015,0.01,0.01,0.0,0.0,0.0,0.0,0.0,0.06,0.0,0.0,0.0,0.015,0.0,0.005,0.0,0.0,0.0,0.005,0.0,0.0,0.0,0.0,0.0,0.0
0,0,,0.76,0.0,0.035,0.0,0.035,0.0,0.0,0.0,0.0,0.0,0.0,0.0,0.02,0.01,0.035,0.0,0.0,0.0,0.005,0.0,0.06,0.0,0.0,0.0,0.025,0.0,0.01,0.0,0.0,0.0,0.0,0.0,0.0,0.0,0.0,0.005,0.0
0,0,,0.865,0.0,0.04,0.0,0.015,0.0,0.025,0.0,0.005,0.0,0.0,0.0,0.0,0.01,0.005,0.01,0.0,0.0,0.0,0.0,0.005,0.0,0.0,0.0,0.02,0.0,0.0,0.0,0.0,0.0,0.0,0.0,0.0,0.0,0.0,0.0,0.0
0,0,,0.825,0.0,0.01,0.0,0.01,0.0,0.025,0.0,0.005,0.0,0.0,0.0,0.01,0.005,0.025,0.005,0.0,0.0,0.0,0.0,0.015,0.0,0.0,0.005,0.055,0.0,0.0,0.0,0.0,0.0,0.005,0.0,0.0,0.0,0.0,0.0,0.0
0,0,,0.75,0.0,0.015,0.0,0.0,0.0,0.095,0.0,0.005,0.0,0.0,0.0,0.005,0.005,0.005,0.015,0.0,0.0,0.0,0.0,0.035,0.0,0.0,0.0,0.05,0.0,0.005,0.0,0.0,0.0,0.01,0.0,0.0,0.0,0.0,0.005,0.0
0,0,,0.925,0.0,0.0,0.0,0.0,0.0,0.04,0.0,0.0,0.0,0.0,0.0,0.0,0.0,0.005,0.0,0.0,0.0,0.0,0.0,0.015,0.005,0.0,0.0,0.01,0.0,0.0,0.0,0.0,0.0,0.0,0.0,0.0,0.0,0.0,0.0,0.0
1,1,,0.0,0.775,0.02,0.0,0.01,0.0,0.0,0.0,0.005,0.0,0.0,0.055,0.005,0.03,0.0,0.015,0.0,0.0,0.0,0.0,0.0,0.0,0.005,0.0,0.005,0.0,0.0,0.0,0.0,0.005,0.005,0.04,0.0,0.0,0.005,0.02,0.0
1,1,,0.0,0.905,0.02,0.0,0.005,0.0,0.0,0.0,0.0,0.0,0.0,0.035,0.0,0.01,0.005,0.005,0.0,0.0,0.005,0.0,0.0,0.0,0.005,0.0,0.0,0.0,0.0,0.0,0.0,0.0,0.0,0.005,0.0,0.0,0.0,0.0,0.0
1,1,,0.0,0.93,0.015,0.0,0.01,0.0,0.0,0.0,0.005,0.0,0.0,0.01,0.0,0.0,0.005,0.005,0.0,0.0,0.0,0.0,0.0,0.0,0.0,0.0,0.0,0.0,0.0,0.0,0.0,0.0,0.0,0.015,0.0,0.0,0.0,0.005,0.0
1,1,,0.0,0.67,0.03,0.0,0.01,0.0,0.0,0.0,0.0,0.02,0.0,0.065,0.0,0.0,0.0,0.0,0.005,0.0,0.005,0.0,0.0,0.0,0.02,0.0,0.0,0.005,0.0,0.0,0.0,0.0,0.0,0.155,0.01,0.005,0.0,0.0,0.0
1,1,,0.0,0.98,0.005,0.0,0.0,0.0,0.0,0.0,0.0,0.0,0.0,0.01,0.0,0.0,0.0,0.0,0.0,0.0,0.0,0.0,0.0,0.0,0.0,0.0,0.0,0.005,0.0,0.0,0.0,0.0,0.0,0.0,0.0,0.0,0.0,0.0,0.0
1,1,,0.0,0.785,0.095,0.005,0.01,0.01,0.0,0.0,0.005,0.005,0.0,0.01,0.005,0.01,0.0,0.0,0.0,0.0,0.0,0.0,0.0,0.0,0.01,0.0,0.005,0.0,0.0,0.0,0.0,0.01,0.0,0.015,0.005,0.005,0.0,0.01,0.0
1,1,,0.0,0.77,0.0,0.0,0.005,0.0,0.0,0.0,0.0,0.015,0.0,0.12,0.0,0.0,0.0,0.0,0.0,0.0,0.0,0.0,0.0,0.0,0.0,0.0,0.0,0.0,0.0,0.0,0.0,0.0,0.0,0.09,0.0,0.0,0.0,0.0,0.0
1,11,,0.0,0.035,0.0,0.0,0.0,0.0,0.0,0.0,0.0,0.025,0.05,0.64,0.0,0.0,0.0,0.0,0.005,0.01,0.015,0.0,0.0,0.005,0.015,0.0,0.0,0.0,0.0,0.0,0.0,0.0,0.0,0.195,0.0,0.0,0.0,0.005,0.0
1,1,,0.0,0.735,0.03,0.005,0.005,0.0,0.0,0.0,0.0,0.02,0.005,0.095,0.005,0.0,0.005,0.0,0.005,0.005,0.0,0.0,0.0,0.0,0.015,0.0,0.0,0.0,0.0,0.0,0.0,0.0,0.0,0.065,0.0,0.0,0.0,0.005,0.0
2,2,,0.0,0.0,0.83,0.015,0.0,0.015,0.005,0.005,0.005,0.0,0.005,0.0,0.005,0.005,0.0,0.015,0.005,0.0,0.0,0.0,0.01,0.0,0.0,0.005,0.015,0.0,0.01,0.0,0.0,0.025,0.0,0.0,0.005,0.005,0.0,0.015,0.0
2,2,,0.025,0.005,0.53,0.015,0.09,0.0,0.01,0.0,0.0,0.0,0.0,0.0,0.015,0.035,0.01,0.03,0.0,0.0,0.015,0.0,0.02,0.0,0.0,0.0,0.035,0.0,0.0,0.0,0.0,0.005,0.02,0.0,0.0,0.0,0.0,0.135,0.005
2,2,,0.0,0.025,0.65,0.0,0.005,0.01,0.0,0.005,0.005,0.03,0.025,0.025,0.0,0.005,0.01,0.0,0.0,0.01,0.015,0.0,0.005,0.0,0.005,0.01,0.0,0.0,0.005,0.0,0.015,0.025,0.005,0.02,0.02,0.025,0.0,0.015,0.03
2,2,,0.085,0.0,0.41,0.0,0.1,0.0,0.02,0.005,0.005,0.005,0.0,0.0,0.02,0.0,0.035,0.025,0.005,0.0,0.005,0.0,0.04,0.0,0.01,0.005,0.025,0.02,0.02,0.0,0.0,0.0,0.035,0.0,0.0,0.0,0.005,0.12,0.0
2,2,,0.0,0.025,0.78,0.015,0.015,0.0,0.0,0.015,0.0,0.01,0.0,0.0,0.005,0.005,0.005,0.0,0.0,0.02,0.01,0.0,0.005,0.0,0.0,0.0,0.0,0.0,0.0,0.0,0.005,0.005,0.01,0.005,0.0,0.0,0.005,0.055,0.005
2,2,,0.0,0.015,0.615,0.01,0.005,0.005,0.005,0.0,0.005,0.005,0.0,0.0,0.0,0.0,0.01,0.01,0.0,0.0,0.025,0.0,0.01,0.0,0.0,0.0,0.005,0.005,0.015,0.0,0.0,0.015,0.025,0.0,0.0,0.0,0.0,0.215,0.0
2,2,,0.0,0.035,0.69,0.03,0.02,0.005,0.005,0.0,0.005,0.005,0.0,0.0,0.0,0.01,0.01,0.015,0.0,0.0,0.005,0.0,0.0,0.0,0.005,0.0,0.0,0.005,0.005,0.0,0.0,0.01,0.02,0.0,0.0,0.0,0.0,0.12,0.0
2,2,,0.055,0.005,0.485,0.005,0.115,0.0,0.025,0.0,0.0,0.005,0.0,0.0,0.01,0.05,0.015,0.02,0.0,0.005,0.005,0.0,0.03,0.0,0.0,0.0,0.05,0.005,0.02,0.0,0.0,0.005,0.01,0.0,0.0,0.0,0.0,0.08,0.0
2,2,,0.03,0.02,0.7,0.0,0.035,0.005,0.025,0.005,0.005,0.0,0.0,0.0,0.0,0.015,0.01,0.01,0.0,0.0,0.0,0.0,0.035,0.0,0.0,0.0,0.01,0.0,0.01,0.005,0.0,0.0,0.025,0.005,0.0,0.0,0.0,0.045,0.005
2,2,,0.0,0.015,0.735,0.0,0.0,0.02,0.0,0.005,0.01,0.015,0.01,0.005,0.005,0.0,0.015,0.0,0.0,0.0,0.03,0.0,0.005,0.0,0.0,0.01,0.0,0.005,0.005,0.0,0.0,0.02,0.01,0.025,0.005,0.01,0.0,0.02,0.02
3,3,,0.0,0.0,0.01,0.925,0.005,0.0,0.0,0.005,0.0,0.0,0.0,0.0,0.01,0.02,0.0,0.015,0.0,0.0,0.0,0.0,0.0,0.0,0.005,0.0,0.0,0.0,0.005,0.0,0.0,0.0,0.0,0.0,0.0,0.0,0.0,0.0,0.0
3,3,,0.0,0.0,0.005,0.94,0.0,0.0,0.005,0.03,0.0,0.0,0.0,0.0,0.005,0.0,0.0,0.0,0.0,0.0,0.0,0.0,0.0,0.0,0.0,0.0,0.0,0.0,0.005,0.0,0.0,0.0,0.0,0.0,0.0,0.0,0.0,0.0,0.01
3,3,,0.0,0.0,0.0,0.84,0.0,0.0,0.0,0.015,0.0,0.0,0.0,0.0,0.055,0.03,0.0,0.02,0.0,0.0,0.0,0.0,0.0,0.0,0.005,0.0,0.01,0.0,0.01,0.0,0.0,0.0,0.0,0.0,0.0,0.0,0.0,0.01,0.005
3,3,,0.0,0.0,0.005,0.975,0.0,0.0,0.0,0.01,0.0,0.0,0.0,0.0,0.0,0.0,0.0,0.0,0.0,0.0,0.0,0.0,0.0,0.0,0.0,0.0,0.0,0.0,0.0,0.0,0.0,0.01,0.0,0.0,0.0,0.0,0.0,0.0,0.0
3,3,,0.0,0.0,0.0,0.985,0.005,0.0,0.0,0.0,0.0,0.0,0.0,0.0,0.01,0.0,0.0,0.0,0.0,0.0,0.0,0.0,0.0,0.0,0.0,0.0,0.0,0.0,0.0,0.0,0.0,0.0,0.0,0.0,0.0,0.0,0.0,0.0,0.0
3,3,,0.0,0.0,0.0,0.985,0.0,0.0,0.0,0.01,0.0,0.0,0.0,0.0,0.0,0.0,0.0,0.0,0.0,0.0,0.0,0.0,0.0,0.0,0.0,0.0,0.0,0.0,0.0,0.0,0.0,0.005,0.0,0.0,0.0,0.0,0.0,0.0,0.0
3,3,,0.0,0.0,0.005,0.965,0.0,0.0,0.0,0.005,0.0,0.0,0.0,0.0,0.005,0.0,0.0,0.0,0.0,0.0,0.0,0.0,0.0,0.0,0.0,0.0,0.0,0.0,0.005,0.0,0.0,0.01,0.0,0.0,0.0,0.0,0.0,0.0,0.005
3,3,,0.0,0.0,0.0,0.985,0.0,0.0,0.0,0.01,0.0,0.0,0.0,0.0,0.0,0.0,0.0,0.0,0.0,0.0,0.0,0.0,0.0,0.0,0.0,0.0,0.0,0.0,0.0,0.0,0.0,0.005,0.0,0.0,0.0,0.0,0.0,0.0,0.0
3,3,,0.0,0.0,0.005,0.905,0.005,0.0,0.0,0.055,0.0,0.0,0.0,0.0,0.015,0.0,0.0,0.0,0.0,0.0,0.005,0.0,0.0,0.0,0.0,0.0,0.0,0.0,0.0,0.0,0.0,0.01,0.0,0.0,0.0,0.0,0.0,0.0,0.0
3,3,,0.0,0.0,0.005,0.995,0.0,0.0,0.0,0.0,0.0,0.0,0.0,0.0,0.0,0.0,0.0,0.0,0.0,0.0,0.0,0.0,0.0,0.0,0.0,0.0,0.0,0.0,0.0,0.0,0.0,0.0,0.0,0.0,0.0,0.0,0.0,0.0,0.0
3,3,,0.005,0.0,0.04,0.715,0.015,0.0,0.0,0.015,0.025,0.0,0.0,0.0,0.065,0.07,0.0,0.015,0.0,0.0,0.005,0.0,0.015,0.005,0.0,0.0,0.0,0.0,0.0,0.0,0.0,0.0,0.0,0.0,0.0,0.0,0.0,0.01,0.0
3,3,,0.005,0.0,0.005,0.78,0.005,0.0,0.01,0.17,0.005,0.0,0.0,0.0,0.0,0.0,0.0,0.0,0.0,0.0,0.0,0.0,0.0,0.0,0.0,0.0,0.0,0.0,0.005,0.0,0.0,0.005,0.0,0.0,0.0,0.0,0.0,0.0,0.01
3,3,,0.0,0.0,0.005,0.955,0.0,0.0,0.0,0.015,0.005,0.0,0.0,0.0,0.0,0.0,0.0,0.0,0.0,0.0,0.0,0.0,0.0,0.0,0.0,0.0,0.0,0.0,0.0,0.0,0.0,0.015,0.0,0.0,0.0,0.0,0.0,0.005,0.0
3,3,,0.0,0.0,0.0,0.99,0.0,0.0,0.0,0.0,0.0,0.0,0.0,0.0,0.005,0.0,0.0,0.0,0.0,0.0,0.0,0.0,0.0,0.0,0.0,0.0,0.0,0.0,0.0,0.0,0.0,0.005,0.0,0.0,0.0,0.0,0.0,0.0,0.0
4,4,,0.065,0.0,0.02,0.0,0.62,0.0,0.0,0.005,0.005,0.0,0.0,0.0,0.055,0.11,0.0,0.085,0.0,0.0,0.005,0.005,0.005,0.0,0.0,0.005,0.01,0.0,0.0,0.0,0.0,0.0,0.0,0.0,0.0,0.0,0.0,0.005,0.0
4,4,,0.175,0.0,0.06,0.0,0.455,0.0,0.07,0.0,0.01,0.0,0.0,0.0,0.03,0.055,0.005,0.055,0.0,0.0,0.0,0.0,0.02,0.0,0.0,0.005,0.045,0.0,0.005,0.005,0.0,0.005,0.0,0.0,0.0,0.0,0.0,0.0,0.0
4,4,,0.02,0.0,0.005,0.0,0.445,0.005,0.0,0.0,0.0,0.0,0.0,0.0,0.065,0.25,0.0,0.155,0.0,0.0,0.0,0.0,0.025,0.0,0.0,0.0,0.01,0.0,0.005,0.0,0.0,0.0,0.0,0.0,0.0,0.0,0.0,0.015,0.0
4,4,,0.04,0.0,0.025,0.0,0.69,0.0,0.0,0.0,0.0,0.0,0.0,0.0,0.01,0.035,0.005,0.085,0.0,0.0,0.01,0.0,0.025,0.0,0.0,0.005,0.005,0.0,0.0,0.0,0.0,0.0,0.0,0.005,0.0,0.0,0.0,0.06,0.0
4,4,,0.035,0.0,0.015,0.0,0.81,0.0,0.005,0.0,0.0,0.0,0.0,0.0,0.01,0.025,0.005,0.06,0.0,0.0,0.0,0.0,0.01,0.0,0.0,0.0,0.02,0.0,0.0,0.0,0.0,0.0,0.0,0.0,0.0,0.0,0.0,0.005,0.0
4,0,,0.765,0.0,0.025,0.0,0.045,0.0,0.015,0.0,0.005,0.0,0.0,0.0,0.01,0.005,0.015,0.01,0.0,0.0,0.005,0.0,0.06,0.0,0.0,0.0,0.03,0.0,0.01,0.0,0.0,0.0,0.0,0.0,0.0,0.0,0.0,0.0,0.0
4,15,,0.07,0.0,0.01,0.0,0.16,0.0,0.005,0.0,0.0,0.0,0.0,0.0,0.16,0.01,0.03,0.175,0.0,0.0,0.045,0.0,0.165,0.0,0.0,0.005,0.015,0.02,0.0,0.0,0.0,0.0,0.0,0.0,0.0,0.0,0.005,0.125,0.0
4,4,,0.085,0.0,0.02,0.005,0.695,0.0,0.01,0.0,0.0,0.0,0.0,0.0,0.005,0.04,0.0,0.08,0.0,0.0,0.01,0.0,0.005,0.0,0.0,0.005,0.025,0.0,0.0,0.0,0.0,0.0,0.0,0.0,0.0,0.0,0.0,0.015,0.0
4,4,,0.06,0.0,0.035,0.0,0.72,0.0,0.005,0.0,0.0,0.0,0.0,0.0,0.005,0.03,0.0,0.085,0.0,0.0,0.005,0.0,0.03,0.0,0.0,0.005,0.005,0.0,0.0,0.0,0.0,0.0,0.0,0.0,0.0,0.0,0.0,0.015,0.0
4,4,,0.185,0.005,0.05,0.0,0.51,0.0,0.0,0.0,0.005,0.0,0.0,0.005,0.015,0.035,0.01,0.035,0.0,0.0,0.0,0.0,0.075,0.0,0.0,0.0,0.03,0.0,0.01,0.0,0.0,0.0,0.005,0.0,0.0,0.0,0.0,0.025,0.0
4,4,,0.025,0.005,0.015,0.0,0.7,0.0,0.01,0.0,0.0,0.0,0.0,0.0,0.03,0.105,0.0,0.08,0.0,0.0,0.0,0.0,0.015,0.0,0.0,0.0,0.005,0.0,0.0,0.0,0.0,0.005,0.0,0.005,0.0,0.0,0.0,0.0,0.0
4,4,,0.185,0.0,0.05,0.0,0.595,0.0,0.02,0.0,0.01,0.0,0.0,0.0,0.01,0.015,0.005,0.045,0.0,0.0,0.0,0.0,0.0,0.005,0.0,0.0,0.03,0.0,0.01,0.0,0.0,0.0,0.005,0.0,0.0,0.0,0.0,0.015,0.0
4,4,,0.05,0.0,0.025,0.0,0.73,0.0,0.0,0.0,0.0,0.0,0.0,0.0,0.015,0.02,0.005,0.065,0.0,0.0,0.005,0.0,0.015,0.0,0.0,0.005,0.015,0.005,0.0,0.0,0.0,0.0,0.0,0.0,0.0,0.0,0.0,0.045,0.0
4,4,,0.025,0.0,0.02,0.0,0.595,0.0,0.0,0.0,0.005,0.0,0.0,0.0,0.02,0.135,0.005,0.125,0.0,0.0,0.005,0.0,0.01,0.0,0.005,0.0,0.01,0.0,0.0,0.0,0.0,0.0,0.0,0.01,0.0,0.0,0.0,0.03,0.0
5,5,,0.035,0.0,0.005,0.0,0.01,0.165,0.005,0.01,0.01,0.0,0.0,0.0,0.01,0.005,0.01,0.005,0.07,0.0,0.005,0.0,0.14,0.115,0.0,0.02,0.095,0.0,0.12,0.005,0.0,0.0,0.15,0.005,0.0,0.0,0.0,0.0,0.005
5,5,,0.0,0.005,0.0,0.0,0.0,0.87,0.0,0.0,0.0,0.0,0.015,0.0,0.0,0.0,0.01,0.0,0.015,0.01,0.005,0.0,0.0,0.0,0.005,0.01,0.0,0.0,0.005,0.0,0.01,0.0,0.005,0.0,0.015,0.01,0.005,0.005,0.0
5,5,,0.0,0.0,0.0,0.0,0.0,0.9,0.0,0.0,0.0,0.01,0.02,0.0,0.0,0.0,0.005,0.0,0.0,0.0,0.0,0.005,0.0,0.0,0.0,0.005,0.0,0.0,0.0,0.0,0.0,0.0,0.0,0.0,0.02,0.03,0.005,0.0,0.0
5,5,,0.0,0.0,0.0,0.0,0.0,0.91,0.0,0.0,0.0,0.0,0.005,0.0,0.0,0.0,0.01,0.0,0.0,0.015,0.01,0.005,0.0,0.005,0.005,0.01,0.0,0.0,0.0,0.0,0.0,0.0,0.005,0.005,0.0,0.01,0.0,0.005,0.0
5,5,,0.005,0.0,0.005,0.0,0.0,0.925,0.0,0.0,0.005,0.0,0.0,0.0,0.0,0.0,0.0,0.0,0.005,0.01,0.005,0.0,0.0,0.0,0.0,0.015,0.0,0.0,0.005,0.0,0.0,0.005,0.005,0.0,0.0,0.005,0.0,0.005,0.0
5,5,,0.0,0.0,0.0,0.0,0.005,0.63,0.0,0.005,0.0,0.0,0.015,0.0,0.0,0.0,0.035,0.0,0.015,0.02,0.015,0.0,0.0,0.0,0.005,0.105,0.0,0.0,0.0,0.0,0.045,0.005,0.0,0.0,0.045,0.05,0.0,0.005,0.0
5,16,,0.005,0.005,0.0,0.0,0.0,0.11,0.0,0.0,0.0,0.0,0.015,0.0,0.0,0.005,0.01,0.0,0.375,0.01,0.015,0.0,0.0,0.005,0.005,0.01,0.0,0.0,0.345,0.005,0.0,0.0,0.035,0.0,0.01,0.01,0.015,0.01,0.0
5,5,,0.0,0.005,0.0,0.0,0.0,0.97,0.0,0.0,0.0,0.0,0.01,0.0,0.0,0.0,0.005,0.0,0.0,0.0,0.0,0.0,0.0,0.0,0.0,0.0,0.0,0.0,0.0,0.0,0.0,0.0,0.0,0.0,0.005,0.005,0.0,0.0,0.0
5,26,,0.0,0.0,0.0,0.0,0.005,0.095,0.0,0.0,0.0,0.0,0.0,0.0,0.015,0.0,0.005,0.005,0.27,0.0,0.035,0.0,0.02,0.035,0.0,0.045,0.0,0.005,0.435,0.0,0.0,0.0,0.015,0.0,0.0,0.0,0.005,0.01,0.0
6,6,,0.0,0.0,0.005,0.0,0.0,0.0,0.79,0.0,0.045,0.0,0.0,0.0,0.0,0.0,0.005,0.005,0.0,0.0,0.0,0.0,0.025,0.0,0.0,0.0,0.115,0.0,0.005,0.005,0.0,0.0,0.0,0.0,0.0,0.0,0.0,0.0,0.0
6,6,,0.04,0.0,0.0,0.0,0.0,0.0,0.935,0.0,0.0,0.0,0.0,0.0,0.0,0.0,0.005,0.005,0.0,0.0,0.0,0.0,0.005,0.0,0.0,0.0,0.01,0.0,0.0,0.0,0.0,0.0,0.0,0.0,0.0,0.0,0.0,0.0,0.0
6,6,,0.045,0.0,0.01,0.0,0.005,0.0,0.88,0.0,0.04,0.0,0.0,0.0,0.0,0.0,0.0,0.0,0.0,0.0,0.0,0.0,0.01,0.0,0.0,0.0,0.005,0.0,0.0,0.0,0.0,0.0,0.005,0.0,0.0,0.0,0.0,0.0,0.0
6,6,,0.135,0.0,0.0,0.0,0.005,0.0,0.82,0.0,0.01,0.0,0.0,0.0,0.0,0.0,0.0,0.01,0.0,0.0,0.0,0.0,0.005,0.0,0.0,0.0,0.01,0.0,0.005,0.0,0.0,0.0,0.0,0.0,0.0,0.0,0.0,0.0,0.0
6,6,,0.015,0.0,0.0,0.0,0.005,0.0,0.785,0.0,0.055,0.0,0.0,0.0,0.0,0.0,0.0,0.025,0.0,0.0,0.0,0.0,0.025,0.0,0.0,0.0,0.075,0.0,0.005,0.005,0.0,0.0,0.005,0.0,0.0,0.0,0.0,0.0,0.0
6,6,,0.075,0.0,0.0,0.0,0.0,0.0,0.88,0.0,0.03,0.0,0.0,0.0,0.0,0.0,0.0,0.0,0.0,0.0,0.0,0.0,0.005,0.0,0.0,0.0,0.01,0.0,0.0,0.0,0.0,0.0,0.0,0.0,0.0,0.0,0.0,0.0,0.0
6,6,,0.0,0.0,0.0,0.0,0.0,0.0,0.395,0.0,0.155,0.0,0.0,0.0,0.0,0.0,0.0,0.015,0.0,0.0,0.0,0.0,0.095,0.0,0.0,0.0,0.32,0.0,0.0,0.02,0.0,0.0,0.0,0.0,0.0,0.0,0.0,0.0,0.0
6,6,,0.085,0.0,0.0,0.0,0.0,0.0,0.865,0.0,0.005,0.0,0.0,0.0,0.0,0.0,0.0,0.005,0.0,0.0,0.0,0.0,0.005,0.0,0.0,0.0,0.03,0.0,0.0,0.0,0.0,0.0,0.005,0.0,0.0,0.0,0.0,0.0,0.0
6,6,,0.015,0.0,0.0,0.0,0.0,0.0,0.885,0.0,0.04,0.0,0.0,0.0,0.0,0.0,0.0,0.0,0.0,0.0,0.0,0.0,0.015,0.0,0.0,0.0,0.025,0.0,0.01,0.005,0.0,0.0,0.005,0.0,0.0,0.0,0.0,0.0,0.0
7,7,,0.0,0.0,0.015,0.205,0.0,0.0,0.0,0.665,0.015,0.0,0.0,0.0,0.025,0.005,0.0,0.005,0.005,0.005,0.0,0.0,0.01,0.005,0.0,0.0,0.0,0.005,0.0,0.0,0.0,0.025,0.005,0.0,0.0,0.0,0.0,0.0,0.005
7,7,,0.005,0.0,0.015,0.025,0.0,0.0,0.0,0.935,0.01,0.0,0.0,0.0,0.0,0.005,0.0,0.005,0.0,0.0,0.0,0.0,0.0,0.0,0.0,0.0,0.0,0.0,0.0,0.0,0.0,0.0,0.0,0.0,0.0,0.0,0.0,0.0,0.0
7,7,,0.0,0.0,0.005,0.0,0.0,0.0,0.0,0.95,0.0,0.0,0.0,0.0,0.0,0.0,0.0,0.0,0.0,0.0,0.0,0.0,0.005,0.0,0.0,0.01,0.005,0.0,0.005,0.005,0.0,0.0,0.01,0.0,0.0,0.0,0.0,0.0,0.005
7,7,,0.005,0.0,0.0,0.005,0.005,0.01,0.0,0.885,0.035,0.0,0.0,0.0,0.0,0.005,0.0,0.0,0.0,0.0,0.0,0.0,0.005,0.0,0.0,0.005,0.005,0.0,0.01,0.0,0.0,0.015,0.0,0.0,0.0,0.0,0.0,0.01,0.0
7,21,,0.005,0.005,0.115,0.01,0.01,0.025,0.005,0.015,0.11,0.0,0.015,0.0,0.005,0.015,0.025,0.005,0.045,0.0,0.01,0.0,0.095,0.12,0.005,0.055,0.06,0.0,0.075,0.005,0.0,0.005,0.11,0.0,0.005,0.01,0.0,0.005,0.03
7,7,,0.01,0.0,0.0,0.0,0.0,0.005,0.0,0.945,0.02,0.0,0.0,0.0,0.0,0.0,0.0,0.0,0.0,0.0,0.0,0.0,0.005,0.0,0.0,0.0,0.005,0.0,0.0,0.005,0.0,0.0,0.005,0.0,0.0,0.0,0.0,0.0,0.0
7,7,,0.015,0.0,0.01,0.025,0.0,0.005,0.005,0.87,0.03,0.0,0.0,0.0,0.005,0.0,0.0,0.005,0.0,0.0,0.0,0.0,0.005,0.005,0.0,0.0,0.01,0.0,0.0,0.005,0.0,0.0,0.005,0.0,0.0,0.0,0.0,0.0,0.0
7,7,,0.005,0.0,0.0,0.01,0.0,0.005,0.0,0.925,0.02,0.0,0.0,0.0,0.0,0.005,0.0,0.0,0.0,0.0,0.0,0.0,0.0,0.005,0.0,0.0,0.005,0.0,0.005,0.005,0.0,0.005,0.0,0.0,0.0,0.0,0.0,0.0,0.005
7,7,,0.005,0.005,0.0,0.01,0.0,0.0,0.0,0.935,0.01,0.0,0.0,0.0,0.0,0.005,0.0,0.0,0.0,0.0,0.0,0.0,0.0,0.0,0.0,0.0,0.005,0.0,0.005,0.0,0.0,0.015,0.0,0.0,0.0,0.0,0.0,0.005,0.0
7,7,,0.0,0.0,0.0,0.0,0.0,0.0,0.0,0.985,0.005,0.0,0.0,0.0,0.0,0.0,0.0,0.0,0.0,0.0,0.0,0.0,0.0,0.0,0.0,0.0,0.01,0.0,0.0,0.0,0.0,0.0,0.0,0.0,0.0,0.0,0.0,0.0,0.0
8,8,,0.005,0.0,0.0,0.005,0.0,0.0,0.02,0.0,0.945,0.0,0.0,0.0,0.0,0.0,0.0,0.0,0.0,0.0,0.0,0.0,0.0,0.0,0.0,0.0,0.01,0.0,0.0,0.0,0.0,0.005,0.0,0.0,0.0,0.0,0.0,0.0,0.01
8,8,,0.025,0.0,0.0,0.0,0.0,0.0,0.005,0.0,0.95,0.0,0.0,0.0,0.005,0.0,0.0,0.005,0.0,0.0,0.0,0.0,0.0,0.0,0.0,0.0,0.0,0.0,0.0,0.0,0.0,0.005,0.005,0.0,0.0,0.0,0.0,0.0,0.0
8,8,,0.0,0.0,0.005,0.005,0.0,0.0,0.005,0.0,0.98,0.0,0.0,0.0,0.0,0.0,0.0,0.0,0.0,0.0,0.0,0.0,0.0,0.0,0.0,0.0,0.005,0.0,0.0,0.0,0.0,0.0,0.0,0.0,0.0,0.0,0.0,0.0,0.0
8,8,,0.01,0.0,0.01,0.01,0.035,0.0,0.0,0.0,0.895,0.0,0.0,0.0,0.0,0.015,0.0,0.005,0.0,0.0,0.0,0.0,0.0,0.0,0.0,0.0,0.0,0.0,0.0,0.0,0.0,0.01,0.0,0.005,0.0,0.0,0.0,0.005,0.0
8,8,,0.005,0.0,0.0,0.0,0.0,0.0,0.04,0.005,0.94,0.0,0.0,0.0,0.0,0.0,0.0,0.0,0.0,0.0,0.0,0.0,0.005,0.0,0.0,0.0,0.005,0.0,0.0,0.0,0.0,0.0,0.0,0.0,0.0,0.0,0.0,0.0,0.0
8,8,,0.005,0.0,0.005,0.005,0.0,0.0,0.04,0.035,0.845,0.0,0.0,0.0,0.0,0.0,0.0,0.005,0.0,0.0,0.0,0.0,0.01,0.0,0.0,0.0,0.025,0.0,0.005,0.0,0.0,0.005,0.005,0.0,0.0,0.0,0.0,0.005,0.005
8,8,,0.015,0.0,0.02,0.01,0.02,0.0,0.005,0.0,0.865,0.0,0.005,0.0,0.0,0.0,0.0,0.01,0.0,0.0,0.0,0.0,0.01,0.0,0.0,0.0,0.02,0.0,0.005,0.0,0.0,0.0,0.005,0.0,0.0,0.0,0.005,0.005,0.0
8,8,,0.015,0.005,0.0,0.005,0.0,0.0,0.025,0.0,0.905,0.0,0.005,0.0,0.0,0.0,0.0,0.0,0.0,0.0,0.0,0.0,0.005,0.0,0.0,0.0,0.0,0.0,0.0,0.0,0.0,0.005,0.005,0.0,0.0,0.005,0.0,0.005,0.015
8,8,,0.03,0.01,0.01,0.01,0.02,0.0,0.03,0.02,0.785,0.005,0.005,0.0,0.005,0.0,0.005,0.025,0.0,0.0,0.0,0.0,0.005,0.005,0.0,0.0,0.01,0.0,0.0,0.0,0.0,0.0,0.0,0.005,0.0,0.0,0.0,0.005,0.01
9,9,,0.0,0.005,0.0,0.0,0.0,0.0,0.0,0.0,0.0,0.51,0.18,0.04,0.005,0.0,0.005,0.0,0.0,0.02,0.03,0.015,0.005,0.0,0.02,0.005,0.0,0.005,0.0,0.0,0.0,0.0,0.005,0.105,0.025,0.015,0.0,0.005,0.0
9,18,,0.0,0.01,0.005,0.0,0.085,0.0,0.0,0.0,0.005,0.015,0.015,0.025,0.025,0.005,0.035,0.05,0.0,0.065,0.27,0.005,0.06,0.0,0.01,0.025,0.0,0.02,0.005,0.0,0.0,0.0,0.03,0.075,0.005,0.0,0.005,0.15,0.0
9,9,,0.0,0.0,0.0,0.0,0.0,0.005,0.0,0.0,0.0,0.555,0.34,0.0,0.0,0.0,0.0,0.0,0.0,0.045,0.0,0.02,0.0,0.0,0.02,0.005,0.0,0.0,0.0,0.0,0.0,0.0,0.0,0.0,0.0,0.005,0.0,0.005,0.0
9,2,,0.0,0.05,0.11,0.005,0.005,0.03,0.0,0.0,0.0,0.08,0.1,0.03,0.0,0.0,0.09,0.0,0.01,0.035,0.04,0.045,0.005,0.005,0.035,0.035,0.005,0.015,0.02,0.0,0.01,0.01,0.0,0.055,0.07,0.025,0.01,0.07,0.0
9,9,,0.0,0.0,0.0,0.0,0.005,0.0,0.0,0.0,0.005,0.67,0.215,0.0,0.0,0.0,0.005,0.0,0.0,0.055,0.0,0.015,0.0,0.0,0.0,0.01,0.0,0.005,0.0,0.0,0.0,0.0,0.0,0.005,0.0,0.0,0.0,0.01,0.0
9,9,,0.0,0.0,0.0,0.0,0.0,0.0,0.0,0.0,0.0,0.76,0.12,0.005,0.0,0.0,0.005,0.0,0.0,0.02,0.005,0.01,0.0,0.0,0.02,0.005,0.0,0.0,0.005,0.0,0.0,0.0,0.0,0.025,0.01,0.01,0.0,0.0,0.0
9,9,,0.0,0.01,0.0,0.0,0.01,0.0,0.0,0.0,0.0,0.44,0.28,0.03,0.0,0.0,0.01,0.0,0.0,0.03,0.01,0.015,0.0,0.0,0.025,0.005,0.0,0.005,0.0,0.0,0.0,0.0,0.0,0.115,0.0,0.005,0.0,0.01,0.0
9,9,,0.0,0.0,0.0,0.0,0.005,0.0,0.0,0.0,0.0,0.32,0.18,0.065,0.01,0.0,0.0,0.0,0.0,0.035,0.025,0.02,0.0,0.0,0.02,0.005,0.0,0.0,0.0,0.0,0.0,0.0,0.005,0.31,0.0,0.0,0.0,0.0,0.0
9,9,,0.0,0.03,0.005,0.005,0.0,0.005,0.0,0.0,0.0,0.285,0.135,0.045,0.0,0.005,0.01,0.005,0.0,0.095,0.055,0.03,0.0,0.0,0.06,0.005,0.0,0.005,0.0,0.0,0.0,0.0,0.005,0.18,0.0,0.01,0.0,0.025,0.0
9,9,,0.0,0.005,0.0,0.0,0.0,0.0,0.0,0.0,0.0,0.62,0.235,0.025,0.0,0.0,0.0,0.0,0.0,0.045,0.0,0.005,0.0,0.0,0.0,0.005,0.0,0.0,0.0,0.0,0.0,0.0,0.0,0.035,0.0,0.025,0.0,0.0,0.0
9,18,,0.005,0.005,0.0,0.0,0.005,0.005,0.0,0.0,0.0,0.0,0.005,0.01,0.045,0.0,0.005,0.015,0.0,0.065,0.635,0.0,0.02,0.0,0.0,0.015,0.0,0.035,0.0,0.0,0.0,0.0,0.0,0.045,0.0,0.0,0.005,0.08,0.0
9,9,,0.0,0.0,0.0,0.0,0.0,0.0,0.0,0.0,0.0,0.44,0.34,0.0,0.0,0.0,0.05,0.0,0.0,0.04,0.0,0.11,0.0,0.0,0.0,0.0,0.0,0.005,0.0,0.0,0.0,0.0,0.0,0.0,0.0,0.01,0.0,0.005,0.0
9,9,,0.0,0.0,0.0,0.0,0.0,0.0,0.0,0.0,0.0,0.835,0.14,0.005,0.0,0.0,0.0,0.0,0.0,0.005,0.0,0.005,0.0,0.0,0.005,0.0,0.0,0.0,0.0,0.0,0.0,0.0,0.0,0.005,0.0,0.0,0.0,0.0,0.0
10,10,,0.0,0.0,0.005,0.0,0.0,0.005,0.0,0.0,0.0,0.035,0.325,0.0,0.0,0.0,0.04,0.0,0.0,0.015,0.0,0.01,0.0,0.0,0.005,0.015,0.0,0.0,0.005,0.0,0.28,0.0,0.0,0.0,0.065,0.165,0.0,0.025,0.005
10,10,,0.0,0.0,0.005,0.0,0.0,0.015,0.0,0.0,0.0,0.075,0.515,0.0,0.0,0.0,0.065,0.0,0.0,0.035,0.0,0.075,0.0,0.0,0.01,0.055,0.0,0.005,0.0,0.0,0.015,0.0,0.0,0.0,0.03,0.1,0.0,0.0,0.0
10,10,,0.0,0.0,0.0,0.0,0.0,0.005,0.0,0.0,0.0,0.085,0.575,0.005,0.0,0.0,0.015,0.0,0.0,0.015,0.0,0.16,0.0,0.0,0.005,0.03,0.0,0.0,0.0,0.0,0.005,0.0,0.0,0.0,0.025,0.075,0.0,0.0,0.0
10,10,,0.0,0.0,0.0,0.0,0.0,0.035,0.0,0.0,0.0,0.03,0.395,0.0,0.0,0.0,0.05,0.0,0.0,0.225,0.0,0.035,0.0,0.0,0.005,0.09,0.0,0.005,0.005,0.0,0.035,0.0,0.0,0.0,0.045,0.025,0.005,0.015,0.0
10,17,,0.0,0.0,0.0,0.0,0.0,0.0,0.0,0.0,0.0,0.0,0.135,0.0,0.0,0.0,0.05,0.0,0.0,0.225,0.01,0.13,0.0,0.0,0.005,0.195,0.0,0.03,0.0,0.0,0.0,0.0,0.0,0.0,0.01,0.01,0.195,0.005,0.0
10,10,,0.0,0.0,0.0,0.0,0.0,0.01,0.0,0.0,0.0,0.04,0.535,0.0,0.0,0.0,0.035,0.0,0.0,0.09,0.0,0.13,0.0,0.0,0.005,0.105,0.0,0.0,0.0,0.0,0.005,0.0,0.0,0.0,0.005,0.035,0.0,0.005,0.0
10,10,,0.0,0.0,0.0,0.0,0.005,0.01,0.0,0.0,0.0,0.045,0.51,0.0,0.0,0.0,0.065,0.0,0.0,0.075,0.005,0.035,0.0,0.0,0.015,0.095,0.0,0.005,0.0,0.0,0.025,0.0,0.0,0.0,0.01,0.095,0.0,0.005,0.0
10,10,,0.0,0.01,0.005,0.0,0.0,0.0,0.0,0.0,0.0,0.26,0.46,0.0,0.0,0.0,0.06,0.0,0.0,0.02,0.0,0.02,0.0,0.0,0.01,0.03,0.0,0.005,0.0,0.005,0.005,0.0,0.0,0.0,0.015,0.08,0.0,0.015,0.0
10,34,,0.0,0.0,0.0,0.0,0.0,0.005,0.0,0.0,0.0,0.0,0.02,0.0,0.015,0.0,0.05,0.0,0.005,0.08,0.13,0.005,0.005,0.0,0.0,0.165,0.0,0.14,0.0,0.0,0.0,0.0,0.03,0.0,0.005,0.0,0.33,0.015,0.0
10,10,,0.0,0.0,0.005,0.0,0.0,0.0,0.0,0.0,0.0,0.095,0.67,0.005,0.0,0.0,0.02,0.0,0.0,0.015,0.0,0.005,0.0,0.0,0.0,0.01,0.0,0.005,0.0,0.0,0.035,0.0,0.0,0.0,0.01,0.125,0.0,0.0,0.0
10,10,,0.0,0.0,0.0,0.0,0.0,0.01,0.0,0.0,0.0,0.095,0.505,0.0,0.0,0.0,0.03,0.0,0.0,0.04,0.0,0.095,0.0,0.0,0.005,0.075,0.0,0.0,0.0,0.0,0.02,0.0,0.0,0.0,0.035,0.085,0.0,0.005,0.0
10,10,,0.0,0.0,0.0,0.0,0.0,0.0,0.0,0.0,0.0,0.26,0.41,0.005,0.005,0.0,0.075,0.0,0.0,0.045,0.0,0.07,0.0,0.0,0.035,0.02,0.0,0.005,0.0,0.0,0.01,0.0,0.0,0.005,0.01,0.015,0.0,0.03,0.0
11,11,,0.0,0.205,0.0,0.0,0.0,0.0,0.0,0.0,0.0,0.0,0.01,0.73,0.0,0.0,0.0,0.0,0.0,0.0,0.0,0.0,0.0,0.0,0.005,0.0,0.0,0.0,0.0,0.0,0.0,0.005,0.0,0.04,0.0,0.0,0.0,0.005,0.0
11,11,,0.0,0.04,0.005,0.0,0.0,0.0,0.0,0.0,0.0,0.0,0.01,0.915,0.0,0.0,0.0,0.0,0.0,0.0,0.0,0.0,0.0,0.0,0.005,0.0,0.0,0.0,0.0,0.0,0.0,0.0,0.0,0.025,0.0,0.0,0.0,0.0,0.0
11,11,,0.0,0.17,0.0,0.0,0.0,0.0,0.0,0.0,0.0,0.03,0.025,0.615,0.0,0.01,0.0,0.0,0.0,0.005,0.005,0.0,0.0,0.0,0.005,0.0,0.0,0.0,0.0,0.0,0.0,0.0,0.0,0.135,0.0,0.0,0.0,0.0,0.0
11,11,,0.0,0.16,0.0,0.005,0.005,0.0,0.0,0.0,0.0,0.025,0.085,0.64,0.0,0.0,0.005,0.0,0.0,0.0,0.0,0.005,0.0,0.0,0.015,0.0,0.0,0.0,0.0,0.0,0.0,0.005,0.0,0.03,0.005,0.005,0.01,0.0,0.0
11,11,,0.0,0.005,0.0,0.0,0.0,0.0,0.0,0.0,0.0,0.01,0.0,0.955,0.0,0.0,0.0,0.0,0.0,0.015,0.0,0.0,0.0,0.0,0.0,0.0,0.0,0.0,0.0,0.0,0.0,0.0,0.0,0.015,0.0,0.0,0.0,0.0,0.0
11,11,,0.0,0.035,0.0,0.0,0.0,0.005,0.0,0.0,0.005,0.005,0.005,0.94,0.0,0.005,0.0,0.0,0.0,0.0,0.0,0.0,0.0,0.0,0.0,0.0,0.0,0.0,0.0,0.0,0.0,0.0,0.0,0.0,0.0,0.0,0.0,0.0,0.0
11,11,,0.0,0.475,0.0,0.0,0.0,0.0,0.0,0.0,0.0,0.0,0.0,0.485,0.0,0.0,0.0,0.0,0.0,0.0,0.0,0.0,0.0,0.0,0.0,0.0,0.0,0.0,0.0,0.0,0.0,0.005,0.0,0.03,0.0,0.0,0.0,0.005,0.0
11,1,,0.0,0.49,0.0,0.005,0.005,0.0,0.0,0.0,0.0,0.015,0.035,0.295,0.0,0.015,0.0,0.0,0.0,0.005,0.005,0.0,0.0,0.0,0.01,0.0,0.0,0.0,0.0,0.0,0.0,0.005,0.0,0.11,0.0,0.0,0.0,0.005,0.0
11,11,,0.0,0.01,0.0,0.0,0.0,0.005,0.0,0.0,0.0,0.005,0.015,0.925,0.0,0.0,0.0,0.0,0.0,0.01,0.0,0.0,0.0,0.0,0.005,0.0,0.0,0.0,0.0,0.0,0.0,0.0,0.0,0.015,0.005,0.0,0.0,0.005,0.0
11,11,,0.0,0.06,0.005,0.0,0.0,0.005,0.0,0.0,0.0,0.03,0.065,0.79,0.0,0.0,0.0,0.0,0.0,0.01,0.005,0.0,0.0,0.0,0.02,0.005,0.0,0.0,0.0,0.0,0.0,0.0,0.0,0.005,0.0,0.0,0.0,0.0,0.0
11,11,,0.0,0.04,0.0,0.0,0.0,0.005,0.0,0.0,0.0,0.04,0.085,0.765,0.0,0.0,0.01,0.0,0.0,0.01,0.01,0.0,0.0,0.0,0.01,0.0,0.0,0.0,0.0,0.0,0.0,0.0,0.0,0.02,0.0,0.005,0.0,0.0,0.0
11,11,,0.0,0.11,0.0,0.0,0.0,0.0,0.0,0.0,0.0,0.005,0.01,0.855,0.0,0.0,0.005,0.0,0.0,0.0,0.0,0.0,0.0,0.0,0.0,0.0,0.0,0.0,0.0,0.0,0.0,0.0,0.0,0.015,0.0,0.0,0.0,0.0,0.0
11,11,,0.0,0.015,0.0,0.0,0.0,0.0,0.0,0.0,0.005,0.0,0.01,0.915,0.0,0.0,0.0,0.0,0.0,0.0,0.005,0.005,0.0,0.0,0.01,0.0,0.0,0.0,0.0,0.0,0.0,0.0,0.0,0.03,0.005,0.0,0.0,0.0,0.0
12,12,,0.08,0.0,0.02,0.0,0.045,0.0,0.005,0.0,0.01,0.0,0.0,0.0,0.475,0.09,0.025,0.085,0.0,0.0,0.005,0.0,0.065,0.0,0.0,0.01,0.015,0.015,0.005,0.0,0.0,0.0,0.02,0.0,0.0,0.0,0.0,0.03,0.0
12,12,,0.01,0.0,0.005,0.015,0.025,0.0,0.0,0.01,0.0,0.0,0.0,0.0,0.6,0.135,0.005,0.04,0.0,0.0,0.025,0.0,0.03,0.005,0.0,0.0,0.01,0.01,0.0,0.0,0.0,0.0,0.0,0.0,0.0,0.0,0.0,0.075,0.0
12,18,,0.0,0.005,0.0,0.0,0.005,0.0,0.0,0.0,0.0,0.0,0.0,0.0,0.16,0.0,0.015,0.01,0.0,0.02,0.445,0.0,0.025,0.0,0.0,0.005,0.0,0.11,0.0,0.0,0.0,0.0,0.0,0.0,0.0,0.0,0.015,0.185,0.0
12,12,,0.005,0.0,0.0,0.0,0.0,0.0,0.0,0.0,0.0,0.0,0.0,0.0,0.73,0.01,0.01,0.025,0.0,0.005,0.06,0.0,0.015,0.0,0.0,0.005,0.0,0.04,0.0,0.0,0.0,0.0,0.0,0.0,0.0,0.0,0.01,0.085,0.0
12,12,,0.0,0.0,0.0,0.0,0.01,0.0,0.0,0.0,0.0,0.0,0.0,0.0,0.745,0.0,0.005,0.05,0.0,0.0,0.025,0.0,0.01,0.0,0.0,0.03,0.0,0.07,0.0,0.0,0.0,0.0,0.0,0.0,0.0,0.0,0.02,0.035,0.0
12,12,,0.0,0.0,0.0,0.0,0.02,0.0,0.0,0.0,0.0,0.0,0.0,0.0,0.53,0.065,0.01,0.015,0.0,0.005,0.17,0.0,0.02,0.0,0.005,0.0,0.0,0.05,0.0,0.0,0.0,0.0,0.0,0.01,0.0,0.0,0.01,0.09,0.0
12,12,,0.0,0.0,0.0,0.025,0.0,0.01,0.0,0.0,0.0,0.005,0.005,0.0,0.67,0.01,0.005,0.035,0.0,0.02,0.07,0.005,0.01,0.0,0.0,0.01,0.0,0.03,0.0,0.0,0.0,0.0,0.005,0.0,0.0,0.0,0.0,0.085,0.0
12,12,,0.005,0.0,0.0,0.0,0.005,0.005,0.0,0.0,0.0,0.0,0.0,0.0,0.72,0.01,0.005,0.02,0.0,0.0,0.09,0.0,0.04,0.0,0.0,0.0,0.0,0.01,0.0,0.0,0.0,0.0,0.0,0.0,0.0,0.0,0.0,0.09,0.0
12,12,,0.005,0.0,0.0,0.0,0.0,0.0,0.0,0.0,0.0,0.0,0.0,0.0,0.745,0.0,0.035,0.04,0.005,0.0,0.005,0.0,0.065,0.0,0.0,0.01,0.005,0.02,0.005,0.0,0.0,0.0,0.005,0.0,0.0,0.0,0.005,0.05,0.0
12,12,,0.105,0.0,0.01,0.0,0.005,0.01,0.0,0.0,0.005,0.0,0.0,0.0,0.265,0.01,0.065,0.055,0.015,0.0,0.005,0.0,0.23,0.03,0.0,0.04,0.04,0.005,0.01,0.0,0.0,0.0,0.03,0.0,0.0,0.0,0.01,0.05,0.005
12,12,,0.02,0.0,0.01,0.0,0.03,0.0,0.0,0.0,0.0,0.0,0.0,0.0,0.56,0.045,0.02,0.04,0.0,0.0,0.04,0.0,0.06,0.0,0.0,0.0,0.0,0.035,0.005,0.0,0.0,0.0,0.0,0.0,0.0,0.0,0.0,0.135,0.0
12,18,,0.01,0.005,0.005,0.005,0.005,0.0,0.0,0.0,0.0,0.0,0.005,0.005,0.32,0.015,0.0,0.03,0.0,0.025,0.41,0.005,0.01,0.0,0.02,0.0,0.0,0.03,0.0,0.0,0.0,0.0,0.0,0.01,0.0,0.0,0.015,0.07,0.0
13,13,,0.03,0.005,0.0,0.0,0.065,0.0,0.0,0.0,0.0,0.0,0.0,0.0,0.03,0.82,0.0,0.02,0.0,0.0,0.0,0.0,0.0,0.0,0.0,0.005,0.005,0.005,0.0,0.0,0.0,0.0,0.005,0.0,0.0,0.0,0.0,0.01,0.0
13,13,,0.0,0.0,0.0,0.005,0.05,0.0,0.0,0.0,0.0,0.0,0.0,0.0,0.08,0.765,0.0,0.05,0.0,0.0,0.0,0.0,0.01,0.0,0.005,0.0,0.005,0.005,0.005,0.0,0.0,0.0,0.0,0.0,0.0,0.0,0.0,0.02,0.0
13,13,,0.005,0.005,0.015,0.0,0.06,0.0,0.0,0.005,0.005,0.0,0.0,0.0,0.12,0.615,0.015,0.035,0.005,0.0,0.005,0.0,0.02,0.0,0.005,0.0,0.05,0.0,0.02,0.0,0.0,0.0,0.01,0.0,0.0,0.0,0.0,0.005,0.0
13,13,,0.005,0.025,0.0,0.0,0.05,0.0,0.0,0.0,0.0,0.0,0.0,0.015,0.1,0.62,0.005,0.01,0.0,0.0,0.07,0.005,0.01,0.0,0.0,0.0,0.0,0.02,0.01,0.01,0.0,0.0,0.0,0.005,0.0,0.0,0.0,0.04,0.0
13,13,,0.0,0.02,0.005,0.0,0.035,0.0,0.0,0.0,0.005,0.0,0.0,0.0,0.08,0.79,0.0,0.035,0.0,0.0,0.01,0.0,0.0,0.0,0.0,0.0,0.0,0.0,0.0,0.005,0.0,0.0,0.0,0.0,0.0,0.0,0.0,0.015,0.0
13,13,,0.005,0.01,0.01,0.005,0.005,0.005,0.0,0.0,0.0,0.0,0.0,0.0,0.165,0.555,0.0,0.03,0.0,0.0,0.03,0.0,0.03,0.0,0.0,0.0,0.015,0.005,0.005,0.005,0.0,0.0,0.0,0.0,0.0,0.0,0.0,0.12,0.0
13,13,,0.02,0.0,0.0,0.0,0.085,0.0,0.0,0.005,0.0,0.0,0.0,0.0,0.02,0.79,0.0,0.045,0.0,0.0,0.0,0.0,0.005,0.0,0.0,0.0,0.01,0.0,0.005,0.0,0.0,0.0,0.0,0.0,0.0,0.0,0.0,0.015,0.0
13,13,,0.015,0.015,0.005,0.005,0.02,0.0,0.0,0.0,0.0,0.0,0.0,0.0,0.25,0.49,0.0,0.03,0.0,0.0,0.04,0.0,0.04,0.0,0.0,0.0,0.0,0.0,0.01,0.0,0.0,0.0,0.0,0.0,0.0,0.005,0.0,0.075,0.0
13,13,,0.0,0.115,0.005,0.005,0.14,0.0,0.0,0.0,0.005,0.005,0.005,0.045,0.035,0.305,0.005,0.05,0.0,0.01,0.085,0.0,0.03,0.0,0.01,0.005,0.0,0.005,0.005,0.005,0.0,0.0,0.005,0.06,0.005,0.0,0.0,0.055,0.0
13,13,,0.055,0.0,0.035,0.01,0.03,0.0,0.005,0.005,0.01,0.0,0.0,0.0,0.08,0.7,0.0,0.035,0.0,0.0,0.0,0.0,0.015,0.0,0.0,0.005,0.005,0.0,0.0,0.0,0.0,0.0,0.0,0.0,0.0,0.0,0.0,0.01,0.0
13,0,,0.585,0.0,0.015,0.0,0.025,0.0,0.19,0.005,0.015,0.0,0.0,0.0,0.01,0.0,0.015,0.015,0.0,0.0,0.0,0.0,0.025,0.0,0.0,0.0,0.1,0.0,0.0,0.0,0.0,0.0,0.0,0.0,0.0,0.0,0.0,0.0,0.0
13,13,,0.05,0.0,0.02,0.01,0.06,0.0,0.0,0.01,0.005,0.0,0.0,0.0,0.06,0.68,0.005,0.035,0.0,0.0,0.01,0.0,0.01,0.0,0.0,0.0,0.02,0.0,0.005,0.0,0.0,0.0,0.0,0.0,0.0,0.0,0.005,0.015,0.0
14,35,,0.005,0.01,0.115,0.02,0.02,0.025,0.0,0.02,0.025,0.0,0.025,0.01,0.025,0.01,0.065,0.03,0.03,0.005,0.015,0.015,0.07,0.015,0.0,0.065,0.02,0.03,0.02,0.0,0.0,0.01,0.055,0.0,0.02,0.0,0.05,0.175,0.0
14,14,,0.0,0.0,0.005,0.0,0.0,0.0,0.0,0.0,0.0,0.0,0.025,0.005,0.01,0.0,0.48,0.0,0.0,0.0,0.035,0.005,0.015,0.005,0.0,0.025,0.005,0.15,0.0,0.0,0.0,0.0,0.02,0.0,0.0,0.0,0.18,0.035,0.0
14,34,,0.0,0.0,0.005,0.045,0.005,0.015,0.0,0.03,0.01,0.005,0.015,0.005,0.02,0.005,0.095,0.01,0.01,0.105,0.07,0.005,0.02,0.0,0.0,0.09,0.0,0.035,0.005,0.0,0.01,0.005,0.02,0.005,0.025,0.01,0.2,0.115,0.005
14,25,,0.005,0.0,0.005,0.0,0.0,0.005,0.0,0.0,0.0,0.0,0.0,0.0,0.01,0.0,0.14,0.0,0.0,0.0,0.03,0.0,0.0,0.01,0.0,0.09,0.0,0.465,0.0,0.0,0.0,0.0,0.01,0.0,0.0,0.0,0.22,0.01,0.0
14,14,,0.0,0.0,0.005,0.0,0.0,0.0,0.0,0.0,0.0,0.01,0.09,0.0,0.0,0.0,0.38,0.0,0.0,0.02,0.005,0.05,0.0,0.0,0.005,0.045,0.0,0.125,0.0,0.0,0.005,0.0,0.0,0.0,0.0,0.0,0.04,0.22,0.0
14,34,,0.0,0.0,0.01,0.0,0.0,0.01,0.0,0.0,0.0,0.0,0.01,0.0,0.005,0.0,0.245,0.0,0.0,0.015,0.045,0.005,0.005,0.03,0.0,0.1,0.0,0.1,0.0,0.0,0.0,0.0,0.02,0.0,0.0,0.0,0.385,0.015,0.0
14,25,,0.0,0.0,0.0,0.0,0.0,0.0,0.0,0.0,0.0,0.0,0.02,0.0,0.0,0.0,0.185,0.0,0.0,0.025,0.085,0.0,0.005,0.0,0.005,0.02,0.0,0.58,0.0,0.0,0.0,0.0,0.005,0.0,0.0,0.0,0.015,0.055,0.0
14,25,,0.0,0.0,0.0,0.0,0.0,0.0,0.0,0.0,0.0,0.0,0.0,0.0,0.005,0.0,0.055,0.0,0.0,0.01,0.15,0.0,0.005,0.0,0.0,0.005,0.0,0.655,0.0,0.0,0.0,0.0,0.005,0.005,0.0,0.0,0.01,0.095,0.0
14,34,,0.0,0.005,0.045,0.01,0.0,0.05,0.0,0.01,0.0,0.0,0.005,0.015,0.005,0.005,0.13,0.005,0.035,0.07,0.095,0.015,0.0,0.0,0.0,0.07,0.0,0.005,0.0,0.0,0.025,0.01,0.0,0.0,0.09,0.005,0.235,0.055,0.005
14,30,,0.035,0.0,0.01,0.0,0.0,0.0,0.01,0.0,0.005,0.0,0.0,0.0,0.015,0.0,0.145,0.025,0.005,0.0,0.0,0.0,0.195,0.1,0.0,0.115,0.045,0.005,0.02,0.0,0.0,0.0,0.255,0.0,0.0,0.0,0.01,0.005,0.0
15,15,,0.005,0.0,0.0,0.0,0.0,0.0,0.02,0.0,0.09,0.0,0.0,0.0,0.0,0.0,0.0,0.435,0.0,0.0,0.0,0.0,0.12,0.0,0.0,0.0,0.04,0.0,0.005,0.25,0.0,0.0,0.035,0.0,0.0,0.0,0.0,0.0,0.0
15,27,,0.0,0.0,0.0,0.0,0.0,0.0,0.0,0.0,0.02,0.0,0.0,0.0,0.0,0.0,0.0,0.36,0.005,0.0,0.0,0.0,0.125,0.0,0.0,0.0,0.01,0.0,0.005,0.435,0.0,0.0,0.04,0.0,0.0,0.0,0.0,0.0,0.0
15,0,,0.365,0.0,0.01,0.0,0.025,0.0,0.345,0.0,0.035,0.0,0.0,0.0,0.005,0.005,0.005,0.04,0.0,0.0,0.0,0.0,0.07,0.005,0.0,0.005,0.065,0.0,0.005,0.0,0.0,0.0,0.005,0.0,0.0,0.0,0.0,0.01,0.0
15,24,,0.0,0.0,0.0,0.0,0.0,0.0,0.03,0.0,0.08,0.0,0.0,0.0,0.0,0.0,0.0,0.085,0.0,0.0,0.0,0.0,0.13,0.0,0.0,0.0,0.605,0.0,0.0,0.06,0.0,0.0,0.01,0.0,0.0,0.0,0.0,0.0,0.0
15,27,,0.0,0.0,0.0,0.0,0.0,0.0,0.0,0.0,0.015,0.0,0.0,0.0,0.0,0.005,0.0,0.215,0.0,0.0,0.0,0.0,0.09,0.0,0.0,0.0,0.01,0.0,0.0,0.65,0.0,0.0,0.015,0.0,0.0,0.0,0.0,0.0,0.0
15,15,,0.0,0.0,0.005,0.0,0.0,0.01,0.0,0.0,0.0,0.0,0.0,0.0,0.0,0.0,0.0,0.635,0.0,0.0,0.0,0.0,0.04,0.0,0.0,0.005,0.0,0.005,0.005,0.215,0.0,0.0,0.08,0.0,0.0,0.0,0.0,0.0,0.0
15,27,,0.0,0.0,0.005,0.0,0.0,0.02,0.0,0.0,0.0,0.0,0.0,0.0,0.0,0.0,0.0,0.255,0.01,0.0,0.0,0.0,0.2,0.0,0.0,0.065,0.025,0.0,0.01,0.27,0.0,0.0,0.14,0.0,0.0,0.0,0.0,0.0,0.0
15,15,,0.0,0.01,0.04,0.0,0.0,0.01,0.04,0.005,0.09,0.0,0.0,0.0,0.0,0.0,0.005,0.24,0.0,0.0,0.0,0.0,0.11,0.0,0.0,0.005,0.1,0.005,0.035,0.225,0.0,0.005,0.065,0.0,0.005,0.005,0.0,0.0,0.0
15,31,,0.0,0.03,0.0,0.0,0.005,0.0,0.0,0.0,0.0,0.105,0.115,0.055,0.04,0.0,0.03,0.01,0.0,0.06,0.155,0.035,0.01,0.0,0.04,0.01,0.0,0.03,0.005,0.005,0.0,0.0,0.015,0.16,0.0,0.005,0.01,0.07,0.0
15,15,,0.0,0.0,0.0,0.0,0.0,0.0,0.0,0.0,0.0,0.0,0.0,0.0,0.0,0.0,0.0,0.575,0.01,0.0,0.0,0.0,0.06,0.0,0.0,0.0,0.01,0.0,0.0,0.25,0.0,0.0,0.095,0.0,0.0,0.0,0.0,0.0,0.0
15,15,,0.0,0.0,0.0,0.0,0.0,0.0,0.005,0.0,0.005,0.0,0.0,0.0,0.0,0.0,0.0,0.445,0.005,0.0,0.0,0.0,0.195,0.0,0.0,0.0,0.045,0.0,0.0,0.27,0.0,0.0,0.025,0.0,0.0,0.005,0.0,0.0,0.0
16,16,,0.0,0.0,0.0,0.0,0.0,0.025,0.0,0.0,0.0,0.0,0.0,0.0,0.0,0.0,0.0,0.0,0.97,0.0,0.0,0.0,0.0,0.0,0.0,0.0,0.0,0.0,0.005,0.0,0.0,0.0,0.0,0.0,0.0,0.0,0.0,0.0,0.0
16,16,,0.0,0.0,0.0,0.0,0.0,0.04,0.0,0.005,0.0,0.0,0.0,0.0,0.0,0.0,0.0,0.005,0.89,0.0,0.005,0.0,0.0,0.01,0.0,0.01,0.0,0.0,0.035,0.0,0.0,0.0,0.0,0.0,0.0,0.0,0.0,0.0,0.0
16,16,,0.0,0.0,0.0,0.0,0.0,0.025,0.0,0.0,0.0,0.0,0.0,0.0,0.0,0.0,0.0,0.0,0.92,0.0,0.005,0.0,0.0,0.005,0.0,0.025,0.0,0.0,0.015,0.0,0.005,0.0,0.0,0.0,0.0,0.0,0.0,0.0,0.0
16,16,,0.0,0.0,0.005,0.0,0.005,0.025,0.0,0.0,0.0,0.0,0.005,0.0,0.0,0.0,0.0,0.005,0.845,0.0,0.0,0.0,0.005,0.05,0.0,0.03,0.0,0.0,0.015,0.0,0.0,0.005,0.0,0.0,0.0,0.0,0.005,0.0,0.0
16,16,,0.0,0.0,0.0,0.0,0.0,0.005,0.0,0.0,0.0,0.0,0.01,0.0,0.0,0.0,0.0,0.0,0.95,0.0,0.0,0.0,0.0,0.005,0.0,0.0,0.0,0.0,0.02,0.0,0.0,0.0,0.0,0.0,0.0,0.0,0.005,0.005,0.0
16,16,,0.0,0.0,0.0,0.0,0.0,0.015,0.0,0.0,0.0,0.0,0.0,0.0,0.0,0.0,0.005,0.0,0.96,0.0,0.0,0.0,0.005,0.005,0.0,0.005,0.0,0.0,0.0,0.0,0.0,0.0,0.0,0.0,0.0,0.0,0.005,0.0,0.0
16,16,,0.0,0.0,0.0,0.0,0.0,0.07,0.0,0.0,0.0,0.0,0.0,0.0,0.0,0.0,0.005,0.0,0.86,0.0,0.0,0.0,0.0,0.035,0.0,0.025,0.0,0.0,0.0,0.0,0.0,0.0,0.005,0.0,0.0,0.0,0.0,0.0,0.0
16,16,,0.0,0.0,0.0,0.0,0.005,0.025,0.0,0.0,0.0,0.0,0.0,0.0,0.0,0.0,0.0,0.0,0.925,0.0,0.0,0.0,0.0,0.0,0.0,0.02,0.005,0.0,0.015,0.0,0.0,0.0,0.0,0.0,0.0,0.0,0.005,0.0,0.0
17,17,,0.0,0.0,0.0,0.0,0.01,0.0,0.0,0.0,0.0,0.015,0.045,0.02,0.01,0.0,0.015,0.0,0.0,0.385,0.345,0.005,0.0,0.0,0.025,0.02,0.0,0.035,0.0,0.0,0.005,0.0,0.005,0.005,0.01,0.0,0.01,0.035,0.0
17,17,,0.0,0.0,0.0,0.0,0.0,0.005,0.0,0.0,0.0,0.01,0.045,0.0,0.0,0.0,0.035,0.005,0.0,0.735,0.06,0.0,0.0,0.0,0.025,0.015,0.0,0.02,0.0,0.0,0.0,0.0,0.0,0.02,0.0,0.0,0.0,0.025,0.0
17,17,,0.0,0.0,0.0,0.0,0.0,0.0,0.0,0.0,0.0,0.0,0.025,0.0,0.0,0.0,0.01,0.0,0.0,0.89,0.025,0.01,0.0,0.0,0.0,0.0,0.0,0.02,0.0,0.0,0.0,0.0,0.0,0.005,0.0,0.0,0.01,0.005,0.0
17,17,,0.0,0.0,0.0,0.0,0.0,0.005,0.0,0.0,0.0,0.035,0.08,0.0,0.0,0.0,0.0,0.0,0.0,0.84,0.005,0.01,0.0,0.0,0.01,0.0,0.0,0.005,0.0,0.0,0.005,0.0,0.0,0.0,0.0,0.005,0.0,0.0,0.0
17,17,,0.0,0.0,0.0,0.0,0.0,0.005,0.0,0.0,0.0,0.11,0.195,0.005,0.0,0.0,0.005,0.0,0.0,0.62,0.0,0.035,0.0,0.0,0.0,0.015,0.0,0.0,0.0,0.0,0.0,0.0,0.0,0.0,0.0,0.0,0.0,0.01,0.0
17,17,,0.0,0.0,0.0,0.0,0.0,0.0,0.0,0.0,0.0,0.005,0.055,0.0,0.0,0.0,0.015,0.0,0.0,0.785,0.055,0.005,0.005,0.0,0.015,0.005,0.0,0.015,0.0,0.0,0.0,0.0,0.0,0.015,0.005,0.0,0.0,0.02,0.0
17,17,,0.0,0.0,0.0,0.0,0.0,0.0,0.0,0.0,0.0,0.0,0.035,0.005,0.0,0.0,0.015,0.0,0.0,0.77,0.085,0.005,0.005,0.0,0.015,0.015,0.0,0.04,0.0,0.0,0.0,0.0,0.0,0.005,0.0,0.0,0.0,0.005,0.0
17,17,,0.0,0.0,0.0,0.0,0.0,0.0,0.0,0.0,0.0,0.015,0.04,0.0,0.005,0.0,0.0,0.0,0.0,0.915,0.01,0.0,0.0,0.0,0.0,0.0,0.0,0.005,0.0,0.0,0.0,0.0,0.0,0.01,0.0,0.0,0.0,0.0,0.0
17,17,,0.0,0.0,0.0,0.005,0.0,0.0,0.0,0.0,0.0,0.0,0.035,0.0,0.005,0.0,0.015,0.0,0.0,0.6,0.265,0.015,0.0,0.0,0.005,0.005,0.005,0.01,0.0,0.0,0.0,0.0,0.0,0.01,0.0,0.0,0.015,0.01,0.0
17,17,,0.0,0.0,0.0,0.0,0.0,0.0,0.0,0.0,0.0,0.0,0.035,0.0,0.005,0.0,0.0,0.0,0.0,0.935,0.005,0.0,0.0,0.0,0.005,0.005,0.0,0.005,0.0,0.0,0.005,0.0,0.0,0.0,0.0,0.0,0.0,0.0,0.0
17,17,,0.0,0.0,0.0,0.0,0.0,0.0,0.0,0.0,0.0,0.0,0.07,0.0,0.0,0.0,0.04,0.0,0.0,0.5,0.01,0.105,0.0,0.0,0.005,0.155,0.0,0.03,0.0,0.0,0.0,0.0,0.0,0.0,0.005,0.025,0.045,0.01,0.0
17,17,,0.0,0.0,0.0,0.0,0.0,0.0,0.0,0.0,0.0,0.0,0.045,0.0,0.0,0.0,0.02,0.0,0.0,0.75,0.075,0.0,0.0,0.0,0.01,0.015,0.0,0.035,0.0,0.0,0.0,0.0,0.0,0.005,0.0,0.0,0.01,0.035,0.0
17,17,,0.0,0.0,0.0,0.0,0.0,0.0,0.0,0.0,0.0,0.02,0.07,0.0,0.0,0.0,0.005,0.0,0.0,0.865,0.0,0.0,0.0,0.0,0.005,0.015,0.0,0.0,0.0,0.0,0.005,0.0,0.0,0.005,0.005,0.005,0.0,0.0,0.0
17,17,,0.0,0.0,0.0,0.0,0.0,0.005,0.0,0.0,0.0,0.01,0.005,0.005,0.0,0.0,0.0,0.0,0.0,0.895,0.035,0.0,0.0,0.0,0.015,0.0,0.0,0.005,0.0,0.0,0.005,0.0,0.0,0.01,0.0,0.005,0.0,0.005,0.0
17,18,,0.0,0.0,0.0,0.0,0.01,0.01,0.0,0.0,0.0,0.03,0.025,0.01,0.015,0.0,0.02,0.005,0.0,0.275,0.395,0.005,0.0,0.0,0.04,0.0,0.0,0.025,0.0,0.0,0.0,0.0,0.0,0.1,0.0,0.0,0.0,0.03,0.005
17,17,,0.0,0.0,0.0,0.0,0.0,0.005,0.0,0.0,0.0,0.0,0.025,0.0,0.0,0.0,0.005,0.0,0.0,0.905,0.01,0.0,0.0,0.0,0.01,0.005,0.0,0.005,0.0,0.0,0.0,0.0,0.0,0.01,0.0,0.0,0.0,0.02,0.0
18,18,,0.005,0.005,0.015,0.0,0.065,0.0,0.0,0.0,0.0,0.0,0.0,0.015,0.025,0.005,0.03,0.04,0.0,0.015,0.4,0.0,0.045,0.0,0.005,0.01,0.005,0.005,0.03,0.0,0.0,0.005,0.01,0.045,0.005,0.0,0.005,0.21,0.0
18,17,,0.0,0.02,0.0,0.005,0.0,0.0,0.0,0.0,0.0,0.05,0.05,0.035,0.025,0.0,0.0,0.01,0.0,0.26,0.145,0.01,0.0,0.0,0.055,0.015,0.0,0.02,0.01,0.0,0.0,0.0,0.0,0.24,0.0,0.005,0.0,0.045,0.0
18,18,,0.0,0.015,0.0,0.0,0.03,0.0,0.0,0.0,0.0,0.015,0.015,0.01,0.025,0.01,0.01,0.0,0.0,0.05,0.55,0.01,0.01,0.0,0.0,0.01,0.0,0.005,0.0,0.0,0.0,0.0,0.005,0.175,0.0,0.0,0.005,0.05,0.0
18,34,,0.01,0.0,0.0,0.0,0.0,0.0,0.0,0.0,0.0,0.0,0.005,0.0,0.02,0.0,0.09,0.005,0.0,0.045,0.19,0.0,0.01,0.01,0.0,0.11,0.0,0.015,0.0,0.0,0.0,0.0,0.005,0.0,0.0,0.0,0.465,0.02,0.0
18,18,,0.0,0.0,0.0,0.0,0.0,0.005,0.0,0.0,0.0,0.0,0.005,0.0,0.05,0.0,0.16,0.025,0.0,0.02,0.27,0.005,0.02,0.02,0.0,0.085,0.01,0.055,0.0,0.0,0.0,0.0,0.005,0.0,0.0,0.0,0.23,0.035,0.0
18,18,,0.01,0.0,0.01,0.0,0.0,0.005,0.0,0.0,0.005,0.0,0.045,0.005,0.01,0.0,0.115,0.01,0.0,0.205,0.24,0.02,0.005,0.0,0.01,0.065,0.0,0.03,0.005,0.0,0.0,0.0,0.005,0.005,0.005,0.0,0.07,0.12,0.0
18,18,,0.0,0.0,0.0,0.0,0.0,0.0,0.0,0.0,0.0,0.0,0.01,0.005,0.045,0.0,0.005,0.005,0.0,0.075,0.71,0.005,0.025,0.0,0.0,0.0,0.0,0.085,0.0,0.0,0.0,0.0,0.0,0.015,0.0,0.0,0.005,0.01,0.0
18,18,,0.005,0.0,0.0,0.0,0.0,0.0,0.0,0.0,0.0,0.0,0.005,0.0,0.03,0.0,0.055,0.0,0.01,0.065,0.26,0.01,0.015,0.0,0.0,0.17,0.0,0.135,0.0,0.0,0.0,0.0,0.0,0.0,0.0,0.0,0.225,0.015,0.0
18,18,,0.0,0.0,0.0,0.0,0.0,0.0,0.0,0.0,0.0,0.0,0.01,0.0,0.035,0.0,0.03,0.0,0.0,0.045,0.52,0.0,0.01,0.0,0.0,0.045,0.0,0.135,0.0,0.0,0.0,0.0,0.005,0.0,0.0,0.0,0.125,0.04,0.0
18,18,,0.005,0.005,0.0,0.0,0.01,0.0,0.0,0.0,0.0,0.0,0.0,0.0,0.005,0.0,0.02,0.015,0.0,0.025,0.715,0.0,0.01,0.0,0.0,0.0,0.0,0.08,0.01,0.0,0.0,0.0,0.005,0.0,0.0,0.0,0.01,0.085,0.0
18,18,,0.0,0.005,0.005,0.0,0.01,0.0,0.0,0.0,0.0,0.0,0.0,0.005,0.01,0.0,0.005,0.005,0.0,0.005,0.765,0.0,0.005,0.0,0.005,0.005,0.0,0.025,0.01,0.0,0.0,0.0,0.0,0.015,0.0,0.0,0.015,0.105,0.0
19,19,,0.0,0.0,0.0,0.0,0.0,0.0,0.0,0.0,0.0,0.015,0.025,0.0,0.0,0.0,0.0,0.0,0.0,0.01,0.0,0.925,0.0,0.0,0.0,0.02,0.0,0.005,0.0,0.0,0.0,0.0,0.0,0.0,0.0,0.0,0.0,0.0,0.0
19,19,,0.0,0.0,0.0,0.0,0.0,0.0,0.0,0.0,0.0,0.03,0.1,0.0,0.0,0.0,0.005,0.0,0.0,0.0,0.0,0.845,0.0,0.0,0.0,0.02,0.0,0.0,0.0,0.0,0.0,0.0,0.0,0.0,0.0,0.0,0.0,0.0,0.0
19,19,,0.0,0.0,0.0,0.0,0.0,0.0,0.0,0.0,0.0,0.0,0.005,0.0,0.0,0.0,0.0,0.0,0.0,0.005,0.0,0.98,0.0,0.0,0.0,0.01,0.0,0.0,0.0,0.0,0.0,0.0,0.0,0.0,0.0,0.0,0.0,0.0,0.0
19,19,,0.0,0.0,0.0,0.0,0.0,0.0,0.0,0.0,0.0,0.01,0.065,0.0,0.0,0.0,0.0,0.0,0.0,0.005,0.0,0.89,0.0,0.0,0.0,0.02,0.0,0.0,0.0,0.0,0.0,0.0,0.0,0.0,0.005,0.005,0.0,0.0,0.0
19,19,,0.0,0.0,0.0,0.0,0.0,0.0,0.0,0.0,0.0,0.005,0.025,0.005,0.0,0.0,0.02,0.0,0.0,0.025,0.0,0.845,0.0,0.0,0.0,0.06,0.0,0.0,0.0,0.0,0.0,0.0,0.005,0.0,0.0,0.01,0.0,0.0,0.0
19,19,,0.0,0.0,0.0,0.0,0.0,0.0,0.0,0.0,0.0,0.0,0.055,0.0,0.0,0.0,0.025,0.0,0.0,0.06,0.0,0.82,0.0,0.0,0.0,0.035,0.0,0.0,0.0,0.0,0.0,0.0,0.0,0.0,0.0,0.005,0.0,0.0,0.0
19,19,,0.0,0.0,0.0,0.0,0.0,0.0,0.0,0.0,0.0,0.03,0.08,0.0,0.0,0.0,0.025,0.0,0.0,0.035,0.01,0.66,0.005,0.0,0.0,0.11,0.0,0.005,0.0,0.0,0.0,0.0,0.005,0.0,0.0,0.0,0.025,0.01,0.0
20,20,,0.12,0.0,0.005,0.0,0.005,0.0,0.17,0.0,0.005,0.0,0.0,0.0,0.005,0.0,0.045,0.005,0.0,0.0,0.0,0.0,0.26,0.02,0.0,0.005,0.21,0.0,0.015,0.0,0.005,0.0,0.125,0.0,0.0,0.0,0.0,0.0,0.0
20,24,,0.095,0.0,0.005,0.0,0.0,0.0,0.24,0.0,0.02,0.0,0.0,0.0,0.0,0.0,0.005,0.005,0.0,0.0,0.0,0.0,0.22,0.01,0.0,0.005,0.31,0.0,0.035,0.0,0.005,0.0,0.045,0.0,0.0,0.0,0.0,0.0,0.0
20,24,,0.0,0.0,0.0,0.0,0.0,0.0,0.0,0.0,0.01,0.0,0.0,0.0,0.0,0.0,0.0,0.025,0.0,0.0,0.0,0.0,0.3,0.0,0.0,0.0,0.605,0.0,0.0,0.04,0.0,0.0,0.02,0.0,0.0,0.0,0.0,0.0,0.0
20,21,,0.005,0.0,0.0,0.0,0.0,0.01,0.035,0.0,0.0,0.0,0.0,0.0,0.005,0.0,0.015,0.005,0.0,0.0,0.0,0.0,0.175,0.45,0.0,0.06,0.02,0.0,0.005,0.005,0.0,0.0,0.2,0.0,0.0,0.0,0.0,0.01,0.0
20,24,,0.085,0.0,0.0,0.0,0.0,0.0,0.09,0.0,0.0,0.0,0.0,0.0,0.0,0.0,0.015,0.01,0.0,0.0,0.0,0.0,0.29,0.045,0.0,0.01,0.335,0.0,0.02,0.0,0.0,0.0,0.1,0.0,0.0,0.0,0.0,0.0,0.0
20,27,,0.0,0.0,0.0,0.0,0.0,0.01,0.0,0.0,0.01,0.005,0.0,0.0,0.0,0.0,0.0,0.2,0.045,0.0,0.0,0.0,0.12,0.005,0.0,0.03,0.015,0.0,0.02,0.415,0.0,0.0,0.125,0.0,0.0,0.0,0.0,0.0,0.0
20,24,,0.005,0.0,0.0,0.0,0.0,0.0,0.09,0.0,0.095,0.0,0.0,0.0,0.0,0.0,0.0,0.025,0.0,0.0,0.0,0.0,0.21,0.0,0.0,0.0,0.535,0.0,0.0,0.02,0.0,0.0,0.02,0.0,0.0,0.0,0.0,0.0,0.0
21,21,,0.005,0.0,0.0,0.0,0.0,0.01,0.0,0.005,0.005,0.0,0.0,0.0,0.0,0.0,0.005,0.0,0.045,0.0,0.0,0.0,0.01,0.495,0.0,0.395,0.01,0.005,0.005,0.0,0.0,0.0,0.0,0.0,0.0,0.0,0.0,0.0,0.005
21,21,,0.015,0.0,0.0,0.0,0.0,0.04,0.01,0.0,0.0,0.0,0.0,0.0,0.0,0.0,0.005,0.005,0.015,0.0,0.0,0.0,0.145,0.27,0.0,0.115,0.105,0.0,0.01,0.005,0.0,0.0,0.26,0.0,0.0,0.0,0.0,0.0,0.0
21,21,,0.0,0.0,0.0,0.0,0.0,0.03,0.0,0.0,0.0,0.0,0.0,0.0,0.0,0.0,0.0,0.0,0.005,0.0,0.0,0.0,0.005,0.755,0.0,0.165,0.0,0.005,0.005,0.0,0.0,0.0,0.03,0.0,0.0,0.0,0.0,0.0,0.0
21,21,,0.0,0.0,0.0,0.0,0.0,0.005,0.0,0.0,0.0,0.0,0.0,0.0,0.0,0.0,0.0,0.0,0.025,0.0,0.0,0.0,0.02,0.73,0.0,0.15,0.02,0.0,0.0,0.0,0.0,0.0,0.05,0.0,0.0,0.0,0.0,0.0,0.0
21,21,,0.0,0.0,0.0,0.0,0.0,0.01,0.0,0.0,0.0,0.0,0.0,0.0,0.0,0.0,0.005,0.0,0.01,0.0,0.0,0.0,0.01,0.885,0.0,0.03,0.01,0.0,0.0,0.0,0.0,0.0,0.04,0.0,0.0,0.0,0.0,0.0,0.0
21,21,,0.0,0.0,0.01,0.0,0.0,0.005,0.0,0.0,0.0,0.0,0.0,0.0,0.0,0.0,0.04,0.0,0.03,0.0,0.02,0.0,0.035,0.44,0.0,0.315,0.005,0.025,0.0,0.0,0.0,0.0,0.005,0.0,0.0,0.0,0.055,0.01,0.005
21,21,,0.0,0.0,0.0,0.0,0.0,0.0,0.0,0.0,0.0,0.0,0.0,0.0,0.0,0.0,0.0,0.0,0.0,0.0,0.0,0.0,0.02,0.605,0.0,0.36,0.005,0.0,0.0,0.0,0.0,0.0,0.01,0.0,0.0,0.0,0.0,0.0,0.0
21,21,,0.0,0.0,0.0,0.0,0.0,0.05,0.0,0.0,0.0,0.0,0.0,0.0,0.0,0.0,0.005,0.0,0.035,0.0,0.0,0.0,0.0,0.5,0.0,0.36,0.015,0.0,0.0,0.0,0.005,0.0,0.03,0.0,0.0,0.0,0.0,0.0,0.0
21,21,,0.0,0.0,0.0,0.0,0.0,0.015,0.0,0.0,0.0,0.0,0.0,0.0,0.0,0.0,0.0,0.0,0.02,0.0,0.0,0.0,0.0,0.67,0.0,0.285,0.0,0.005,0.0,0.0,0.0,0.0,0.005,0.0,0.0,0.0,0.0,0.0,0.0
21,21,,0.0,0.0,0.0,0.0,0.0,0.02,0.0,0.0,0.005,0.0,0.0,0.0,0.0,0.0,0.0,0.005,0.01,0.005,0.0,0.0,0.005,0.57,0.0,0.33,0.015,0.0,0.0,0.0,0.0,0.0,0.035,0.0,0.0,0.0,0.0,0.0,0.0
21,23,,0.0,0.0,0.0,0.0,0.01,0.02,0.0,0.0,0.0,0.0,0.005,0.0,0.01,0.0,0.095,0.005,0.025,0.015,0.035,0.005,0.065,0.1,0.0,0.245,0.005,0.055,0.015,0.0,0.0,0.0,0.015,0.0,0.005,0.0,0.24,0.03,0.0
22,22,,0.0,0.025,0.01,0.0,0.0,0.0,0.0,0.005,0.0,0.065,0.01,0.015,0.005,0.0,0.01,0.0,0.0,0.005,0.005,0.0,0.0,0.0,0.755,0.005,0.0,0.0,0.0,0.0,0.0,0.0,0.0,0.05,0.015,0.015,0.0,0.005,0.0
22,22,,0.0,0.015,0.005,0.0,0.0,0.005,0.0,0.0,0.005,0.03,0.04,0.005,0.0,0.0,0.015,0.0,0.0,0.025,0.0,0.0,0.0,0.0,0.79,0.015,0.0,0.0,0.005,0.0,0.0,0.0,0.0,0.015,0.015,0.015,0.0,0.0,0.0
22,22,,0.0,0.01,0.0,0.005,0.005,0.0,0.0,0.005,0.0,0.06,0.02,0.0,0.0,0.0,0.01,0.005,0.0,0.04,0.025,0.0,0.0,0.0,0.77,0.0,0.0,0.0,0.0,0.0,0.0,0.0,0.0,0.035,0.0,0.0,0.0,0.01,0.0
22,22,,0.0,0.0,0.0,0.0,0.005,0.0,0.0,0.005,0.0,0.025,0.005,0.0,0.0,0.0,0.0,0.0,0.0,0.01,0.01,0.0,0.0,0.0,0.845,0.01,0.0,0.0,0.0,0.0,0.0,0.0,0.0,0.06,0.0,0.015,0.0,0.01,0.0
22,22,,0.0,0.01,0.015,0.0,0.0,0.0,0.0,0.005,0.0,0.04,0.01,0.005,0.0,0.0,0.01,0.0,0.0,0.02,0.005,0.0,0.0,0.0,0.815,0.015,0.0,0.0,0.0,0.0,0.0,0.0,0.0,0.01,0.02,0.0,0.0,0.02,0.0
22,22,,0.0,0.01,0.005,0.005,0.0,0.0,0.0,0.0,0.005,0.01,0.015,0.005,0.005,0.0,0.01,0.0,0.005,0.075,0.04,0.015,0.005,0.0,0.705,0.02,0.0,0.01,0.025,0.0,0.005,0.0,0.0,0.005,0.005,0.005,0.0,0.01,0.0
22,22,,0.0,0.0,0.0,0.0,0.0,0.0,0.0,0.0,0.0,0.015,0.01,0.0,0.0,0.0,0.01,0.0,0.0,0.105,0.035,0.0,0.0,0.0,0.73,0.015,0.0,0.015,0.01,0.0,0.0,0.0,0.0,0.02,0.0,0.015,0.0,0.02,0.0
22,22,,0.0,0.01,0.025,0.0,0.0,0.01,0.0,0.005,0.0,0.025,0.01,0.005,0.0,0.0,0.005,0.0,0.0,0.025,0.0,0.0,0.0,0.0,0.815,0.015,0.0,0.0,0.005,0.0,0.0,0.0,0.0,0.02,0.015,0.0,0.0,0.01,0.0
22,22,,0.0,0.005,0.015,0.0,0.0,0.02,0.0,0.0,0.0,0.005,0.02,0.0,0.005,0.0,0.0,0.005,0.0,0.015,0.015,0.0,0.0,0.0,0.79,0.015,0.0,0.0,0.015,0.0,0.0,0.0,0.0,0.035,0.005,0.02,0.0,0.015,0.0
22,22,,0.0,0.0,0.015,0.0,0.0,0.02,0.0,0.005,0.0,0.02,0.025,0.01,0.0,0.0,0.005,0.0,0.0,0.025,0.0,0.005,0.0,0.0,0.83,0.015,0.0,0.0,0.0,0.0,0.0,0.0,0.0,0.005,0.015,0.0,0.0,0.005,0.0
22,22,,0.0,0.01,0.005,0.0,0.0,0.0,0.0,0.0,0.0,0.005,0.015,0.005,0.0,0.0,0.0,0.0,0.0,0.01,0.015,0.0,0.0,0.0,0.905,0.0,0.0,0.0,0.0,0.0,0.0,0.0,0.0,0.01,0.0,0.015,0.0,0.005,0.0
22,22,,0.0,0.005,0.01,0.0,0.0,0.005,0.0,0.0,0.005,0.015,0.005,0.0,0.0,0.0,0.015,0.0,0.0,0.035,0.01,0.0,0.0,0.0,0.84,0.015,0.0,0.005,0.01,0.0,0.0,0.0,0.0,0.005,0.0,0.005,0.0,0.015,0.0
22,22,,0.0,0.025,0.01,0.0,0.0,0.01,0.0,0.005,0.0,0.005,0.01,0.0,0.005,0.0,0.01,0.005,0.0,0.015,0.005,0.0,0.0,0.0,0.845,0.015,0.0,0.0,0.0,0.0,0.005,0.0,0.0,0.025,0.0,0.0,0.0,0.005,0.0
22,22,,0.0,0.005,0.0,0.0,0.0,0.005,0.0,0.0,0.0,0.02,0.005,0.005,0.0,0.0,0.01,0.0,0.0,0.035,0.01,0.0,0.0,0.0,0.87,0.0,0.0,0.01,0.0,0.0,0.0,0.0,0.0,0.02,0.0,0.005,0.0,0.0,0.0
22,22,,0.0,0.01,0.01,0.005,0.02,0.01,0.0,0.0,0.005,0.01,0.005,0.0,0.005,0.005,0.03,0.01,0.0,0.06,0.12,0.0,0.005,0.0,0.5,0.01,0.0,0.01,0.02,0.0,0.0,0.0,0.0,0.085,0.0,0.01,0.0,0.055,0.0
23,16,,0.0,0.005,0.0,0.0,0.0,0.075,0.0,0.0,0.0,0.0,0.0,0.0,0.0,0.0,0.005,0.02,0.355,0.0,0.0,0.0,0.04,0.075,0.0,0.29,0.015,0.0,0.015,0.04,0.0,0.0,0.065,0.0,0.0,0.0,0.0,0.0,0.0
23,23,,0.0,0.0,0.0,0.0,0.0,0.025,0.0,0.0,0.0,0.0,0.0,0.0,0.0,0.0,0.0,0.0,0.045,0.0,0.0,0.0,0.005,0.11,0.0,0.73,0.025,0.0,0.0,0.0,0.0,0.0,0.06,0.0,0.0,0.0,0.0,0.0,0.0
23,17,,0.0,0.0,0.0,0.0,0.0,0.01,0.0,0.0,0.0,0.015,0.115,0.0,0.0,0.0,0.045,0.0,0.0,0.36,0.0,0.19,0.0,0.0,0.005,0.225,0.0,0.0,0.0,0.0,0.005,0.0,0.0,0.0,0.0,0.03,0.0,0.0,0.0
23,23,,0.0,0.0,0.0,0.0,0.0,0.06,0.0,0.0,0.0,0.0,0.19,0.005,0.0,0.0,0.07,0.0,0.0,0.075,0.0,0.05,0.0,0.0,0.005,0.325,0.0,0.0,0.0,0.0,0.05,0.0,0.0,0.005,0.04,0.11,0.0,0.015,0.0
23,23,,0.0,0.0,0.005,0.0,0.01,0.015,0.0,0.0,0.0,0.0,0.01,0.0,0.025,0.0,0.055,0.005,0.01,0.0,0.03,0.0,0.02,0.045,0.0,0.525,0.005,0.085,0.005,0.0,0.0,0.0,0.01,0.0,0.0,0.0,0.13,0.01,0.0
23,17,,0.0,0.0,0.0,0.0,0.0,0.015,0.0,0.0,0.0,0.0,0.095,0.0,0.005,0.0,0.03,0.0,0.0,0.405,0.0,0.295,0.0,0.0,0.005,0.135,0.0,0.0,0.0,0.0,0.0,0.0,0.0,0.005,0.0,0.005,0.0,0.005,0.0
23,34,,0.0,0.0,0.0,0.0,0.0,0.005,0.0,0.0,0.0,0.0,0.0,0.005,0.005,0.0,0.035,0.0,0.005,0.02,0.02,0.03,0.0,0.0,0.0,0.225,0.0,0.02,0.0,0.0,0.0,0.0,0.005,0.0,0.005,0.0,0.615,0.005,0.0
24,13,,0.025,0.01,0.01,0.0,0.195,0.005,0.0,0.005,0.005,0.0,0.0,0.0,0.105,0.3,0.025,0.12,0.0,0.0,0.015,0.0,0.05,0.0,0.005,0.005,0.025,0.005,0.02,0.005,0.0,0.0,0.005,0.005,0.0,0.0,0.0,0.055,0.0
24,20,,0.095,0.0,0.0,0.0,0.0,0.0,0.08,0.0,0.0,0.0,0.0,0.0,0.0,0.0,0.02,0.015,0.0,0.0,0.0,0.0,0.27,0.02,0.0,0.01,0.19,0.005,0.02,0.0,0.005,0.0,0.27,0.0,0.0,0.0,0.0,0.0,0.0
24,21,,0.02,0.0,0.0,0.0,0.0,0.02,0.02,0.005,0.0,0.0,0.0,0.0,0.005,0.0,0.02,0.015,0.0,0.0,0.0,0.0,0.17,0.3,0.0,0.165,0.11,0.005,0.005,0.005,0.0,0.0,0.135,0.0,0.0,0.0,0.0,0.0,0.0
24,21,,0.005,0.0,0.0,0.0,0.0,0.035,0.01,0.01,0.0,0.0,0.0,0.0,0.0,0.0,0.0,0.005,0.03,0.0,0.0,0.0,0.135,0.395,0.0,0.05,0.145,0.005,0.0,0.0,0.0,0.0,0.175,0.0,0.0,0.0,0.0,0.0,0.0
24,24,,0.005,0.0,0.0,0.0,0.0,0.0,0.04,0.0,0.115,0.0,0.0,0.0,0.0,0.0,0.0,0.055,0.0,0.0,0.0,0.0,0.085,0.0,0.0,0.0,0.645,0.0,0.0,0.025,0.0,0.0,0.03,0.0,0.0,0.0,0.0,0.0,0.0
24,24,,0.02,0.0,0.0,0.0,0.0,0.0,0.09,0.005,0.115,0.0,0.0,0.0,0.0,0.0,0.0,0.05,0.0,0.0,0.0,0.0,0.145,0.0,0.0,0.0,0.55,0.0,0.0,0.02,0.0,0.0,0.005,0.0,0.0,0.0,0.0,0.0,0.0
24,24,,0.005,0.0,0.005,0.0,0.0,0.0,0.05,0.0,0.025,0.0,0.0,0.0,0.0,0.0,0.0,0.03,0.0,0.0,0.0,0.0,0.24,0.005,0.0,0.0,0.525,0.0,0.0,0.03,0.0,0.0,0.085,0.0,0.0,0.0,0.0,0.0,0.0
24,24,,0.0,0.0,0.01,0.0,0.0,0.0,0.03,0.0,0.075,0.0,0.0,0.0,0.0,0.0,0.005,0.145,0.0,0.0,0.0,0.0,0.14,0.0,0.0,0.0,0.49,0.0,0.005,0.045,0.0,0.0,0.055,0.0,0.0,0.0,0.0,0.0,0.0
24,0,,0.365,0.0,0.015,0.0,0.0,0.0,0.19,0.0,0.005,0.0,0.0,0.0,0.005,0.0,0.015,0.005,0.0,0.0,0.0,0.0,0.18,0.0,0.0,0.0,0.185,0.0,0.025,0.0,0.0,0.0,0.01,0.0,0.0,0.0,0.0,0.0,0.0
24,20,,0.015,0.0,0.015,0.0,0.0,0.0,0.02,0.005,0.035,0.0,0.0,0.0,0.005,0.0,0.01,0.0,0.005,0.0,0.0,0.0,0.38,0.1,0.0,0.02,0.19,0.0,0.015,0.045,0.0,0.0,0.14,0.0,0.0,0.0,0.0,0.0,0.0
24,24,,0.02,0.0,0.0,0.0,0.0,0.005,0.08,0.0,0.065,0.0,0.0,0.0,0.0,0.0,0.01,0.045,0.0,0.0,0.0,0.0,0.22,0.0,0.0,0.0,0.515,0.0,0.0,0.02,0.0,0.0,0.02,0.0,0.0,0.0,0.0,0.0,0.0
25,25,,0.0,0.0,0.0,0.0,0.0,0.0,0.0,0.0,0.0,0.0,0.0,0.0,0.01,0.0,0.02,0.01,0.0,0.015,0.06,0.0,0.0,0.0,0.0,0.015,0.0,0.815,0.0,0.0,0.0,0.0,0.0,0.005,0.0,0.0,0.005,0.045,0.0
25,25,,0.0,0.0,0.0,0.0,0.0,0.0,0.0,0.0,0.0,0.005,0.075,0.01,0.005,0.0,0.13,0.0,0.0,0.03,0.005,0.01,0.0,0.0,0.0,0.025,0.0,0.39,0.0,0.0,0.0,0.0,0.0,0.0,0.0,0.0,0.0,0.315,0.0
25,25,,0.035,0.0,0.005,0.0,0.01,0.005,0.0,0.0,0.0,0.0,0.005,0.0,0.07,0.0,0.11,0.025,0.005,0.0,0.03,0.0,0.13,0.015,0.0,0.065,0.01,0.315,0.005,0.0,0.0,0.0,0.07,0.0,0.0,0.0,0.015,0.075,0.0
25,25,,0.0,0.0,0.0,0.0,0.0,0.0,0.0,0.0,0.0,0.0,0.0,0.0,0.005,0.0,0.02,0.005,0.0,0.01,0.05,0.0,0.01,0.0,0.0,0.015,0.0,0.79,0.0,0.0,0.0,0.0,0.01,0.0,0.0,0.0,0.005,0.08,0.0
25,25,,0.005,0.0,0.0,0.0,0.0,0.0,0.0,0.0,0.0,0.0,0.0,0.0,0.0,0.0,0.02,0.005,0.0,0.005,0.015,0.0,0.015,0.01,0.0,0.04,0.0,0.855,0.005,0.0,0.0,0.0,0.015,0.0,0.0,0.0,0.005,0.005,0.0
25,25,,0.0,0.0,0.0,0.0,0.005,0.0,0.0,0.0,0.0,0.0,0.005,0.005,0.0,0.0,0.11,0.005,0.0,0.025,0.11,0.0,0.0,0.0,0.0,0.0,0.0,0.515,0.0,0.0,0.0,0.0,0.01,0.0,0.0,0.0,0.005,0.205,0.0
25,25,,0.0,0.0,0.01,0.0,0.005,0.005,0.0,0.0,0.0,0.0,0.005,0.0,0.115,0.005,0.05,0.025,0.0,0.01,0.05,0.0,0.055,0.0,0.0,0.02,0.005,0.52,0.01,0.0,0.0,0.0,0.005,0.0,0.0,0.0,0.01,0.095,0.0
26,26,,0.0,0.0,0.0,0.0,0.005,0.02,0.005,0.01,0.0,0.0,0.0,0.0,0.0,0.005,0.005,0.0,0.01,0.0,0.0,0.0,0.01,0.0,0.005,0.005,0.0,0.0,0.905,0.0,0.0,0.0,0.015,0.0,0.0,0.0,0.0,0.0,0.0
26,26,,0.005,0.0,0.0,0.005,0.005,0.0,0.0,0.0,0.0,0.0,0.0,0.01,0.005,0.0,0.02,0.0,0.005,0.0,0.025,0.0,0.01,0.0,0.005,0.0,0.0,0.015,0.87,0.0,0.0,0.0,0.005,0.005,0.0,0.0,0.0,0.01,0.0
26,26,,0.11,0.0,0.02,0.0,0.005,0.01,0.02,0.01,0.0,0.0,0.0,0.0,0.01,0.01,0.005,0.01,0.01,0.0,0.0,0.0,0.075,0.0,0.0,0.005,0.045,0.0,0.625,0.01,0.0,0.0,0.02,0.0,0.0,0.0,0.0,0.0,0.0
26,26,,0.0,0.0,0.005,0.0,0.0,0.0,0.0,0.0,0.0,0.0,0.0,0.0,0.005,0.0,0.0,0.0,0.005,0.0,0.005,0.0,0.01,0.0,0.005,0.01,0.0,0.0,0.94,0.0,0.005,0.0,0.0,0.005,0.0,0.0,0.0,0.005,0.0
26,18,,0.0,0.01,0.01,0.0,0.005,0.11,0.0,0.0,0.0,0.005,0.035,0.01,0.01,0.0,0.055,0.0,0.01,0.125,0.195,0.0,0.015,0.0,0.02,0.04,0.01,0.07,0.085,0.005,0.005,0.0,0.03,0.015,0.03,0.01,0.025,0.06,0.0
26,26,,0.0,0.005,0.0,0.0,0.0,0.01,0.005,0.0,0.0,0.005,0.0,0.005,0.005,0.005,0.01,0.005,0.005,0.0,0.035,0.0,0.01,0.005,0.005,0.01,0.005,0.0,0.82,0.0,0.0,0.0,0.025,0.005,0.0,0.0,0.0,0.02,0.0
26,26,,0.0,0.0,0.01,0.0,0.01,0.005,0.0,0.0,0.0,0.0,0.0,0.005,0.005,0.005,0.0,0.0,0.0,0.0,0.015,0.0,0.01,0.0,0.005,0.005,0.0,0.005,0.88,0.0,0.0,0.0,0.0,0.015,0.005,0.0,0.0,0.02,0.0
27,27,,0.0,0.0,0.0,0.0,0.0,0.0,0.0,0.0,0.01,0.0,0.0,0.0,0.0,0.0,0.0,0.06,0.0,0.0,0.0,0.0,0.3,0.0,0.0,0.0,0.03,0.0,0.005,0.58,0.0,0.0,0.015,0.0,0.0,0.0,0.0,0.0,0.0
27,20,,0.0,0.0,0.0,0.0,0.0,0.0,0.005,0.0,0.02,0.0,0.0,0.0,0.0,0.0,0.0,0.265,0.005,0.0,0.0,0.0,0.31,0.005,0.0,0.0,0.17,0.0,0.0,0.195,0.0,0.0,0.025,0.0,0.0,0.0,0.0,0.0,0.0
27,15,,0.0,0.0,0.0,0.0,0.0,0.015,0.0,0.0,0.0,0.0,0.0,0.0,0.0,0.0,0.0,0.29,0.015,0.0,0.0,0.0,0.195,0.02,0.0,0.02,0.045,0.0,0.0,0.17,0.0,0.0,0.23,0.0,0.0,0.0,0.0,0.0,0.0
27,27,,0.0,0.0,0.0,0.0,0.0,0.0,0.0,0.0,0.0,0.0,0.0,0.0,0.0,0.0,0.0,0.105,0.0,0.0,0.0,0.0,0.13,0.0,0.0,0.0,0.005,0.0,0.0,0.7,0.0,0.0,0.06,0.0,0.0,0.0,0.0,0.0,0.0
27,27,,0.0,0.0,0.0,0.0,0.0,0.0,0.0,0.0,0.005,0.0,0.0,0.0,0.0,0.0,0.0,0.045,0.005,0.0,0.0,0.0,0.185,0.0,0.0,0.0,0.01,0.0,0.0,0.725,0.0,0.0,0.025,0.0,0.0,0.0,0.0,0.0,0.0
27,27,,0.0,0.0,0.0,0.0,0.0,0.0,0.0,0.005,0.0,0.0,0.0,0.0,0.0,0.0,0.0,0.335,0.005,0.0,0.0,0.0,0.16,0.0,0.0,0.0,0.035,0.0,0.0,0.435,0.0,0.0,0.025,0.0,0.0,0.0,0.0,0.0,0.0
27,27,,0.005,0.0,0.0,0.0,0.0,0.0,0.0,0.0,0.0,0.0,0.0,0.0,0.0,0.0,0.0,0.235,0.0,0.0,0.0,0.0,0.12,0.0,0.0,0.0,0.005,0.0,0.0,0.595,0.0,0.0,0.04,0.0,0.0,0.0,0.0,0.0,0.0
27,27,,0.0,0.0,0.0,0.0,0.0,0.01,0.0,0.0,0.005,0.0,0.0,0.0,0.0,0.0,0.0,0.365,0.0,0.0,0.0,0.0,0.135,0.0,0.0,0.0,0.005,0.0,0.0,0.385,0.0,0.0,0.095,0.0,0.0,0.0,0.0,0.0,0.0
27,27,,0.0,0.0,0.0,0.0,0.0,0.0,0.0,0.0,0.02,0.0,0.0,0.0,0.0,0.0,0.0,0.145,0.01,0.0,0.0,0.0,0.385,0.0,0.0,0.0,0.015,0.0,0.0,0.41,0.0,0.0,0.015,0.0,0.0,0.0,0.0,0.0,0.0
27,27,,0.0,0.0,0.0,0.0,0.0,0.0,0.01,0.0,0.03,0.0,0.0,0.0,0.0,0.0,0.0,0.1,0.01,0.0,0.0,0.0,0.17,0.0,0.0,0.01,0.015,0.0,0.0,0.62,0.0,0.0,0.035,0.0,0.0,0.0,0.0,0.0,0.0
27,24,,0.0,0.0,0.0,0.0,0.0,0.0,0.005,0.0,0.005,0.0,0.0,0.0,0.0,0.0,0.0,0.135,0.005,0.0,0.0,0.0,0.2,0.0,0.0,0.0,0.355,0.0,0.0,0.265,0.0,0.0,0.03,0.0,0.0,0.0,0.0,0.0,0.0
28,28,,0.0,0.005,0.0,0.0,0.0,0.005,0.0,0.0,0.0,0.0,0.095,0.0,0.0,0.0,0.13,0.0,0.0,0.02,0.005,0.0,0.005,0.0,0.005,0.1,0.0,0.005,0.0,0.0,0.345,0.0,0.0,0.0,0.245,0.02,0.01,0.005,0.0
28,28,,0.0,0.0,0.0,0.0,0.0,0.0,0.0,0.0,0.0,0.0,0.095,0.0,0.0,0.0,0.085,0.0,0.0,0.005,0.0,0.005,0.0,0.0,0.005,0.03,0.0,0.0,0.0,0.0,0.54,0.0,0.0,0.0,0.21,0.025,0.0,0.0,0.0
28,28,,0.0,0.0,0.0,0.0,0.0,0.005,0.0,0.0,0.0,0.0,0.03,0.0,0.0,0.0,0.01,0.0,0.0,0.0,0.0,0.005,0.0,0.0,0.0,0.0,0.0,0.0,0.0,0.0,0.81,0.0,0.0,0.0,0.135,0.005,0.0,0.0,0.0
28,28,,0.0,0.005,0.0,0.0,0.0,0.005,0.0,0.0,0.0,0.0,0.015,0.0,0.0,0.0,0.03,0.0,0.0,0.005,0.0,0.005,0.0,0.0,0.005,0.005,0.005,0.0,0.0,0.0,0.775,0.0,0.0,0.0,0.07,0.065,0.0,0.0,0.01
28,28,,0.0,0.01,0.005,0.0,0.0,0.0,0.0,0.0,0.0,0.005,0.025,0.0,0.0,0.0,0.005,0.0,0.005,0.005,0.0,0.005,0.0,0.0,0.0,0.01,0.005,0.0,0.0,0.0,0.775,0.0,0.0,0.0,0.095,0.035,0.01,0.0,0.005
28,28,,0.0,0.0,0.0,0.0,0.0,0.0,0.0,0.0,0.0,0.01,0.035,0.0,0.0,0.0,0.06,0.0,0.0,0.015,0.015,0.02,0.0,0.0,0.0,0.01,0.005,0.0,0.0,0.0,0.65,0.0,0.0,0.0,0.165,0.005,0.005,0.0,0.005
28,28,,0.0,0.005,0.0,0.0,0.0,0.01,0.0,0.0,0.0,0.005,0.015,0.0,0.0,0.0,0.005,0.0,0.0,0.0,0.0,0.0,0.0,0.0,0.005,0.0,0.0,0.0,0.005,0.0,0.77,0.0,0.005,0.0,0.04,0.125,0.0,0.005,0.005
28,28,,0.0,0.0,0.0,0.0,0.0,0.0,0.0,0.0,0.0,0.005,0.155,0.0,0.0,0.0,0.17,0.0,0.0,0.04,0.005,0.04,0.0,0.0,0.005,0.06,0.0,0.0,0.0,0.0,0.335,0.0,0.005,0.0,0.145,0.02,0.005,0.01,0.0
28,28,,0.0,0.005,0.0,0.0,0.0,0.01,0.0,0.0,0.0,0.0,0.03,0.005,0.0,0.0,0.105,0.0,0.01,0.0,0.0,0.01,0.0,0.0,0.005,0.005,0.005,0.0,0.0,0.0,0.735,0.0,0.0,0.0,0.06,0.01,0.005,0.0,0.0
28,28,,0.005,0.005,0.0,0.0,0.0,0.035,0.0,0.0,0.0,0.01,0.01,0.0,0.0,0.0,0.005,0.0,0.005,0.005,0.0,0.005,0.0,0.0,0.005,0.0,0.0,0.0,0.0,0.0,0.755,0.0,0.005,0.0,0.02,0.11,0.005,0.005,0.01
29,3,,0.005,0.0,0.01,0.78,0.0,0.0,0.0,0.055,0.0,0.0,0.0,0.0,0.0,0.0,0.0,0.01,0.0,0.0,0.0,0.0,0.0,0.0,0.005,0.0,0.0,0.0,0.0,0.0,0.0,0.125,0.0,0.005,0.0,0.0,0.0,0.0,0.005
29,29,,0.0,0.0,0.0,0.0,0.0,0.0,0.0,0.015,0.0,0.0,0.0,0.0,0.0,0.0,0.0,0.0,0.0,0.0,0.0,0.0,0.0,0.0,0.005,0.0,0.0,0.0,0.005,0.0,0.0,0.96,0.0,0.0,0.005,0.0,0.0,0.0,0.01
29,29,,0.0,0.0,0.005,0.015,0.0,0.0,0.0,0.015,0.005,0.0,0.0,0.0,0.0,0.005,0.0,0.0,0.005,0.0,0.0,0.0,0.0,0.0,0.0,0.0,0.0,0.0,0.0,0.0,0.0,0.94,0.0,0.0,0.0,0.0,0.0,0.0,0.01
29,3,,0.0,0.0,0.005,0.96,0.0,0.0,0.0,0.0,0.0,0.005,0.0,0.0,0.0,0.0,0.0,0.0,0.0,0.0,0.0,0.0,0.0,0.0,0.0,0.0,0.0,0.0,0.0,0.0,0.0,0.02,0.0,0.01,0.0,0.0,0.0,0.0,0.0
29,29,,0.0,0.0,0.02,0.015,0.0,0.0,0.0,0.035,0.015,0.0,0.0,0.0,0.01,0.005,0.0,0.0,0.0,0.0,0.0,0.0,0.0,0.0,0.0,0.0,0.0,0.0,0.0,0.0,0.0,0.885,0.0,0.0,0.0,0.0,0.0,0.0,0.015
29,29,,0.0,0.005,0.03,0.2,0.0,0.0,0.0,0.01,0.0,0.01,0.0,0.0,0.0,0.0,0.0,0.0,0.0,0.0,0.005,0.0,0.0,0.0,0.005,0.0,0.0,0.0,0.0,0.0,0.0,0.735,0.0,0.0,0.0,0.0,0.0,0.0,0.0
29,29,,0.0,0.005,0.0,0.005,0.0,0.0,0.0,0.0,0.0,0.0,0.0,0.0,0.0,0.0,0.005,0.0,0.0,0.0,0.0,0.0,0.0,0.0,0.0,0.0,0.0,0.0,0.0,0.0,0.0,0.98,0.0,0.0,0.0,0.0,0.0,0.0,0.005
29,3,,0.0,0.01,0.035,0.28,0.0,0.045,0.0,0.175,0.01,0.005,0.01,0.005,0.035,0.0,0.01,0.03,0.0,0.02,0.015,0.0,0.01,0.0,0.01,0.02,0.005,0.0,0.0,0.0,0.0,0.195,0.005,0.0,0.005,0.005,0.0,0.045,0.015
29,29,,0.0,0.0,0.015,0.045,0.0,0.0,0.0,0.005,0.0,0.005,0.0,0.0,0.0,0.0,0.0,0.0,0.0,0.0,0.0,0.0,0.0,0.0,0.0,0.0,0.0,0.0,0.0,0.0,0.0,0.925,0.0,0.0,0.0,0.0,0.0,0.0,0.005
29,29,,0.0,0.0,0.015,0.03,0.0,0.01,0.0,0.015,0.0,0.005,0.0,0.0,0.02,0.0,0.01,0.005,0.0,0.0,0.0,0.0,0.0,0.0,0.0,0.005,0.0,0.0,0.0,0.0,0.0,0.865,0.005,0.0,0.005,0.0,0.0,0.01,0.0
29,29,,0.0,0.0,0.0,0.0,0.0,0.005,0.0,0.01,0.0,0.005,0.0,0.0,0.0,0.0,0.0,0.0,0.0,0.0,0.0,0.0,0.0,0.0,0.0,0.0,0.0,0.0,0.0,0.0,0.0,0.975,0.0,0.0,0.0,0.0,0.0,0.0,0.005
29,29,,0.0,0.0,0.005,0.0,0.0,0.0,0.0,0.0,0.0,0.0,0.005,0.0,0.0,0.0,0.0,0.0,0.0,0.0,0.0,0.0,0.0,0.0,0.0,0.0,0.0,0.0,0.0,0.0,0.0,0.975,0.0,0.005,0.0,0.0,0.0,0.005,0.005
29,29,,0.0,0.0,0.045,0.005,0.0,0.0,0.0,0.02,0.0,0.0,0.0,0.0,0.0,0.0,0.0,0.0,0.0,0.0,0.005,0.0,0.0,0.0,0.01,0.005,0.0,0.0,0.0,0.0,0.005,0.86,0.0,0.0,0.01,0.005,0.0,0.0,0.03
29,29,,0.0,0.01,0.005,0.005,0.0,0.0,0.0,0.0,0.0,0.0,0.0,0.0,0.0,0.0,0.005,0.0,0.0,0.0,0.0,0.0,0.0,0.0,0.0,0.0,0.0,0.0,0.0,0.0,0.0,0.965,0.0,0.0,0.0,0.0,0.0,0.005,0.005
30,30,,0.0,0.0,0.0,0.0,0.0,0.01,0.0,0.005,0.01,0.0,0.0,0.0,0.0,0.0,0.0,0.025,0.005,0.0,0.0,0.0,0.28,0.01,0.0,0.005,0.185,0.0,0.0,0.035,0.0,0.0,0.43,0.0,0.0,0.0,0.0,0.0,0.0
30,14,,0.005,0.005,0.1,0.0,0.005,0.015,0.0,0.01,0.01,0.005,0.015,0.0,0.0,0.0,0.285,0.0,0.01,0.045,0.045,0.0,0.01,0.01,0.01,0.005,0.0,0.04,0.0,0.005,0.0,0.0,0.125,0.0,0.0,0.005,0.025,0.205,0.005
30,30,,0.015,0.0,0.0,0.0,0.0,0.01,0.0,0.005,0.0,0.0,0.0,0.0,0.0,0.0,0.025,0.01,0.005,0.0,0.0,0.0,0.23,0.055,0.0,0.025,0.13,0.0,0.005,0.01,0.0,0.0,0.475,0.0,0.0,0.0,0.0,0.0,0.0
30,27,,0.0,0.0,0.0,0.0,0.0,0.0,0.0,0.0,0.005,0.0,0.0,0.0,0.0,0.0,0.0,0.235,0.0,0.0,0.0,0.0,0.31,0.005,0.0,0.01,0.015,0.0,0.0,0.355,0.0,0.0,0.065,0.0,0.0,0.0,0.0,0.0,0.0
30,20,,0.0,0.0,0.0,0.0,0.0,0.0,0.01,0.0,0.01,0.0,0.0,0.0,0.0,0.0,0.0,0.1,0.015,0.0,0.0,0.0,0.415,0.005,0.0,0.005,0.105,0.0,0.005,0.155,0.0,0.0,0.175,0.0,0.0,0.0,0.0,0.0,0.0
30,20,,0.0,0.0,0.0,0.0,0.0,0.005,0.0,0.0,0.01,0.0,0.0,0.0,0.0,0.0,0.0,0.18,0.005,0.0,0.0,0.0,0.33,0.0,0.0,0.015,0.05,0.0,0.0,0.205,0.0,0.0,0.2,0.0,0.0,0.0,0.0,0.0,0.0
30,27,,0.0,0.0,0.0,0.0,0.0,0.0,0.0,0.0,0.0,0.0,0.0,0.0,0.0,0.0,0.0,0.105,0.005,0.0,0.0,0.0,0.265,0.0,0.0,0.01,0.0,0.0,0.0,0.515,0.0,0.0,0.1,0.0,0.0,0.0,0.0,0.0,0.0
30,20,,0.0,0.0,0.0,0.0,0.0,0.0,0.0,0.0,0.02,0.0,0.0,0.0,0.0,0.0,0.0,0.07,0.0,0.0,0.0,0.0,0.525,0.005,0.0,0.005,0.125,0.0,0.0,0.115,0.0,0.0,0.135,0.0,0.0,0.0,0.0,0.0,0.0
30,30,,0.0,0.0,0.01,0.0,0.0,0.025,0.0,0.005,0.015,0.0,0.0,0.0,0.0,0.0,0.0,0.02,0.02,0.0,0.0,0.0,0.085,0.125,0.0,0.075,0.155,0.0,0.015,0.01,0.0,0.005,0.435,0.0,0.0,0.0,0.0,0.0,0.0
30,30,,0.025,0.0,0.01,0.0,0.0,0.01,0.05,0.0,0.025,0.0,0.0,0.0,0.0,0.0,0.005,0.015,0.0,0.0,0.0,0.0,0.21,0.04,0.0,0.005,0.29,0.0,0.0,0.0,0.0,0.0,0.31,0.0,0.0,0.0,0.0,0.0,0.005
30,30,,0.03,0.0,0.005,0.0,0.0,0.01,0.03,0.005,0.01,0.0,0.0,0.0,0.005,0.0,0.03,0.005,0.0,0.0,0.0,0.0,0.065,0.09,0.0,0.05,0.035,0.005,0.015,0.0,0.0,0.0,0.605,0.0,0.0,0.0,0.0,0.0,0.005
30,35,,0.0,0.005,0.085,0.01,0.02,0.04,0.005,0.01,0.01,0.0,0.005,0.0,0.015,0.005,0.09,0.015,0.015,0.065,0.055,0.005,0.015,0.01,0.01,0.085,0.005,0.075,0.01,0.0,0.005,0.0,0.13,0.0,0.005,0.0,0.05,0.145,0.0
31,31,,0.0,0.0,0.005,0.0,0.0,0.0,0.0,0.0,0.0,0.005,0.005,0.01,0.0,0.0,0.0,0.0,0.0,0.0,0.0,0.0,0.0,0.0,0.005,0.0,0.0,0.0,0.0,0.0,0.0,0.0,0.0,0.97,0.0,0.0,0.0,0.0,0.0
31,17,,0.0,0.0,0.0,0.0,0.0,0.0,0.0,0.0,0.0,0.025,0.175,0.04,0.015,0.0,0.035,0.0,0.0,0.26,0.115,0.015,0.0,0.0,0.025,0.045,0.0,0.1,0.0,0.0,0.0,0.0,0.005,0.055,0.005,0.01,0.015,0.06,0.0
31,31,,0.0,0.01,0.005,0.0,0.01,0.0,0.0,0.0,0.0,0.0,0.005,0.005,0.0,0.0,0.0,0.0,0.0,0.0,0.0,0.0,0.0,0.0,0.01,0.0,0.0,0.0,0.0,0.0,0.0,0.0,0.0,0.955,0.0,0.0,0.0,0.0,0.0
31,31,,0.0,0.005,0.01,0.005,0.025,0.0,0.0,0.0,0.0,0.01,0.005,0.0,0.0,0.0,0.0,0.005,0.0,0.005,0.015,0.0,0.0,0.0,0.02,0.0,0.0,0.0,0.0,0.0,0.0,0.0,0.0,0.89,0.0,0.0,0.0,0.005,0.0
31,31,,0.0,0.02,0.0,0.0,0.005,0.0,0.0,0.0,0.0,0.0,0.0,0.015,0.0,0.0,0.0,0.0,0.0,0.0,0.0,0.0,0.0,0.0,0.0,0.0,0.0,0.0,0.0,0.0,0.0,0.0,0.0,0.955,0.0,0.0,0.0,0.005,0.0
31,31,,0.0,0.06,0.005,0.01,0.015,0.0,0.0,0.0,0.0,0.02,0.01,0.01,0.005,0.0,0.0,0.0,0.0,0.005,0.045,0.0,0.005,0.0,0.05,0.0,0.0,0.0,0.0,0.0,0.0,0.0,0.0,0.74,0.0,0.0,0.0,0.02,0.0
32,28,,0.0,0.0,0.0,0.0,0.005,0.01,0.0,0.0,0.0,0.005,0.085,0.0,0.0,0.0,0.16,0.0,0.005,0.0,0.005,0.02,0.0,0.0,0.005,0.075,0.0,0.0,0.0,0.0,0.345,0.0,0.0,0.0,0.255,0.015,0.01,0.0,0.0
32,32,,0.0,0.0,0.01,0.0,0.0,0.05,0.0,0.005,0.0,0.0,0.05,0.005,0.0,0.0,0.185,0.005,0.01,0.07,0.03,0.0,0.0,0.0,0.01,0.1,0.0,0.0,0.0,0.0,0.13,0.0,0.0,0.005,0.235,0.01,0.065,0.02,0.005
32,32,,0.0,0.0,0.015,0.0,0.005,0.055,0.0,0.0,0.0,0.005,0.16,0.0,0.0,0.0,0.08,0.0,0.005,0.03,0.015,0.03,0.0,0.0,0.015,0.03,0.0,0.005,0.005,0.0,0.155,0.005,0.0,0.0,0.24,0.07,0.01,0.05,0.015
32,23,,0.0,0.0,0.0,0.0,0.0,0.025,0.0,0.0,0.0,0.005,0.12,0.0,0.0,0.0,0.075,0.0,0.0,0.07,0.0,0.075,0.0,0.0,0.005,0.23,0.0,0.005,0.005,0.0,0.11,0.0,0.0,0.0,0.215,0.05,0.0,0.01,0.0
32,10,,0.0,0.0,0.0,0.0,0.0,0.005,0.0,0.0,0.0,0.055,0.325,0.0,0.0,0.0,0.045,0.0,0.0,0.08,0.0,0.095,0.0,0.0,0.01,0.105,0.0,0.005,0.0,0.0,0.115,0.0,0.0,0.0,0.06,0.095,0.0,0.005,0.0
32,32,,0.0,0.0,0.015,0.0,0.005,0.03,0.0,0.0,0.005,0.0,0.03,0.0,0.0,0.005,0.09,0.0,0.01,0.025,0.01,0.015,0.005,0.0,0.005,0.04,0.005,0.01,0.01,0.0,0.295,0.0,0.01,0.0,0.34,0.005,0.015,0.015,0.005
32,28,,0.0,0.0,0.005,0.0,0.0,0.1,0.0,0.0,0.0,0.005,0.09,0.0,0.0,0.0,0.085,0.0,0.0,0.1,0.0,0.01,0.0,0.0,0.02,0.095,0.0,0.005,0.0,0.0,0.22,0.0,0.01,0.0,0.15,0.065,0.005,0.035,0.0
32,32,,0.0,0.0,0.005,0.0,0.0,0.01,0.0,0.0,0.0,0.01,0.09,0.0,0.0,0.0,0.1,0.0,0.0,0.07,0.005,0.135,0.0,0.0,0.01,0.105,0.0,0.0,0.0,0.0,0.15,0.0,0.005,0.0,0.225,0.065,0.005,0.01,0.0
32,23,,0.0,0.0,0.0,0.0,0.0,0.015,0.0,0.0,0.0,0.0,0.12,0.0,0.0,0.0,0.15,0.005,0.005,0.13,0.0,0.085,0.0,0.0,0.005,0.235,0.0,0.015,0.0,0.0,0.03,0.0,0.005,0.0,0.145,0.03,0.015,0.01,0.0
32,28,,0.0,0.01,0.0,0.0,0.0,0.045,0.0,0.0,0.0,0.01,0.195,0.0,0.0,0.0,0.045,0.0,0.0,0.045,0.01,0.02,0.0,0.0,0.02,0.015,0.0,0.005,0.005,0.0,0.305,0.0,0.0,0.0,0.095,0.165,0.0,0.01,0.0
32,28,,0.0,0.005,0.0,0.0,0.0,0.035,0.0,0.0,0.0,0.005,0.075,0.005,0.0,0.0,0.11,0.005,0.015,0.04,0.015,0.01,0.0,0.005,0.01,0.025,0.0,0.005,0.0,0.0,0.475,0.0,0.005,0.0,0.115,0.02,0.01,0.01,0.0
32,28,,0.0,0.005,0.0,0.0,0.0,0.055,0.0,0.0,0.0,0.015,0.08,0.0,0.0,0.0,0.105,0.0,0.01,0.04,0.01,0.005,0.0,0.01,0.03,0.055,0.0,0.01,0.0,0.0,0.32,0.0,0.005,0.0,0.21,0.01,0.005,0.02,0.0
32,28,,0.0,0.0,0.0,0.0,0.0,0.015,0.0,0.0,0.0,0.0,0.055,0.0,0.0,0.0,0.08,0.0,0.01,0.005,0.005,0.035,0.0,0.0,0.005,0.055,0.0,0.005,0.0,0.0,0.445,0.0,0.0,0.0,0.22,0.015,0.03,0.02,0.0
32,32,,0.0,0.0,0.015,0.0,0.0,0.03,0.0,0.0,0.0,0.005,0.06,0.0,0.005,0.0,0.065,0.0,0.005,0.005,0.01,0.01,0.0,0.0,0.0,0.045,0.0,0.0,0.0,0.0,0.255,0.01,0.0,0.0,0.47,0.005,0.0,0.0,0.005
32,32,,0.0,0.0,0.0,0.0,0.0,0.03,0.0,0.0,0.0,0.01,0.06,0.0,0.0,0.0,0.06,0.0,0.0,0.035,0.01,0.02,0.0,0.0,0.015,0.175,0.0,0.0,0.0,0.0,0.125,0.0,0.0,0.005,0.41,0.02,0.02,0.005,0.0
32,28,,0.0,0.0,0.0,0.0,0.0,0.01,0.0,0.0,0.0,0.0,0.075,0.0,0.0,0.0,0.105,0.0,0.0,0.015,0.0,0.005,0.0,0.0,0.005,0.08,0.0,0.005,0.0,0.0,0.43,0.0,0.0,0.0,0.235,0.01,0.02,0.005,0.0
33,33,,0.0,0.005,0.0,0.0,0.0,0.02,0.0,0.0,0.0,0.035,0.165,0.0,0.0,0.0,0.01,0.0,0.005,0.01,0.0,0.0,0.0,0.0,0.01,0.0,0.0,0.0,0.0,0.0,0.14,0.0,0.0,0.0,0.015,0.57,0.0,0.0,0.015
33,33,,0.0,0.0,0.005,0.0,0.0,0.07,0.0,0.0,0.0,0.005,0.035,0.0,0.0,0.0,0.01,0.0,0.005,0.01,0.0,0.005,0.0,0.0,0.0,0.0,0.0,0.005,0.005,0.0,0.215,0.0,0.01,0.0,0.03,0.58,0.0,0.005,0.005
33,33,,0.0,0.005,0.0,0.0,0.0,0.015,0.0,0.0,0.0,0.01,0.08,0.015,0.0,0.0,0.0,0.0,0.0,0.005,0.0,0.005,0.0,0.0,0.0,0.0,0.0,0.0,0.0,0.005,0.015,0.0,0.0,0.0,0.005,0.84,0.0,0.0,0.0
33,33,,0.0,0.0,0.005,0.005,0.005,0.015,0.0,0.0,0.0,0.0,0.015,0.0,0.0,0.0,0.0,0.0,0.005,0.005,0.0,0.005,0.0,0.0,0.005,0.0,0.0,0.0,0.0,0.0,0.05,0.0,0.0,0.0,0.0,0.885,0.0,0.0,0.0
33,28,,0.0,0.0,0.025,0.0,0.0,0.095,0.0,0.0,0.0,0.02,0.23,0.0,0.0,0.0,0.035,0.005,0.015,0.015,0.005,0.015,0.0,0.0,0.005,0.06,0.0,0.0,0.0,0.0,0.25,0.005,0.0,0.0,0.07,0.14,0.0,0.005,0.005
33,33,,0.0,0.005,0.005,0.0,0.0,0.04,0.0,0.0,0.0,0.005,0.16,0.0,0.0,0.0,0.005,0.0,0.005,0.0,0.0,0.0,0.0,0.0,0.01,0.025,0.0,0.0,0.0,0.0,0.24,0.0,0.0,0.0,0.065,0.435,0.0,0.0,0.0
33,10,,0.0,0.0,0.0,0.0,0.0,0.01,0.0,0.0,0.0,0.085,0.395,0.005,0.0,0.0,0.035,0.0,0.005,0.07,0.0,0.04,0.0,0.0,0.005,0.085,0.0,0.0,0.0,0.0,0.085,0.0,0.0,0.005,0.02,0.145,0.0,0.0,0.01
33,10,,0.0,0.0,0.005,0.0,0.005,0.07,0.0,0.0,0.0,0.035,0.26,0.01,0.0,0.0,0.065,0.0,0.01,0.065,0.01,0.07,0.0,0.0,0.0,0.095,0.0,0.01,0.0,0.0,0.11,0.0,0.005,0.0,0.065,0.09,0.01,0.01,0.0
34,34,,0.005,0.0,0.0,0.0,0.0,0.0,0.0,0.0,0.0,0.0,0.0,0.0,0.01,0.0,0.025,0.0,0.005,0.015,0.04,0.005,0.005,0.0,0.0,0.08,0.0,0.08,0.0,0.0,0.0,0.0,0.01,0.0,0.0,0.0,0.715,0.005,0.0
34,34,,0.0,0.005,0.0,0.0,0.0,0.01,0.0,0.0,0.0,0.0,0.04,0.005,0.0,0.0,0.055,0.0,0.005,0.045,0.015,0.015,0.0,0.0,0.0,0.145,0.0,0.015,0.0,0.0,0.005,0.0,0.0,0.0,0.005,0.0,0.63,0.0,0.005
34,34,,0.0,0.0,0.0,0.0,0.0,0.0,0.0,0.0,0.0,0.0,0.015,0.0,0.0,0.0,0.035,0.0,0.0,0.03,0.035,0.01,0.0,0.0,0.0,0.18,0.0,0.02,0.0,0.0,0.0,0.0,0.0,0.0,0.005,0.005,0.665,0.0,0.0
34,25,,0.005,0.0,0.0,0.0,0.005,0.0,0.0,0.0,0.0,0.0,0.01,0.0,0.015,0.0,0.04,0.0,0.0,0.02,0.075,0.005,0.0,0.0,0.0,0.135,0.0,0.445,0.0,0.0,0.0,0.0,0.0,0.0,0.0,0.0,0.24,0.005,0.0
34,34,,0.005,0.0,0.0,0.0,0.0,0.0,0.0,0.0,0.0,0.0,0.005,0.0,0.015,0.0,0.07,0.005,0.0,0.035,0.095,0.0,0.005,0.0,0.0,0.075,0.0,0.305,0.0,0.0,0.0,0.0,0.005,0.0,0.0,0.0,0.365,0.015,0.0
34,34,,0.0,0.0,0.0,0.0,0.0,0.0,0.0,0.0,0.0,0.0,0.0,0.0,0.005,0.0,0.025,0.0,0.0,0.01,0.01,0.005,0.0,0.005,0.0,0.115,0.0,0.025,0.0,0.0,0.0,0.0,0.0,0.0,0.005,0.0,0.795,0.0,0.0
34,34,,0.0,0.0,0.0,0.0,0.0,0.005,0.0,0.0,0.0,0.0,0.0,0.0,0.005,0.0,0.04,0.01,0.005,0.0,0.045,0.0,0.02,0.01,0.005,0.17,0.0,0.015,0.005,0.0,0.0,0.0,0.0,0.0,0.005,0.0,0.66,0.0,0.0
34,34,,0.0,0.0,0.0,0.0,0.0,0.005,0.0,0.0,0.0,0.0,0.0,0.0,0.0,0.0,0.06,0.0,0.0,0.0,0.01,0.01,0.005,0.005,0.0,0.085,0.0,0.0,0.0,0.0,0.0,0.0,0.0,0.0,0.0,0.0,0.815,0.005,0.0
34,34,,0.0,0.0,0.0,0.0,0.0,0.0,0.0,0.0,0.0,0.0,0.0,0.0,0.0,0.0,0.03,0.0,0.0,0.005,0.03,0.005,0.0,0.0,0.0,0.05,0.0,0.005,0.0,0.0,0.0,0.0,0.0,0.0,0.0,0.0,0.875,0.0,0.0
34,34,,0.0,0.0,0.0,0.0,0.0,0.015,0.0,0.0,0.0,0.005,0.045,0.0,0.0,0.0,0.1,0.0,0.005,0.11,0.015,0.035,0.0,0.0,0.005,0.18,0.0,0.06,0.0,0.0,0.0,0.0,0.005,0.0,0.005,0.01,0.385,0.02,0.0
35,35,,0.005,0.045,0.055,0.0,0.025,0.0,0.0,0.0,0.005,0.005,0.0,0.02,0.005,0.025,0.03,0.01,0.0,0.0,0.055,0.0,0.005,0.0,0.03,0.0,0.0,0.02,0.005,0.0,0.0,0.005,0.01,0.08,0.0,0.0,0.0,0.56,0.0
35,35,,0.0,0.0,0.025,0.0,0.02,0.0,0.0,0.0,0.0,0.01,0.0,0.0,0.02,0.01,0.06,0.025,0.0,0.0,0.035,0.0,0.01,0.0,0.005,0.0,0.01,0.09,0.005,0.0,0.0,0.0,0.01,0.005,0.0,0.0,0.0,0.66,0.0
35,35,,0.0,0.005,0.015,0.0,0.0,0.0,0.0,0.0,0.005,0.095,0.02,0.005,0.005,0.0,0.05,0.0,0.0,0.045,0.03,0.0,0.0,0.0,0.015,0.005,0.0,0.055,0.0,0.0,0.005,0.0,0.015,0.025,0.0,0.01,0.0,0.595,0.0
35,4,,0.02,0.0,0.06,0.005,0.22,0.0,0.01,0.0,0.0,0.0,0.0,0.0,0.145,0.065,0.0,0.18,0.0,0.0,0.015,0.0,0.025,0.0,0.0,0.0,0.01,0.01,0.005,0.0,0.0,0.0,0.005,0.0,0.0,0.0,0.005,0.22,0.0
35,35,,0.0,0.005,0.0,0.0,0.0,0.005,0.0,0.0,0.0,0.0,0.0,0.0,0.0,0.0,0.095,0.0,0.0,0.025,0.11,0.0,0.005,0.0,0.005,0.005,0.0,0.285,0.0,0.0,0.0,0.0,0.01,0.0,0.0,0.0,0.01,0.435,0.005
35,2,,0.08,0.0,0.315,0.0,0.085,0.005,0.0,0.005,0.0,0.0,0.0,0.0,0.01,0.02,0.055,0.03,0.0,0.0,0.02,0.0,0.07,0.0,0.0,0.005,0.04,0.04,0.015,0.0,0.0,0.0,0.025,0.005,0.0,0.0,0.0,0.175,0.0
35,35,,0.005,0.01,0.01,0.005,0.025,0.0,0.0,0.0,0.005,0.005,0.0,0.015,0.025,0.005,0.025,0.0,0.0,0.015,0.085,0.0,0.005,0.0,0.005,0.0,0.0,0.07,0.0,0.0,0.0,0.005,0.005,0.02,0.005,0.0,0.005,0.645,0.0
35,35,,0.005,0.005,0.01,0.0,0.005,0.0,0.0,0.0,0.0,0.005,0.0,0.005,0.015,0.0,0.095,0.005,0.0,0.03,0.15,0.0,0.015,0.0,0.005,0.005,0.0,0.255,0.005,0.0,0.0,0.0,0.01,0.005,0.0,0.0,0.0,0.37,0.0
35,35,,0.005,0.015,0.035,0.0,0.015,0.0,0.005,0.0,0.0,0.01,0.0,0.005,0.0,0.005,0.035,0.0,0.0,0.02,0.085,0.0,0.005,0.0,0.015,0.0,0.0,0.025,0.005,0.0,0.0,0.0,0.015,0.025,0.0,0.0,0.0,0.675,0.0
35,0,,0.295,0.0,0.16,0.0,0.045,0.0,0.025,0.0,0.02,0.0,0.0,0.0,0.025,0.01,0.06,0.02,0.0,0.0,0.005,0.0,0.085,0.0,0.0,0.01,0.1,0.005,0.05,0.0,0.0,0.0,0.045,0.0,0.005,0.0,0.0,0.035,0.0
35,35,,0.005,0.0,0.005,0.0,0.005,0.0,0.0,0.0,0.0,0.015,0.0,0.0,0.005,0.0,0.19,0.0,0.0,0.03,0.035,0.0,0.0,0.0,0.005,0.005,0.0,0.07,0.0,0.0,0.0,0.0,0.01,0.0,0.01,0.0,0.01,0.6,0.0
35,35,,0.035,0.0,0.045,0.0,0.095,0.0,0.02,0.0,0.0,0.0,0.0,0.0,0.205,0.07,0.03,0.13,0.0,0.0,0.02,0.0,0.065,0.0,0.0,0.0,0.015,0.005,0.015,0.0,0.0,0.0,0.02,0.0,0.0,0.0,0.0,0.23,0.0
36,36,,0.0,0.0,0.01,0.0,0.0,0.0,0.0,0.0,0.0,0.0,0.0,0.0,0.0,0.0,0.0,0.0,0.0,0.0,0.0,0.0,0.0,0.0,0.0,0.005,0.0,0.0,0.005,0.0,0.0,0.005,0.0,0.0,0.01,0.01,0.0,0.0,0.955
36,36,,0.0,0.01,0.035,0.0,0.0,0.0,0.0,0.015,0.02,0.005,0.005,0.0,0.0,0.0,0.01,0.0,0.0,0.005,0.0,0.0,0.0,0.0,0.01,0.0,0.0,0.0,0.0,0.005,0.0,0.09,0.0,0.0,0.01,0.025,0.0,0.0,0.755
36,36,,0.0,0.0,0.0,0.0,0.0,0.005,0.0,0.0,0.0,0.0,0.005,0.01,0.0,0.0,0.005,0.0,0.005,0.015,0.0,0.0,0.0,0.0,0.01,0.005,0.005,0.0,0.0,0.0,0.005,0.005,0.0,0.0,0.0,0.005,0.0,0.0,0.92
36,36,,0.0,0.0,0.015,0.0,0.0,0.01,0.0,0.05,0.005,0.005,0.0,0.0,0.0,0.005,0.0,0.005,0.0,0.0,0.0,0.0,0.0,0.0,0.005,0.0,0.005,0.0,0.01,0.0,0.0,0.12,0.005,0.0,0.005,0.005,0.0,0.0,0.75
36,36,,0.0,0.02,0.03,0.0,0.0,0.04,0.005,0.01,0.01,0.01,0.07,0.005,0.005,0.005,0.01,0.0,0.01,0.0,0.0,0.0,0.0,0.0,0.025,0.02,0.01,0.0,0.01,0.0,0.025,0.015,0.0,0.005,0.015,0.21,0.0,0.01,0.425
36,36,,0.0,0.0,0.0,0.0,0.0,0.01,0.0,0.005,0.0,0.0,0.01,0.0,0.0,0.0,0.005,0.0,0.005,0.015,0.0,0.0,0.0,0.0,0.0,0.02,0.005,0.0,0.02,0.0,0.0,0.0,0.0,0.0,0.005,0.005,0.005,0.005,0.885
36,36,,0.0,0.0,0.005,0.0,0.0,0.005,0.0,0.0,0.005,0.0,0.0,0.0,0.0,0.01,0.0,0.0,0.005,0.0,0.0,0.0,0.0,0.005,0.0,0.0,0.0,0.0,0.0,0.0,0.0,0.03,0.0,0.0,0.01,0.005,0.0,0.0,0.92
36,36,,0.0,0.0,0.005,0.0,0.0,0.0,0.0,0.005,0.0,0.0,0.0,0.005,0.0,0.0,0.0,0.0,0.005,0.0,0.0,0.0,0.0,0.0,0.0,0.0,0.0,0.0,0.0,0.0,0.0,0.0,0.005,0.0,0.0,0.005,0.0,0.005,0.965
36,36,,0.0,0.005,0.005,0.0,0.0,0.0,0.0,0.0,0.0,0.0,0.0,0.0,0.0,0.0,0.0,0.0,0.0,0.0,0.0,0.0,0.0,0.0,0.0,0.0,0.0,0.0,0.0,0.0,0.0,0.015,0.0,0.0,0.0,0.0,0.0,0.0,0.975
36,36,,0.0,0.005,0.02,0.005,0.0,0.005,0.0,0.005,0.0,0.0,0.005,0.0,0.0,0.0,0.005,0.0,0.0,0.005,0.0,0.0,0.0,0.0,0.0,0.01,0.0,0.0,0.005,0.0,0.0,0.0,0.0,0.0,0.005,0.01,0.0,0.0,0.915
36,36,,0.0,0.0,0.005,0.0,0.0,0.0,0.0,0.0,0.0,0.0,0.0,0.0,0.0,0.0,0.0,0.0,0.0,0.0,0.0,0.0,0.0,0.005,0.0,0.0,0.0,0.0,0.0,0.0,0.0,0.0,0.0,0.0,0.01,0.0,0.0,0.0,0.98
