PigAirwayPressure,rstc,TEST,0,MILLISECONDS,Generated by run_classification_experiment on 07/24/2024, 10:45:06. Encoder dictionary: {'1': 0, '10': 1, '11': 2, '12': 3, '13': 4, '14': 5, '15': 6, '16': 7, '17': 8, '18': 9, '19': 10, '2': 11, '20': 12, '21': 13, '22': 14, '23': 15, '24': 16, '25': 17, '26': 18, '27': 19, '28': 20, '29': 21, '3': 22, '30': 23, '31': 24, '32': 25, '33': 26, '34': 27, '35': 28, '36': 29, '37': 30, '38': 31, '39': 32, '4': 33, '40': 34, '41': 35, '42': 36, '43': 37, '44': 38, '45': 39, '46': 40, '47': 41, '48': 42, '49': 43, '5': 44, '50': 45, '51': 46, '52': 47, '6': 48, '7': 49, '8': 50, '9': 51}
{'batch_size': 100, 'contract_max_n_shapelet_samples': inf, 'estimator': None, 'max_shapelet_length': None, 'max_shapelets': None, 'n_jobs': 1, 'n_shapelet_samples': 10000, 'random_state': 0, 'shapelet_quality': 'F_STAT', 'time_limit_in_minutes': 0, 'transform_limit_in_minutes': 0}
0.6971153846153846,812116,22755,-1,47022080,52,N/A,-1,-1
0,0,,0.315,0.015,0.065,0.01,0.0,0.02,0.0,0.005,0.0,0.0,0.015,0.0,0.01,0.0,0.005,0.005,0.0,0.005,0.0,0.0,0.01,0.005,0.01,0.0,0.0,0.01,0.0,0.005,0.005,0.0,0.0,0.01,0.0,0.055,0.005,0.005,0.015,0.025,0.0,0.0,0.005,0.0,0.0,0.11,0.025,0.02,0.005,0.025,0.04,0.03,0.06,0.05
0,43,,0.075,0.04,0.085,0.0,0.0,0.02,0.01,0.01,0.005,0.0,0.045,0.0,0.005,0.005,0.025,0.005,0.005,0.0,0.0,0.0,0.015,0.0,0.07,0.02,0.005,0.015,0.015,0.0,0.005,0.0,0.0,0.035,0.0,0.05,0.005,0.005,0.02,0.025,0.015,0.005,0.015,0.005,0.015,0.115,0.095,0.03,0.01,0.0,0.01,0.025,0.005,0.035
0,44,,0.04,0.01,0.07,0.005,0.015,0.02,0.005,0.005,0.005,0.02,0.015,0.0,0.005,0.0,0.02,0.01,0.0,0.005,0.0,0.0,0.01,0.005,0.095,0.005,0.005,0.03,0.01,0.0,0.005,0.005,0.0,0.025,0.0,0.09,0.005,0.0,0.005,0.02,0.035,0.0,0.01,0.0,0.01,0.085,0.18,0.045,0.005,0.005,0.01,0.025,0.005,0.02
0,44,,0.04,0.035,0.04,0.02,0.03,0.01,0.005,0.0,0.0,0.01,0.005,0.0,0.0,0.005,0.04,0.01,0.04,0.025,0.03,0.025,0.015,0.0,0.035,0.01,0.015,0.005,0.005,0.01,0.005,0.0,0.005,0.0,0.02,0.095,0.0,0.015,0.02,0.02,0.02,0.02,0.0,0.015,0.01,0.055,0.11,0.02,0.03,0.01,0.005,0.025,0.01,0.025
11,11,,0.0,0.0,0.0,0.0,0.0,0.005,0.0,0.0,0.38,0.0,0.0,0.605,0.0,0.0,0.005,0.0,0.0,0.0,0.0,0.0,0.0,0.0,0.0,0.0,0.0,0.0,0.0,0.0,0.0,0.0,0.0,0.0,0.0,0.0,0.0,0.0,0.0,0.0,0.0,0.0,0.005,0.0,0.0,0.0,0.0,0.0,0.0,0.0,0.0,0.0,0.0,0.0
11,8,,0.0,0.0,0.0,0.005,0.0,0.0,0.0,0.005,0.51,0.005,0.0,0.435,0.005,0.0,0.005,0.0,0.0,0.0,0.0,0.0,0.0,0.0,0.0,0.0,0.0,0.0,0.0,0.0,0.005,0.005,0.0,0.0,0.0,0.0,0.0,0.0,0.0,0.0,0.0,0.0,0.01,0.0,0.0,0.0,0.005,0.0,0.0,0.0,0.0,0.0,0.005,0.0
11,8,,0.0,0.0,0.0,0.0,0.0,0.0,0.0,0.0,0.72,0.005,0.0,0.26,0.0,0.0,0.0,0.0,0.0,0.0,0.0,0.0,0.0,0.005,0.0,0.0,0.0,0.0,0.0,0.0,0.0,0.0,0.0,0.0,0.0,0.0,0.0,0.0,0.0,0.0,0.0,0.0,0.005,0.005,0.0,0.0,0.0,0.0,0.0,0.0,0.0,0.0,0.0,0.0
11,8,,0.0,0.0,0.0,0.005,0.0,0.0,0.0,0.0,0.505,0.005,0.0,0.46,0.0,0.0,0.005,0.0,0.0,0.0,0.0,0.0,0.0,0.005,0.0,0.0,0.0,0.005,0.0,0.0,0.005,0.0,0.0,0.0,0.0,0.0,0.0,0.0,0.0,0.0,0.0,0.0,0.0,0.005,0.0,0.0,0.0,0.0,0.0,0.0,0.0,0.0,0.0,0.0
22,22,,0.01,0.03,0.015,0.0,0.0,0.005,0.0,0.01,0.0,0.01,0.03,0.01,0.055,0.025,0.015,0.01,0.025,0.0,0.005,0.0,0.0,0.005,0.21,0.01,0.005,0.03,0.005,0.005,0.0,0.005,0.005,0.01,0.0,0.05,0.005,0.015,0.02,0.015,0.005,0.0,0.005,0.035,0.045,0.025,0.02,0.025,0.0,0.0,0.045,0.045,0.03,0.07
22,22,,0.03,0.04,0.015,0.03,0.0,0.0,0.01,0.0,0.0,0.025,0.03,0.01,0.055,0.08,0.005,0.01,0.01,0.045,0.01,0.005,0.01,0.005,0.105,0.005,0.005,0.04,0.01,0.005,0.02,0.0,0.01,0.015,0.0,0.06,0.0,0.005,0.025,0.01,0.0,0.01,0.0,0.02,0.015,0.035,0.01,0.01,0.0,0.025,0.005,0.04,0.065,0.025
22,22,,0.02,0.035,0.0,0.015,0.015,0.015,0.0,0.0,0.0,0.005,0.02,0.0,0.025,0.0,0.005,0.03,0.01,0.005,0.025,0.015,0.005,0.0,0.33,0.01,0.0,0.06,0.035,0.0,0.01,0.015,0.01,0.02,0.0,0.02,0.0,0.01,0.0,0.005,0.005,0.0,0.0,0.005,0.035,0.015,0.04,0.005,0.005,0.0,0.015,0.07,0.01,0.025
22,22,,0.015,0.005,0.01,0.01,0.025,0.015,0.0,0.005,0.0,0.01,0.035,0.0,0.01,0.0,0.0,0.03,0.015,0.0,0.0,0.0,0.0,0.005,0.265,0.005,0.0,0.04,0.015,0.0,0.0,0.015,0.01,0.015,0.005,0.005,0.0,0.015,0.015,0.015,0.01,0.005,0.005,0.035,0.055,0.02,0.05,0.03,0.0,0.005,0.05,0.035,0.02,0.07
33,1,,0.04,0.115,0.05,0.015,0.005,0.005,0.0,0.005,0.0,0.0,0.005,0.0,0.01,0.005,0.085,0.01,0.005,0.02,0.015,0.0,0.05,0.0,0.07,0.005,0.0,0.035,0.0,0.005,0.01,0.005,0.0,0.0,0.015,0.08,0.01,0.01,0.0,0.02,0.0,0.0,0.005,0.005,0.0,0.04,0.085,0.005,0.015,0.0,0.02,0.065,0.035,0.02
33,49,,0.045,0.015,0.01,0.0,0.02,0.0,0.005,0.025,0.0,0.0,0.0,0.005,0.03,0.0,0.04,0.015,0.02,0.005,0.005,0.005,0.01,0.005,0.08,0.0,0.0,0.01,0.0,0.005,0.0,0.02,0.03,0.005,0.0,0.1,0.0,0.005,0.005,0.015,0.01,0.0,0.015,0.005,0.015,0.035,0.095,0.01,0.005,0.01,0.01,0.165,0.01,0.08
33,1,,0.015,0.17,0.01,0.005,0.005,0.005,0.015,0.0,0.0,0.0,0.015,0.0,0.005,0.025,0.02,0.005,0.005,0.015,0.015,0.04,0.08,0.005,0.065,0.015,0.015,0.005,0.0,0.005,0.035,0.005,0.01,0.005,0.04,0.085,0.02,0.025,0.01,0.01,0.0,0.01,0.01,0.015,0.0,0.02,0.015,0.005,0.055,0.01,0.005,0.015,0.005,0.03
33,33,,0.015,0.065,0.0,0.005,0.005,0.0,0.035,0.035,0.0,0.01,0.005,0.0,0.055,0.0,0.01,0.025,0.015,0.005,0.0,0.025,0.04,0.015,0.095,0.0,0.005,0.0,0.005,0.0,0.03,0.01,0.03,0.01,0.0,0.1,0.005,0.03,0.01,0.01,0.01,0.0,0.01,0.01,0.02,0.02,0.045,0.015,0.015,0.01,0.015,0.08,0.02,0.025
44,44,,0.05,0.02,0.015,0.005,0.02,0.005,0.01,0.015,0.005,0.0,0.005,0.0,0.005,0.0,0.05,0.005,0.015,0.0,0.025,0.005,0.03,0.0,0.02,0.035,0.0,0.05,0.01,0.0,0.0,0.0,0.005,0.005,0.0,0.04,0.0,0.0,0.005,0.015,0.03,0.0,0.015,0.0,0.005,0.025,0.305,0.035,0.015,0.0,0.005,0.06,0.01,0.025
44,44,,0.015,0.0,0.01,0.01,0.035,0.015,0.0,0.045,0.0,0.0,0.0,0.0,0.01,0.01,0.045,0.0,0.015,0.015,0.005,0.015,0.01,0.0,0.025,0.01,0.0,0.0,0.005,0.0,0.005,0.01,0.02,0.015,0.0,0.01,0.005,0.01,0.01,0.01,0.005,0.0,0.0,0.005,0.015,0.035,0.375,0.035,0.005,0.005,0.025,0.045,0.01,0.05
44,44,,0.085,0.02,0.01,0.005,0.005,0.02,0.0,0.02,0.0,0.005,0.03,0.01,0.01,0.015,0.035,0.0,0.015,0.0,0.005,0.005,0.015,0.0,0.02,0.015,0.0,0.03,0.0,0.0,0.0,0.0,0.005,0.02,0.0,0.025,0.0,0.015,0.015,0.03,0.03,0.0,0.01,0.015,0.015,0.025,0.16,0.025,0.005,0.01,0.045,0.05,0.06,0.065
44,44,,0.13,0.04,0.055,0.035,0.0,0.01,0.0,0.015,0.0,0.0,0.01,0.005,0.035,0.005,0.05,0.005,0.0,0.0,0.0,0.0,0.005,0.0,0.01,0.005,0.0,0.045,0.0,0.0,0.0,0.005,0.0,0.02,0.0,0.035,0.0,0.0,0.005,0.02,0.0,0.0,0.01,0.0,0.005,0.04,0.175,0.01,0.015,0.0,0.04,0.065,0.08,0.015
48,48,,0.045,0.015,0.035,0.06,0.005,0.005,0.0,0.01,0.0,0.015,0.0,0.0,0.01,0.01,0.015,0.005,0.0,0.045,0.0,0.01,0.01,0.01,0.01,0.005,0.0,0.01,0.005,0.01,0.015,0.01,0.015,0.01,0.0,0.01,0.01,0.01,0.03,0.01,0.0,0.0,0.0,0.0,0.02,0.09,0.02,0.015,0.04,0.03,0.18,0.035,0.065,0.04
48,43,,0.035,0.015,0.07,0.05,0.0,0.0,0.0,0.0,0.0,0.035,0.015,0.0,0.01,0.0,0.0,0.01,0.005,0.03,0.02,0.005,0.015,0.005,0.05,0.035,0.01,0.035,0.005,0.02,0.02,0.0,0.005,0.01,0.005,0.005,0.005,0.02,0.015,0.01,0.02,0.035,0.005,0.015,0.015,0.1,0.08,0.04,0.015,0.015,0.055,0.015,0.005,0.015
48,43,,0.025,0.0,0.025,0.05,0.005,0.0,0.0,0.0,0.0,0.005,0.0,0.0,0.015,0.005,0.01,0.015,0.0,0.045,0.0,0.005,0.005,0.01,0.01,0.005,0.0,0.01,0.0,0.0,0.015,0.0,0.005,0.025,0.005,0.025,0.01,0.015,0.015,0.0,0.0,0.015,0.005,0.005,0.015,0.2,0.025,0.025,0.04,0.03,0.175,0.015,0.06,0.03
48,48,,0.03,0.025,0.05,0.025,0.045,0.005,0.005,0.005,0.0,0.005,0.005,0.0,0.02,0.0,0.03,0.015,0.015,0.025,0.02,0.02,0.02,0.01,0.025,0.005,0.0,0.015,0.0,0.005,0.03,0.0,0.02,0.015,0.025,0.015,0.0,0.05,0.005,0.0,0.01,0.01,0.015,0.01,0.01,0.07,0.045,0.02,0.025,0.03,0.09,0.02,0.025,0.035
49,49,,0.01,0.035,0.025,0.005,0.01,0.0,0.0,0.085,0.0,0.005,0.005,0.0,0.025,0.01,0.01,0.01,0.0,0.01,0.01,0.0,0.02,0.0,0.105,0.0,0.0,0.02,0.01,0.0,0.0,0.01,0.01,0.005,0.005,0.005,0.0,0.005,0.005,0.02,0.015,0.0,0.0,0.015,0.015,0.015,0.06,0.0,0.005,0.0,0.015,0.26,0.005,0.12
49,49,,0.015,0.03,0.045,0.01,0.01,0.005,0.0,0.045,0.0,0.0,0.05,0.005,0.045,0.01,0.02,0.01,0.0,0.01,0.0,0.0,0.02,0.01,0.07,0.0,0.01,0.025,0.005,0.0,0.0,0.01,0.0,0.01,0.0,0.03,0.01,0.01,0.015,0.015,0.015,0.0,0.01,0.025,0.01,0.015,0.035,0.01,0.01,0.005,0.01,0.17,0.015,0.12
49,44,,0.005,0.025,0.055,0.015,0.01,0.005,0.0,0.01,0.0,0.01,0.015,0.0,0.01,0.0,0.005,0.01,0.02,0.005,0.005,0.0,0.01,0.0,0.07,0.005,0.005,0.085,0.005,0.0,0.0,0.0,0.005,0.025,0.0,0.055,0.0,0.0,0.01,0.025,0.015,0.005,0.0,0.005,0.03,0.025,0.185,0.015,0.01,0.0,0.005,0.155,0.01,0.035
49,22,,0.01,0.095,0.045,0.01,0.01,0.01,0.0,0.015,0.005,0.01,0.015,0.0,0.005,0.0,0.025,0.025,0.005,0.0,0.02,0.0,0.04,0.0,0.135,0.01,0.01,0.13,0.025,0.01,0.0,0.005,0.005,0.0,0.0,0.015,0.01,0.005,0.0,0.015,0.0,0.005,0.0,0.01,0.01,0.005,0.035,0.005,0.02,0.0,0.0,0.11,0.015,0.065
50,50,,0.01,0.07,0.05,0.0,0.0,0.005,0.0,0.005,0.0,0.005,0.015,0.0,0.015,0.02,0.015,0.005,0.0,0.01,0.005,0.0,0.06,0.0,0.035,0.0,0.0,0.04,0.0,0.005,0.015,0.0,0.005,0.005,0.035,0.045,0.005,0.02,0.0,0.02,0.0,0.005,0.005,0.0,0.005,0.095,0.055,0.015,0.005,0.0,0.015,0.055,0.185,0.04
50,1,,0.035,0.165,0.0,0.005,0.0,0.0,0.01,0.005,0.0,0.0,0.0,0.0,0.015,0.01,0.025,0.0,0.01,0.0,0.01,0.005,0.085,0.0,0.065,0.005,0.0,0.015,0.0,0.005,0.03,0.005,0.025,0.0,0.05,0.045,0.01,0.005,0.0,0.035,0.0,0.005,0.005,0.005,0.005,0.015,0.03,0.0,0.015,0.005,0.015,0.035,0.145,0.045
50,50,,0.035,0.1,0.005,0.0,0.005,0.0,0.0,0.015,0.005,0.0,0.0,0.0,0.02,0.01,0.055,0.0,0.0,0.005,0.01,0.005,0.125,0.0,0.075,0.0,0.0,0.04,0.0,0.0,0.005,0.005,0.0,0.0,0.04,0.06,0.005,0.02,0.005,0.005,0.005,0.005,0.015,0.0,0.0,0.015,0.03,0.0,0.01,0.005,0.02,0.045,0.17,0.025
50,51,,0.015,0.09,0.02,0.005,0.0,0.0,0.02,0.05,0.005,0.0,0.005,0.0,0.085,0.0,0.005,0.01,0.0,0.015,0.0,0.005,0.05,0.0,0.09,0.0,0.005,0.005,0.0,0.005,0.005,0.01,0.01,0.0,0.015,0.02,0.015,0.0,0.0,0.04,0.0,0.0,0.005,0.0,0.005,0.045,0.0,0.0,0.0,0.005,0.015,0.065,0.12,0.14
51,51,,0.06,0.04,0.07,0.005,0.0,0.0,0.0,0.01,0.0,0.01,0.03,0.005,0.11,0.02,0.005,0.01,0.005,0.01,0.005,0.005,0.02,0.005,0.015,0.0,0.0,0.045,0.0,0.0,0.005,0.005,0.0,0.01,0.0,0.025,0.0,0.015,0.03,0.005,0.005,0.01,0.0,0.03,0.0,0.025,0.005,0.005,0.0,0.0,0.0,0.095,0.095,0.15
51,51,,0.015,0.03,0.065,0.01,0.01,0.005,0.0,0.0,0.005,0.01,0.01,0.0,0.04,0.015,0.01,0.015,0.0,0.02,0.015,0.0,0.025,0.0,0.03,0.005,0.005,0.04,0.0,0.005,0.005,0.0,0.005,0.02,0.0,0.09,0.0,0.03,0.015,0.015,0.005,0.005,0.0,0.01,0.0,0.08,0.02,0.015,0.015,0.015,0.0,0.11,0.045,0.115
51,51,,0.01,0.025,0.055,0.01,0.0,0.01,0.0,0.015,0.0,0.005,0.03,0.01,0.07,0.015,0.005,0.0,0.01,0.025,0.02,0.0,0.015,0.015,0.02,0.0,0.0,0.025,0.005,0.0,0.005,0.015,0.005,0.005,0.0,0.005,0.01,0.01,0.01,0.025,0.005,0.0,0.0,0.02,0.0,0.01,0.015,0.015,0.005,0.01,0.01,0.075,0.02,0.33
51,51,,0.035,0.04,0.035,0.015,0.005,0.005,0.005,0.015,0.0,0.005,0.05,0.01,0.065,0.025,0.005,0.01,0.005,0.025,0.01,0.005,0.02,0.0,0.05,0.0,0.0,0.085,0.0,0.005,0.005,0.005,0.0,0.005,0.005,0.03,0.0,0.01,0.03,0.005,0.0,0.005,0.0,0.015,0.005,0.035,0.01,0.015,0.005,0.005,0.005,0.085,0.055,0.135
1,1,,0.025,0.24,0.015,0.0,0.0,0.0,0.01,0.035,0.0,0.0,0.0,0.0,0.035,0.01,0.005,0.01,0.0,0.02,0.01,0.015,0.07,0.0,0.09,0.0,0.005,0.02,0.0,0.005,0.03,0.005,0.02,0.0,0.005,0.03,0.005,0.0,0.0,0.03,0.0,0.005,0.0,0.0,0.005,0.0,0.01,0.0,0.035,0.01,0.015,0.085,0.03,0.06
1,7,,0.025,0.065,0.055,0.0,0.0,0.005,0.01,0.16,0.0,0.005,0.0,0.0,0.03,0.01,0.015,0.025,0.0,0.01,0.0,0.0,0.035,0.0,0.06,0.0,0.015,0.01,0.0,0.005,0.005,0.01,0.005,0.0,0.0,0.035,0.01,0.005,0.0,0.06,0.0,0.01,0.0,0.0,0.005,0.01,0.025,0.005,0.01,0.0,0.025,0.065,0.07,0.105
1,1,,0.005,0.17,0.02,0.0,0.0,0.0,0.0,0.145,0.0,0.0,0.0,0.005,0.05,0.005,0.005,0.05,0.0,0.025,0.005,0.005,0.02,0.005,0.065,0.0,0.0,0.015,0.01,0.0,0.005,0.01,0.015,0.0,0.0,0.03,0.025,0.005,0.005,0.05,0.0,0.02,0.0,0.0,0.0,0.01,0.015,0.005,0.005,0.0,0.02,0.07,0.05,0.055
1,1,,0.02,0.19,0.035,0.0,0.0,0.0,0.005,0.09,0.0,0.0,0.01,0.005,0.065,0.01,0.005,0.02,0.01,0.01,0.0,0.0,0.015,0.015,0.045,0.0,0.005,0.01,0.005,0.005,0.005,0.015,0.0,0.005,0.005,0.05,0.03,0.005,0.005,0.08,0.005,0.01,0.005,0.01,0.0,0.015,0.02,0.005,0.0,0.005,0.035,0.015,0.05,0.05
2,2,,0.02,0.03,0.125,0.005,0.015,0.01,0.005,0.035,0.0,0.0,0.01,0.0,0.02,0.005,0.045,0.015,0.03,0.0,0.005,0.0,0.02,0.005,0.025,0.0,0.0,0.02,0.02,0.0,0.005,0.005,0.015,0.005,0.0,0.03,0.0,0.0,0.01,0.02,0.015,0.0,0.02,0.025,0.015,0.06,0.11,0.03,0.01,0.0,0.045,0.065,0.01,0.04
2,2,,0.015,0.015,0.48,0.01,0.0,0.0,0.0,0.015,0.0,0.005,0.035,0.0,0.01,0.0,0.015,0.025,0.005,0.0,0.0,0.005,0.0,0.0,0.02,0.0,0.0,0.005,0.0,0.0,0.0,0.015,0.005,0.0,0.0,0.0,0.0,0.0,0.0,0.03,0.0,0.015,0.0,0.005,0.0,0.02,0.025,0.015,0.01,0.0,0.045,0.04,0.005,0.11
2,2,,0.145,0.01,0.27,0.03,0.0,0.02,0.0,0.01,0.0,0.0,0.025,0.0,0.01,0.01,0.04,0.005,0.005,0.015,0.0,0.0,0.02,0.005,0.01,0.01,0.0,0.025,0.01,0.0,0.0,0.025,0.0,0.0,0.0,0.01,0.0,0.0,0.02,0.01,0.0,0.0,0.0,0.005,0.0,0.01,0.02,0.01,0.01,0.005,0.025,0.01,0.06,0.105
2,2,,0.075,0.015,0.23,0.015,0.0,0.015,0.005,0.005,0.0,0.005,0.01,0.0,0.015,0.01,0.06,0.005,0.0,0.025,0.005,0.0,0.03,0.01,0.0,0.0,0.01,0.02,0.0,0.015,0.0,0.005,0.0,0.0,0.01,0.08,0.0,0.0,0.01,0.015,0.0,0.015,0.005,0.0,0.0,0.05,0.015,0.005,0.05,0.005,0.01,0.05,0.025,0.07
3,3,,0.005,0.0,0.055,0.09,0.085,0.025,0.005,0.0,0.0,0.01,0.01,0.005,0.005,0.0,0.045,0.0,0.075,0.005,0.07,0.035,0.01,0.0,0.0,0.005,0.02,0.01,0.05,0.03,0.025,0.0,0.01,0.015,0.01,0.015,0.005,0.02,0.02,0.005,0.02,0.015,0.01,0.015,0.04,0.035,0.01,0.01,0.0,0.02,0.02,0.02,0.005,0.005
3,3,,0.005,0.0,0.015,0.215,0.01,0.075,0.0,0.005,0.0,0.005,0.0,0.005,0.015,0.0,0.005,0.005,0.045,0.03,0.005,0.005,0.0,0.01,0.01,0.02,0.01,0.015,0.015,0.02,0.02,0.035,0.005,0.005,0.0,0.0,0.0,0.01,0.03,0.015,0.03,0.015,0.0,0.035,0.045,0.015,0.01,0.02,0.015,0.035,0.09,0.01,0.005,0.01
3,26,,0.005,0.005,0.02,0.085,0.01,0.02,0.025,0.005,0.0,0.02,0.015,0.0,0.02,0.0,0.04,0.03,0.045,0.005,0.035,0.01,0.005,0.005,0.015,0.01,0.0,0.01,0.23,0.03,0.015,0.015,0.065,0.0,0.0,0.0,0.01,0.005,0.01,0.0,0.005,0.0,0.0,0.03,0.045,0.03,0.005,0.015,0.0,0.005,0.025,0.005,0.0,0.015
3,3,,0.045,0.0,0.025,0.465,0.015,0.045,0.005,0.0,0.005,0.015,0.0,0.0,0.005,0.005,0.03,0.0,0.005,0.01,0.005,0.005,0.0,0.005,0.0,0.01,0.025,0.0,0.005,0.03,0.005,0.005,0.005,0.035,0.005,0.005,0.0,0.0,0.005,0.0,0.01,0.0,0.005,0.0,0.01,0.02,0.01,0.015,0.01,0.03,0.03,0.01,0.01,0.015
4,4,,0.01,0.0,0.0,0.02,0.27,0.04,0.0,0.0,0.0,0.015,0.03,0.0,0.0,0.005,0.0,0.0,0.07,0.005,0.005,0.0,0.0,0.0,0.0,0.015,0.005,0.0,0.0,0.01,0.0,0.01,0.015,0.0,0.015,0.0,0.005,0.02,0.025,0.03,0.13,0.0,0.085,0.04,0.035,0.01,0.005,0.02,0.0,0.02,0.01,0.01,0.005,0.01
4,4,,0.015,0.005,0.0,0.0,0.27,0.015,0.0,0.0,0.005,0.02,0.03,0.0,0.0,0.0,0.005,0.0,0.03,0.0,0.03,0.02,0.025,0.0,0.01,0.06,0.015,0.015,0.015,0.0,0.01,0.0,0.0,0.025,0.015,0.005,0.0,0.07,0.0,0.01,0.185,0.0,0.055,0.01,0.005,0.0,0.01,0.0,0.005,0.01,0.0,0.0,0.0,0.0
4,9,,0.005,0.01,0.0,0.025,0.08,0.005,0.005,0.0,0.005,0.13,0.005,0.0,0.0,0.01,0.0,0.0,0.02,0.025,0.01,0.05,0.005,0.0,0.015,0.055,0.02,0.03,0.015,0.005,0.035,0.0,0.01,0.015,0.02,0.01,0.0,0.055,0.005,0.01,0.06,0.0,0.075,0.045,0.02,0.02,0.005,0.015,0.0,0.05,0.0,0.01,0.005,0.005
4,4,,0.01,0.0,0.0,0.01,0.445,0.01,0.0,0.015,0.005,0.01,0.0,0.01,0.005,0.0,0.0,0.0,0.025,0.0,0.025,0.005,0.0,0.0,0.005,0.01,0.0,0.005,0.075,0.005,0.0,0.0,0.015,0.0,0.01,0.015,0.0,0.065,0.01,0.005,0.025,0.01,0.02,0.02,0.05,0.01,0.01,0.005,0.0,0.03,0.015,0.0,0.0,0.01
5,26,,0.0,0.0,0.02,0.04,0.07,0.075,0.0,0.02,0.01,0.02,0.02,0.005,0.015,0.0,0.05,0.03,0.025,0.005,0.015,0.0,0.0,0.005,0.04,0.01,0.0,0.01,0.185,0.015,0.005,0.03,0.03,0.0,0.005,0.01,0.0,0.0,0.0,0.005,0.005,0.02,0.015,0.03,0.065,0.015,0.015,0.03,0.0,0.0,0.005,0.015,0.005,0.01
5,5,,0.005,0.01,0.045,0.08,0.035,0.12,0.0,0.015,0.015,0.03,0.015,0.01,0.005,0.0,0.075,0.015,0.06,0.005,0.0,0.0,0.0,0.0,0.035,0.015,0.005,0.04,0.065,0.0,0.0,0.005,0.015,0.015,0.0,0.015,0.0,0.005,0.0,0.015,0.015,0.01,0.065,0.015,0.015,0.005,0.055,0.025,0.0,0.0,0.005,0.01,0.0,0.01
5,26,,0.01,0.0,0.015,0.05,0.095,0.08,0.0,0.01,0.0,0.02,0.005,0.01,0.015,0.01,0.045,0.02,0.055,0.0,0.02,0.005,0.005,0.01,0.02,0.01,0.005,0.01,0.13,0.025,0.0,0.015,0.055,0.0,0.0,0.005,0.01,0.005,0.0,0.015,0.005,0.01,0.0,0.01,0.055,0.005,0.055,0.03,0.0,0.005,0.01,0.02,0.0,0.01
5,5,,0.01,0.0,0.04,0.06,0.045,0.115,0.0,0.01,0.01,0.015,0.015,0.005,0.01,0.0,0.07,0.01,0.07,0.005,0.03,0.0,0.005,0.0,0.055,0.015,0.0,0.055,0.09,0.0,0.005,0.005,0.01,0.0,0.0,0.015,0.0,0.02,0.0,0.01,0.01,0.005,0.035,0.005,0.03,0.0,0.045,0.03,0.0,0.0,0.005,0.02,0.0,0.01
6,21,,0.0,0.0,0.0,0.005,0.0,0.0,0.12,0.015,0.0,0.0,0.0,0.0,0.02,0.03,0.005,0.015,0.0,0.045,0.015,0.01,0.025,0.175,0.0,0.0,0.085,0.0,0.0,0.105,0.015,0.05,0.0,0.0,0.02,0.005,0.095,0.0,0.0,0.0,0.0,0.025,0.01,0.005,0.005,0.005,0.0,0.0,0.045,0.025,0.01,0.0,0.01,0.005
6,6,,0.0,0.02,0.005,0.0,0.0,0.0,0.14,0.01,0.0,0.0,0.0,0.0,0.005,0.01,0.02,0.01,0.005,0.04,0.03,0.045,0.095,0.035,0.0,0.0,0.135,0.0,0.0,0.025,0.03,0.02,0.01,0.005,0.1,0.0,0.07,0.015,0.0,0.01,0.0,0.045,0.005,0.0,0.0,0.005,0.0,0.0,0.035,0.005,0.0,0.005,0.01,0.0
6,21,,0.0,0.0,0.0,0.005,0.005,0.0,0.125,0.01,0.0,0.0,0.0,0.0,0.01,0.025,0.005,0.0,0.0,0.05,0.01,0.025,0.01,0.185,0.0,0.0,0.115,0.0,0.005,0.095,0.01,0.04,0.005,0.0,0.04,0.01,0.095,0.0,0.0,0.0,0.0,0.015,0.005,0.005,0.005,0.0,0.0,0.0,0.035,0.035,0.005,0.005,0.0,0.01
6,6,,0.0,0.02,0.0,0.0,0.015,0.005,0.175,0.0,0.0,0.005,0.005,0.0,0.01,0.025,0.03,0.015,0.005,0.03,0.015,0.07,0.12,0.01,0.0,0.0,0.095,0.0,0.0,0.015,0.045,0.005,0.005,0.015,0.065,0.005,0.035,0.01,0.0,0.0,0.0,0.045,0.005,0.0,0.0,0.01,0.0,0.0,0.065,0.01,0.0,0.005,0.01,0.0
7,7,,0.03,0.015,0.02,0.0,0.005,0.01,0.0,0.245,0.0,0.0,0.01,0.01,0.035,0.005,0.025,0.015,0.0,0.02,0.0,0.0,0.115,0.045,0.0,0.0,0.03,0.015,0.0,0.015,0.005,0.06,0.0,0.0,0.025,0.01,0.025,0.01,0.005,0.085,0.0,0.0,0.005,0.0,0.0,0.0,0.01,0.005,0.015,0.0,0.01,0.02,0.02,0.025
7,7,,0.025,0.015,0.015,0.015,0.005,0.005,0.0,0.21,0.01,0.015,0.005,0.0,0.025,0.015,0.04,0.015,0.005,0.025,0.0,0.0,0.12,0.03,0.0,0.0,0.015,0.045,0.0,0.025,0.0,0.015,0.0,0.005,0.035,0.015,0.015,0.005,0.0,0.025,0.0,0.0,0.0,0.0,0.0,0.005,0.03,0.0,0.045,0.005,0.01,0.045,0.05,0.015
7,7,,0.0,0.01,0.015,0.0,0.015,0.005,0.005,0.46,0.005,0.005,0.0,0.005,0.03,0.01,0.015,0.02,0.0,0.005,0.0,0.0,0.11,0.025,0.0,0.0,0.0,0.005,0.0,0.005,0.005,0.04,0.0,0.0,0.01,0.01,0.015,0.0,0.0,0.09,0.0,0.01,0.0,0.0,0.0,0.0,0.005,0.0,0.02,0.0,0.0,0.005,0.015,0.025
7,7,,0.02,0.045,0.035,0.005,0.01,0.0,0.0,0.205,0.01,0.015,0.035,0.0,0.045,0.01,0.025,0.035,0.0,0.01,0.0,0.0,0.08,0.04,0.0,0.0,0.02,0.04,0.0,0.015,0.005,0.025,0.0,0.0,0.03,0.02,0.025,0.0,0.0,0.055,0.0,0.01,0.0,0.0,0.0,0.015,0.02,0.005,0.025,0.01,0.0,0.015,0.03,0.01
8,8,,0.0,0.0,0.0,0.0,0.0,0.0,0.0,0.0,0.735,0.0,0.0,0.26,0.0,0.0,0.0,0.0,0.0,0.0,0.0,0.0,0.0,0.0,0.0,0.0,0.0,0.0,0.005,0.0,0.0,0.0,0.0,0.0,0.0,0.0,0.0,0.0,0.0,0.0,0.0,0.0,0.0,0.0,0.0,0.0,0.0,0.0,0.0,0.0,0.0,0.0,0.0,0.0
8,8,,0.005,0.0,0.0,0.0,0.0,0.0,0.0,0.005,0.74,0.0,0.0,0.22,0.005,0.0,0.0,0.0,0.005,0.0,0.0,0.0,0.0,0.0,0.0,0.0,0.0,0.0,0.01,0.0,0.0,0.0,0.0,0.0,0.0,0.0,0.0,0.0,0.0,0.0,0.0,0.0,0.0,0.0,0.0,0.0,0.005,0.005,0.0,0.0,0.0,0.0,0.0,0.0
8,11,,0.0,0.0,0.0,0.0,0.0,0.02,0.005,0.005,0.395,0.01,0.0,0.485,0.0,0.0,0.02,0.0,0.0,0.005,0.005,0.0,0.005,0.0,0.01,0.0,0.0,0.0,0.0,0.005,0.0,0.005,0.0,0.0,0.0,0.005,0.0,0.0,0.0,0.0,0.0,0.005,0.01,0.0,0.0,0.0,0.0,0.0,0.0,0.0,0.0,0.0,0.0,0.005
8,11,,0.0,0.0,0.005,0.0,0.0,0.01,0.0,0.0,0.425,0.01,0.0,0.515,0.005,0.0,0.01,0.005,0.0,0.0,0.0,0.0,0.0,0.0,0.005,0.0,0.0,0.0,0.0,0.0,0.0,0.0,0.0,0.0,0.0,0.0,0.0,0.0,0.0,0.0,0.0,0.0,0.0,0.0,0.0,0.0,0.0,0.0,0.0,0.0,0.0,0.005,0.005,0.0
9,26,,0.0,0.005,0.005,0.015,0.04,0.025,0.0,0.005,0.02,0.125,0.02,0.01,0.02,0.005,0.005,0.03,0.055,0.02,0.025,0.005,0.01,0.0,0.01,0.0,0.005,0.015,0.365,0.01,0.02,0.03,0.015,0.0,0.0,0.0,0.005,0.025,0.0,0.0,0.0,0.01,0.015,0.015,0.0,0.0,0.0,0.0,0.0,0.005,0.01,0.0,0.0,0.0
9,9,,0.015,0.0,0.0,0.115,0.015,0.055,0.005,0.015,0.015,0.28,0.005,0.015,0.01,0.015,0.0,0.005,0.05,0.035,0.005,0.005,0.005,0.0,0.0,0.0,0.02,0.035,0.11,0.02,0.005,0.03,0.0,0.005,0.0,0.0,0.0,0.015,0.0,0.005,0.01,0.01,0.03,0.0,0.01,0.0,0.0,0.0,0.0,0.005,0.005,0.01,0.01,0.0
9,4,,0.005,0.0,0.01,0.005,0.15,0.03,0.045,0.035,0.005,0.02,0.01,0.015,0.02,0.0,0.005,0.035,0.04,0.005,0.03,0.015,0.015,0.005,0.04,0.01,0.005,0.03,0.07,0.01,0.005,0.01,0.025,0.0,0.01,0.015,0.005,0.07,0.0,0.0,0.025,0.025,0.01,0.02,0.025,0.005,0.015,0.0,0.0,0.015,0.015,0.02,0.0,0.02
9,47,,0.01,0.005,0.02,0.03,0.035,0.045,0.04,0.015,0.005,0.03,0.015,0.005,0.05,0.025,0.025,0.02,0.015,0.02,0.0,0.03,0.035,0.01,0.005,0.005,0.05,0.015,0.02,0.06,0.025,0.04,0.005,0.0,0.025,0.0,0.025,0.02,0.0,0.01,0.015,0.01,0.055,0.01,0.0,0.0,0.005,0.005,0.005,0.075,0.01,0.005,0.005,0.01
10,10,,0.01,0.0,0.015,0.015,0.005,0.015,0.0,0.0,0.0,0.01,0.375,0.005,0.005,0.02,0.005,0.005,0.05,0.015,0.01,0.0,0.025,0.0,0.01,0.035,0.0,0.015,0.005,0.0,0.0,0.0,0.01,0.08,0.0,0.005,0.0,0.01,0.125,0.0,0.015,0.0,0.01,0.01,0.005,0.02,0.005,0.045,0.0,0.0,0.0,0.0,0.005,0.005
10,10,,0.01,0.015,0.01,0.01,0.005,0.0,0.0,0.005,0.0,0.01,0.43,0.0,0.005,0.005,0.0,0.005,0.045,0.02,0.015,0.0,0.01,0.0,0.04,0.025,0.005,0.035,0.01,0.005,0.0,0.0,0.0,0.07,0.0,0.005,0.0,0.015,0.005,0.0,0.025,0.005,0.015,0.015,0.0,0.035,0.05,0.03,0.0,0.0,0.0,0.005,0.0,0.005
10,10,,0.02,0.005,0.01,0.0,0.005,0.005,0.005,0.01,0.0,0.005,0.355,0.0,0.04,0.015,0.0,0.02,0.035,0.025,0.045,0.02,0.01,0.005,0.03,0.005,0.0,0.01,0.045,0.005,0.01,0.0,0.055,0.025,0.0,0.005,0.0,0.01,0.04,0.005,0.0,0.0,0.0,0.025,0.005,0.02,0.005,0.025,0.005,0.0,0.0,0.01,0.01,0.015
10,10,,0.015,0.0,0.005,0.01,0.015,0.0,0.0,0.0,0.0,0.0,0.545,0.0,0.045,0.015,0.0,0.0,0.035,0.01,0.02,0.005,0.0,0.0,0.005,0.0,0.005,0.005,0.01,0.005,0.0,0.0,0.015,0.01,0.005,0.005,0.0,0.01,0.025,0.015,0.005,0.0,0.0,0.08,0.0,0.015,0.0,0.025,0.0,0.0,0.01,0.0,0.0,0.03
12,12,,0.035,0.015,0.01,0.0,0.005,0.005,0.005,0.02,0.0,0.01,0.02,0.0,0.24,0.02,0.005,0.025,0.01,0.06,0.02,0.01,0.04,0.03,0.01,0.0,0.005,0.005,0.005,0.01,0.015,0.02,0.01,0.005,0.0,0.03,0.025,0.01,0.005,0.015,0.01,0.0,0.01,0.005,0.0,0.01,0.0,0.03,0.025,0.02,0.03,0.025,0.03,0.05
12,12,,0.015,0.03,0.03,0.005,0.005,0.005,0.02,0.01,0.0,0.015,0.02,0.005,0.125,0.1,0.005,0.005,0.0,0.055,0.01,0.035,0.055,0.0,0.015,0.005,0.015,0.01,0.005,0.01,0.035,0.005,0.01,0.0,0.02,0.06,0.005,0.015,0.005,0.005,0.0,0.015,0.0,0.0,0.005,0.09,0.025,0.02,0.005,0.015,0.005,0.01,0.01,0.03
12,12,,0.005,0.05,0.03,0.01,0.0,0.01,0.0,0.01,0.005,0.01,0.015,0.005,0.11,0.11,0.01,0.02,0.0,0.02,0.01,0.01,0.06,0.015,0.025,0.005,0.025,0.025,0.0,0.005,0.045,0.0,0.0,0.005,0.015,0.025,0.005,0.01,0.0,0.005,0.0,0.025,0.02,0.005,0.005,0.025,0.005,0.02,0.05,0.015,0.005,0.025,0.055,0.035
12,12,,0.005,0.01,0.01,0.0,0.0,0.005,0.025,0.02,0.0,0.0,0.03,0.0,0.24,0.045,0.005,0.055,0.005,0.055,0.005,0.1,0.085,0.015,0.015,0.0,0.005,0.015,0.0,0.005,0.04,0.0,0.025,0.0,0.005,0.005,0.0,0.005,0.005,0.005,0.0,0.0,0.0,0.0,0.0,0.005,0.005,0.0,0.05,0.015,0.01,0.03,0.01,0.03
13,28,,0.015,0.045,0.03,0.0,0.005,0.0,0.015,0.02,0.0,0.005,0.03,0.0,0.035,0.07,0.005,0.045,0.01,0.025,0.04,0.055,0.07,0.005,0.025,0.0,0.015,0.005,0.005,0.0,0.14,0.0,0.05,0.005,0.04,0.005,0.005,0.02,0.01,0.0,0.0,0.0,0.01,0.005,0.0,0.03,0.005,0.0,0.035,0.015,0.0,0.005,0.035,0.01
13,12,,0.01,0.0,0.015,0.0,0.015,0.005,0.01,0.03,0.01,0.005,0.07,0.0,0.185,0.115,0.0,0.04,0.005,0.04,0.015,0.03,0.025,0.03,0.025,0.0,0.015,0.0,0.0,0.0,0.035,0.01,0.01,0.01,0.01,0.005,0.01,0.0,0.015,0.02,0.0,0.0,0.005,0.03,0.0,0.01,0.0,0.015,0.005,0.02,0.02,0.005,0.01,0.06
13,20,,0.015,0.025,0.02,0.0,0.005,0.0,0.02,0.015,0.0,0.01,0.015,0.0,0.04,0.06,0.005,0.03,0.01,0.03,0.025,0.075,0.13,0.015,0.01,0.0,0.02,0.0,0.0,0.0,0.09,0.0,0.01,0.01,0.055,0.01,0.01,0.015,0.005,0.005,0.01,0.02,0.01,0.015,0.0,0.01,0.0,0.005,0.075,0.01,0.0,0.015,0.03,0.015
13,12,,0.02,0.005,0.02,0.0,0.01,0.01,0.01,0.02,0.005,0.0,0.055,0.0,0.165,0.08,0.005,0.025,0.01,0.045,0.025,0.005,0.025,0.045,0.03,0.0,0.025,0.0,0.005,0.015,0.035,0.03,0.01,0.005,0.01,0.015,0.025,0.0,0.005,0.035,0.005,0.005,0.0,0.03,0.0,0.015,0.0,0.005,0.015,0.005,0.01,0.01,0.015,0.055
14,14,,0.01,0.005,0.025,0.005,0.02,0.06,0.0,0.055,0.005,0.005,0.01,0.005,0.01,0.0,0.11,0.015,0.02,0.005,0.01,0.0,0.01,0.03,0.0,0.005,0.04,0.01,0.0,0.015,0.01,0.065,0.005,0.0,0.015,0.03,0.035,0.0,0.0,0.075,0.01,0.05,0.02,0.02,0.005,0.015,0.03,0.005,0.02,0.01,0.015,0.035,0.015,0.03
14,14,,0.03,0.02,0.04,0.01,0.005,0.015,0.005,0.02,0.01,0.005,0.005,0.01,0.01,0.005,0.315,0.035,0.005,0.01,0.04,0.02,0.01,0.005,0.02,0.0,0.01,0.015,0.02,0.025,0.02,0.015,0.01,0.0,0.0,0.005,0.01,0.0,0.0,0.025,0.005,0.015,0.0,0.005,0.005,0.0,0.065,0.005,0.02,0.005,0.005,0.035,0.01,0.02
14,14,,0.01,0.005,0.015,0.03,0.0,0.03,0.0,0.01,0.005,0.025,0.0,0.005,0.0,0.0,0.57,0.0,0.005,0.0,0.005,0.0,0.015,0.005,0.0,0.005,0.005,0.015,0.0,0.015,0.0,0.015,0.005,0.0,0.01,0.02,0.0,0.0,0.01,0.005,0.005,0.03,0.005,0.0,0.01,0.005,0.03,0.005,0.01,0.015,0.01,0.01,0.005,0.02
14,14,,0.03,0.005,0.015,0.005,0.005,0.05,0.0,0.035,0.005,0.01,0.0,0.015,0.0,0.0,0.155,0.005,0.01,0.01,0.01,0.005,0.005,0.02,0.025,0.0,0.03,0.01,0.03,0.015,0.005,0.06,0.005,0.0,0.005,0.035,0.005,0.01,0.005,0.095,0.0,0.055,0.0,0.01,0.0,0.005,0.055,0.015,0.005,0.005,0.045,0.03,0.01,0.035
15,27,,0.02,0.0,0.02,0.045,0.0,0.01,0.015,0.01,0.005,0.005,0.025,0.0,0.035,0.055,0.005,0.12,0.01,0.045,0.0,0.0,0.0,0.08,0.0,0.005,0.025,0.0,0.0,0.175,0.0,0.02,0.0,0.005,0.0,0.01,0.005,0.0,0.025,0.03,0.005,0.02,0.005,0.01,0.0,0.02,0.0,0.01,0.05,0.005,0.0,0.01,0.045,0.015
15,15,,0.005,0.055,0.015,0.005,0.005,0.015,0.0,0.05,0.005,0.025,0.04,0.005,0.01,0.01,0.03,0.1,0.015,0.055,0.005,0.005,0.07,0.015,0.03,0.005,0.04,0.03,0.0,0.065,0.015,0.005,0.005,0.02,0.005,0.015,0.01,0.01,0.0,0.01,0.005,0.025,0.005,0.0,0.0,0.015,0.005,0.015,0.065,0.005,0.0,0.02,0.01,0.025
15,15,,0.01,0.015,0.045,0.005,0.0,0.01,0.0,0.05,0.005,0.015,0.025,0.0,0.1,0.03,0.0,0.155,0.02,0.05,0.0,0.0,0.02,0.095,0.02,0.005,0.03,0.01,0.005,0.075,0.0,0.015,0.0,0.0,0.0,0.01,0.01,0.0,0.005,0.045,0.0,0.02,0.005,0.0,0.0,0.01,0.005,0.005,0.005,0.005,0.025,0.005,0.015,0.02
15,27,,0.02,0.015,0.04,0.045,0.0,0.02,0.0,0.03,0.005,0.035,0.025,0.005,0.02,0.04,0.015,0.075,0.01,0.075,0.005,0.005,0.025,0.025,0.0,0.0,0.05,0.055,0.0,0.11,0.01,0.005,0.0,0.01,0.0,0.045,0.0,0.0,0.005,0.015,0.0,0.05,0.0,0.005,0.0,0.035,0.005,0.01,0.02,0.005,0.005,0.005,0.005,0.015
16,16,,0.01,0.0,0.005,0.035,0.01,0.03,0.005,0.0,0.0,0.055,0.085,0.005,0.0,0.0,0.01,0.0,0.35,0.0,0.04,0.01,0.005,0.0,0.0,0.035,0.0,0.015,0.03,0.0,0.0,0.0,0.02,0.05,0.0,0.0,0.01,0.02,0.02,0.0,0.025,0.0,0.03,0.025,0.015,0.005,0.005,0.025,0.0,0.0,0.01,0.0,0.0,0.005
16,16,,0.0,0.005,0.01,0.01,0.065,0.02,0.0,0.0,0.0,0.01,0.085,0.0,0.0,0.0,0.0,0.01,0.41,0.0,0.01,0.0,0.0,0.0,0.005,0.045,0.0,0.0,0.025,0.0,0.0,0.0,0.015,0.0,0.0,0.0,0.0,0.005,0.025,0.0,0.03,0.0,0.005,0.09,0.035,0.015,0.005,0.05,0.0,0.0,0.005,0.0,0.0,0.01
16,16,,0.0,0.0,0.005,0.035,0.03,0.05,0.0,0.0,0.0,0.0,0.045,0.0,0.01,0.0,0.01,0.0,0.29,0.01,0.025,0.0,0.0,0.0,0.0,0.075,0.0,0.0,0.01,0.0,0.0,0.0,0.01,0.03,0.0,0.0,0.0,0.01,0.12,0.0,0.055,0.0,0.015,0.055,0.065,0.0,0.0,0.025,0.0,0.005,0.01,0.0,0.005,0.0
16,16,,0.0,0.01,0.005,0.005,0.065,0.015,0.0,0.0,0.0,0.015,0.05,0.0,0.0,0.0,0.0,0.0,0.28,0.005,0.025,0.015,0.0,0.0,0.02,0.065,0.0,0.01,0.02,0.0,0.0,0.0,0.03,0.045,0.0,0.005,0.0,0.04,0.025,0.015,0.08,0.0,0.02,0.04,0.05,0.005,0.01,0.025,0.0,0.0,0.0,0.0,0.0,0.005
17,17,,0.005,0.0,0.0,0.005,0.015,0.005,0.04,0.015,0.0,0.0,0.01,0.0,0.075,0.02,0.005,0.01,0.02,0.125,0.0,0.09,0.015,0.005,0.015,0.005,0.015,0.0,0.01,0.02,0.035,0.015,0.04,0.015,0.05,0.01,0.02,0.02,0.0,0.0,0.005,0.02,0.005,0.0,0.0,0.035,0.01,0.005,0.12,0.02,0.005,0.02,0.0,0.025
17,10,,0.015,0.01,0.005,0.01,0.02,0.005,0.0,0.0,0.0,0.02,0.16,0.0,0.065,0.02,0.0,0.01,0.095,0.03,0.02,0.01,0.01,0.025,0.03,0.01,0.01,0.005,0.035,0.01,0.02,0.0,0.015,0.065,0.0,0.005,0.015,0.015,0.055,0.005,0.01,0.0,0.0,0.015,0.005,0.02,0.0,0.065,0.01,0.02,0.01,0.01,0.0,0.01
17,12,,0.0,0.005,0.01,0.025,0.005,0.0,0.02,0.015,0.005,0.01,0.025,0.0,0.13,0.075,0.0,0.0,0.005,0.13,0.015,0.005,0.015,0.06,0.0,0.02,0.035,0.005,0.015,0.06,0.02,0.01,0.01,0.015,0.01,0.005,0.02,0.0,0.02,0.01,0.0,0.005,0.0,0.0,0.0,0.035,0.005,0.02,0.025,0.035,0.005,0.025,0.03,0.005
17,46,,0.005,0.06,0.0,0.005,0.005,0.0,0.02,0.02,0.005,0.005,0.025,0.0,0.035,0.02,0.0,0.02,0.005,0.065,0.025,0.06,0.07,0.04,0.0,0.005,0.015,0.0,0.0,0.015,0.035,0.01,0.015,0.015,0.085,0.015,0.025,0.015,0.005,0.01,0.005,0.025,0.005,0.0,0.0,0.02,0.0,0.01,0.13,0.025,0.01,0.005,0.01,0.0
18,18,,0.005,0.005,0.0,0.04,0.02,0.02,0.0,0.005,0.0,0.02,0.08,0.0,0.03,0.02,0.01,0.0,0.095,0.02,0.1,0.02,0.0,0.01,0.02,0.065,0.01,0.0,0.02,0.01,0.025,0.015,0.035,0.015,0.005,0.005,0.01,0.005,0.07,0.0,0.01,0.0,0.03,0.05,0.015,0.005,0.005,0.01,0.005,0.04,0.005,0.0,0.015,0.0
18,18,,0.01,0.02,0.01,0.01,0.015,0.01,0.005,0.005,0.0,0.005,0.04,0.0,0.01,0.015,0.045,0.02,0.04,0.015,0.38,0.025,0.03,0.015,0.01,0.0,0.015,0.005,0.015,0.01,0.015,0.015,0.03,0.015,0.035,0.0,0.005,0.025,0.005,0.0,0.01,0.0,0.015,0.015,0.0,0.01,0.0,0.005,0.0,0.01,0.0,0.01,0.0,0.0
18,18,,0.015,0.0,0.005,0.02,0.015,0.015,0.005,0.0,0.0,0.005,0.04,0.0,0.04,0.04,0.02,0.005,0.065,0.01,0.145,0.025,0.015,0.035,0.02,0.035,0.015,0.0,0.01,0.03,0.04,0.05,0.04,0.01,0.02,0.015,0.005,0.0,0.025,0.005,0.0,0.0,0.025,0.02,0.02,0.0,0.005,0.015,0.0,0.045,0.005,0.0,0.02,0.005
18,18,,0.005,0.025,0.025,0.02,0.025,0.015,0.01,0.005,0.005,0.005,0.025,0.0,0.02,0.005,0.06,0.0,0.045,0.02,0.315,0.03,0.015,0.01,0.01,0.01,0.0,0.015,0.03,0.01,0.01,0.01,0.02,0.0,0.045,0.005,0.0,0.02,0.005,0.0,0.01,0.01,0.02,0.02,0.0,0.005,0.0,0.01,0.01,0.025,0.005,0.0,0.005,0.005
19,19,,0.01,0.0,0.01,0.005,0.0,0.005,0.065,0.01,0.01,0.015,0.0,0.0,0.075,0.03,0.005,0.005,0.005,0.05,0.035,0.24,0.005,0.025,0.02,0.01,0.02,0.0,0.01,0.0,0.07,0.035,0.06,0.01,0.0,0.0,0.05,0.0,0.005,0.0,0.0,0.005,0.02,0.01,0.0,0.005,0.0,0.005,0.01,0.025,0.0,0.01,0.005,0.01
19,19,,0.005,0.01,0.0,0.015,0.005,0.005,0.01,0.0,0.005,0.005,0.0,0.0,0.005,0.085,0.005,0.0,0.0,0.02,0.02,0.305,0.0,0.02,0.0,0.025,0.03,0.0,0.005,0.05,0.045,0.03,0.02,0.015,0.015,0.02,0.025,0.01,0.0,0.005,0.0,0.0,0.005,0.005,0.0,0.0,0.0,0.0,0.005,0.15,0.005,0.0,0.015,0.0
19,47,,0.005,0.0,0.0,0.04,0.005,0.0,0.02,0.0,0.005,0.005,0.005,0.0,0.045,0.04,0.005,0.0,0.005,0.065,0.035,0.09,0.015,0.04,0.0,0.02,0.035,0.0,0.01,0.025,0.055,0.025,0.035,0.025,0.005,0.005,0.045,0.015,0.01,0.0,0.0,0.01,0.005,0.015,0.0,0.03,0.0,0.0,0.01,0.15,0.005,0.005,0.025,0.01
19,19,,0.0,0.015,0.0,0.01,0.02,0.0,0.02,0.0,0.005,0.005,0.01,0.0,0.015,0.015,0.005,0.0,0.01,0.005,0.08,0.345,0.015,0.005,0.005,0.015,0.02,0.0,0.0,0.0,0.09,0.015,0.055,0.0,0.05,0.02,0.0,0.02,0.0,0.0,0.005,0.0,0.04,0.02,0.0,0.025,0.0,0.0,0.015,0.015,0.0,0.0,0.005,0.005
20,20,,0.005,0.0,0.02,0.0,0.01,0.0,0.01,0.21,0.005,0.0,0.02,0.005,0.05,0.045,0.005,0.055,0.0,0.035,0.0,0.005,0.245,0.025,0.0,0.0,0.005,0.0,0.0,0.01,0.0,0.035,0.0,0.0,0.015,0.005,0.0,0.005,0.0,0.025,0.0,0.01,0.0,0.0,0.0,0.015,0.01,0.0,0.005,0.005,0.01,0.025,0.025,0.045
20,20,,0.01,0.025,0.01,0.0,0.0,0.005,0.015,0.12,0.005,0.005,0.015,0.01,0.075,0.035,0.02,0.02,0.0,0.015,0.0,0.0,0.265,0.04,0.0,0.0,0.015,0.015,0.0,0.015,0.01,0.035,0.0,0.0,0.02,0.01,0.01,0.0,0.0,0.045,0.0,0.0,0.01,0.0,0.0,0.005,0.01,0.0,0.02,0.01,0.01,0.01,0.04,0.02
20,20,,0.005,0.105,0.02,0.005,0.0,0.0,0.025,0.05,0.01,0.0,0.005,0.0,0.01,0.01,0.01,0.025,0.0,0.015,0.015,0.0,0.385,0.01,0.005,0.0,0.035,0.03,0.005,0.01,0.02,0.025,0.0,0.0,0.01,0.005,0.005,0.0,0.0,0.015,0.0,0.025,0.0,0.0,0.0,0.005,0.01,0.0,0.045,0.0,0.0,0.02,0.01,0.015
20,7,,0.0,0.03,0.015,0.005,0.005,0.005,0.005,0.255,0.005,0.0,0.015,0.0,0.05,0.02,0.015,0.075,0.0,0.045,0.0,0.0,0.155,0.02,0.005,0.0,0.02,0.005,0.015,0.005,0.01,0.035,0.0,0.0,0.0,0.005,0.01,0.0,0.0,0.03,0.0,0.02,0.0,0.0,0.0,0.005,0.025,0.005,0.005,0.005,0.0,0.02,0.02,0.035
21,24,,0.0,0.025,0.005,0.0,0.01,0.005,0.04,0.025,0.0,0.01,0.005,0.0,0.02,0.01,0.01,0.045,0.005,0.075,0.005,0.015,0.08,0.11,0.005,0.005,0.115,0.005,0.0,0.04,0.015,0.015,0.01,0.005,0.055,0.01,0.03,0.0,0.005,0.0,0.0,0.03,0.0,0.0,0.0,0.01,0.005,0.0,0.11,0.015,0.005,0.0,0.005,0.005
21,21,,0.0,0.015,0.005,0.0,0.005,0.0,0.02,0.02,0.005,0.0,0.005,0.0,0.035,0.025,0.0,0.065,0.0,0.025,0.01,0.01,0.01,0.36,0.0,0.0,0.055,0.0,0.0,0.075,0.01,0.03,0.005,0.0,0.005,0.0,0.06,0.005,0.005,0.06,0.0,0.005,0.0,0.0,0.0,0.01,0.0,0.0,0.015,0.005,0.01,0.005,0.0,0.025
21,21,,0.005,0.005,0.005,0.01,0.0,0.005,0.02,0.005,0.0,0.005,0.0,0.0,0.02,0.035,0.0,0.015,0.0,0.07,0.0,0.005,0.015,0.18,0.0,0.0,0.055,0.0,0.005,0.135,0.01,0.01,0.005,0.005,0.055,0.005,0.07,0.005,0.0,0.01,0.0,0.065,0.0,0.0,0.0,0.0,0.0,0.01,0.11,0.025,0.015,0.0,0.005,0.0
21,21,,0.0,0.015,0.0,0.0,0.01,0.01,0.125,0.005,0.0,0.005,0.0,0.0,0.02,0.0,0.03,0.035,0.0,0.065,0.005,0.03,0.03,0.165,0.005,0.0,0.025,0.0,0.0,0.05,0.02,0.015,0.01,0.005,0.05,0.0,0.06,0.01,0.0,0.02,0.005,0.04,0.0,0.0,0.005,0.0,0.0,0.0,0.08,0.005,0.005,0.005,0.015,0.02
23,41,,0.005,0.005,0.005,0.02,0.055,0.015,0.005,0.005,0.0,0.0,0.055,0.0,0.005,0.0,0.0,0.0,0.08,0.005,0.02,0.005,0.0,0.0,0.02,0.055,0.0,0.0,0.015,0.0,0.0,0.005,0.095,0.015,0.0,0.015,0.005,0.04,0.055,0.005,0.085,0.0,0.03,0.15,0.02,0.045,0.005,0.03,0.0,0.01,0.005,0.0,0.005,0.005
23,23,,0.0,0.005,0.0,0.04,0.01,0.015,0.005,0.0,0.0,0.015,0.04,0.0,0.005,0.005,0.0,0.0,0.035,0.0,0.005,0.02,0.005,0.0,0.0,0.35,0.01,0.0,0.0,0.005,0.01,0.0,0.03,0.105,0.0,0.015,0.0,0.005,0.03,0.0,0.025,0.005,0.1,0.005,0.0,0.025,0.005,0.05,0.0,0.015,0.0,0.0,0.0,0.005
23,30,,0.0,0.015,0.0,0.005,0.065,0.005,0.0,0.0,0.0,0.0,0.03,0.0,0.0,0.0,0.0,0.01,0.06,0.01,0.055,0.015,0.01,0.0,0.04,0.075,0.0,0.0,0.02,0.005,0.01,0.005,0.135,0.025,0.005,0.005,0.005,0.045,0.035,0.005,0.09,0.0,0.045,0.035,0.025,0.015,0.01,0.035,0.0,0.02,0.0,0.015,0.0,0.015
23,23,,0.015,0.0,0.005,0.045,0.025,0.02,0.0,0.0,0.0,0.005,0.055,0.0,0.015,0.005,0.005,0.0,0.05,0.005,0.005,0.005,0.0,0.0,0.01,0.27,0.0,0.0,0.01,0.0,0.0,0.005,0.035,0.035,0.0,0.005,0.005,0.025,0.12,0.0,0.04,0.0,0.04,0.025,0.025,0.0,0.015,0.04,0.005,0.025,0.0,0.005,0.0,0.0
24,29,,0.0,0.0,0.0,0.005,0.0,0.005,0.11,0.02,0.005,0.01,0.0,0.0,0.005,0.005,0.0,0.02,0.01,0.075,0.01,0.01,0.005,0.11,0.0,0.0,0.145,0.0,0.01,0.025,0.005,0.235,0.0,0.0,0.025,0.0,0.085,0.0,0.0,0.01,0.0,0.025,0.0,0.0,0.0,0.0,0.0,0.0,0.01,0.015,0.0,0.0,0.0,0.005
24,24,,0.0,0.005,0.0,0.015,0.0,0.0,0.02,0.005,0.0,0.01,0.0,0.0,0.01,0.03,0.0,0.01,0.005,0.035,0.0,0.02,0.015,0.015,0.0,0.0,0.31,0.0,0.0,0.045,0.02,0.075,0.0,0.0,0.14,0.005,0.025,0.005,0.0,0.005,0.0,0.045,0.005,0.0,0.0,0.01,0.0,0.0,0.055,0.05,0.01,0.0,0.0,0.0
24,24,,0.0,0.015,0.005,0.0,0.0,0.0,0.045,0.03,0.0,0.005,0.0,0.0,0.005,0.005,0.03,0.005,0.005,0.015,0.015,0.015,0.045,0.04,0.0,0.005,0.31,0.0,0.0,0.055,0.02,0.07,0.0,0.005,0.055,0.0,0.02,0.005,0.0,0.015,0.0,0.09,0.005,0.0,0.0,0.005,0.0,0.0,0.055,0.0,0.005,0.0,0.0,0.0
24,24,,0.005,0.0,0.0,0.005,0.01,0.0,0.04,0.02,0.0,0.0,0.005,0.0,0.0,0.0,0.0,0.005,0.01,0.01,0.005,0.01,0.005,0.105,0.0,0.0,0.375,0.0,0.0,0.04,0.0,0.1,0.005,0.0,0.04,0.0,0.085,0.0,0.0,0.025,0.0,0.045,0.005,0.005,0.0,0.005,0.0,0.005,0.01,0.005,0.01,0.005,0.0,0.0
25,25,,0.01,0.01,0.005,0.01,0.025,0.02,0.005,0.085,0.0,0.005,0.005,0.005,0.02,0.0,0.01,0.02,0.015,0.0,0.005,0.0,0.02,0.0,0.12,0.0,0.0,0.2,0.085,0.0,0.005,0.005,0.0,0.005,0.01,0.005,0.0,0.015,0.005,0.025,0.0,0.005,0.0,0.015,0.035,0.005,0.035,0.025,0.0,0.005,0.005,0.055,0.015,0.045
25,25,,0.015,0.03,0.055,0.015,0.01,0.04,0.0,0.075,0.0,0.035,0.02,0.02,0.02,0.01,0.015,0.01,0.01,0.01,0.005,0.0,0.03,0.01,0.045,0.0,0.0,0.26,0.04,0.0,0.0,0.015,0.0,0.005,0.0,0.0,0.0,0.01,0.005,0.02,0.0,0.0,0.0,0.0,0.03,0.0,0.015,0.035,0.005,0.005,0.015,0.02,0.01,0.03
25,25,,0.005,0.06,0.04,0.0,0.01,0.01,0.0,0.03,0.005,0.025,0.03,0.005,0.005,0.0,0.02,0.0,0.005,0.0,0.005,0.0,0.035,0.0,0.06,0.005,0.0,0.425,0.025,0.0,0.005,0.0,0.0,0.015,0.0,0.015,0.0,0.01,0.0,0.0,0.005,0.0,0.0,0.005,0.02,0.0,0.04,0.02,0.005,0.0,0.015,0.025,0.005,0.01
25,25,,0.005,0.005,0.02,0.0,0.02,0.015,0.0,0.085,0.01,0.02,0.015,0.01,0.01,0.0,0.015,0.015,0.01,0.005,0.005,0.0,0.02,0.0,0.06,0.0,0.0,0.195,0.16,0.0,0.0,0.01,0.0,0.01,0.005,0.005,0.0,0.03,0.0,0.015,0.005,0.0,0.0,0.02,0.045,0.005,0.035,0.01,0.0,0.0,0.01,0.04,0.02,0.035
26,26,,0.005,0.0,0.005,0.07,0.025,0.075,0.0,0.02,0.0,0.075,0.025,0.01,0.0,0.0,0.005,0.0,0.065,0.01,0.035,0.0,0.0,0.005,0.01,0.025,0.005,0.045,0.235,0.02,0.005,0.005,0.0,0.005,0.0,0.005,0.0,0.005,0.03,0.02,0.025,0.0,0.015,0.005,0.07,0.0,0.0,0.025,0.0,0.005,0.01,0.0,0.0,0.0
26,26,,0.0,0.0,0.03,0.01,0.045,0.02,0.005,0.005,0.005,0.1,0.02,0.01,0.01,0.0,0.025,0.005,0.075,0.005,0.045,0.005,0.005,0.01,0.01,0.015,0.0,0.035,0.35,0.01,0.02,0.005,0.0,0.005,0.01,0.01,0.005,0.02,0.005,0.005,0.015,0.01,0.005,0.005,0.005,0.01,0.0,0.005,0.0,0.0,0.005,0.0,0.0,0.0
26,9,,0.005,0.005,0.01,0.1,0.025,0.025,0.0,0.0,0.0,0.27,0.015,0.005,0.005,0.005,0.0,0.0,0.05,0.015,0.02,0.015,0.0,0.0,0.005,0.035,0.0,0.04,0.08,0.025,0.02,0.0,0.005,0.005,0.0,0.01,0.0,0.01,0.0,0.01,0.045,0.005,0.02,0.01,0.045,0.005,0.0,0.045,0.0,0.005,0.0,0.005,0.0,0.0
26,26,,0.0,0.0,0.0,0.015,0.025,0.015,0.005,0.01,0.0,0.005,0.0,0.01,0.0,0.005,0.0,0.01,0.065,0.0,0.015,0.005,0.0,0.0,0.005,0.005,0.0,0.005,0.645,0.01,0.005,0.0,0.025,0.0,0.0,0.0,0.0,0.01,0.005,0.0,0.005,0.0,0.005,0.01,0.055,0.0,0.005,0.005,0.005,0.0,0.01,0.0,0.0,0.0
27,27,,0.0,0.025,0.025,0.01,0.005,0.005,0.045,0.015,0.0,0.01,0.005,0.0,0.005,0.0,0.05,0.12,0.02,0.025,0.035,0.02,0.01,0.025,0.01,0.005,0.08,0.0,0.005,0.24,0.01,0.01,0.015,0.0,0.01,0.0,0.015,0.01,0.0,0.0,0.01,0.04,0.0,0.0,0.0,0.02,0.005,0.005,0.045,0.005,0.0,0.0,0.005,0.0
27,27,,0.0,0.005,0.005,0.025,0.0,0.0,0.03,0.005,0.0,0.0,0.0,0.0,0.0,0.005,0.005,0.125,0.025,0.02,0.005,0.0,0.0,0.13,0.0,0.0,0.075,0.0,0.01,0.265,0.01,0.065,0.005,0.0,0.005,0.0,0.02,0.0,0.005,0.025,0.005,0.04,0.0,0.025,0.0,0.0,0.0,0.005,0.005,0.01,0.025,0.0,0.0,0.015
27,27,,0.0,0.0,0.01,0.025,0.0,0.005,0.01,0.005,0.0,0.01,0.005,0.0,0.0,0.015,0.01,0.02,0.005,0.035,0.0,0.005,0.0,0.03,0.0,0.01,0.025,0.0,0.01,0.63,0.01,0.005,0.0,0.0,0.01,0.0,0.02,0.0,0.01,0.01,0.0,0.02,0.0,0.005,0.0,0.005,0.0,0.0,0.01,0.015,0.01,0.0,0.005,0.0
27,27,,0.0,0.01,0.005,0.015,0.005,0.005,0.05,0.03,0.0,0.0,0.0,0.0,0.005,0.005,0.045,0.09,0.035,0.045,0.025,0.005,0.01,0.02,0.005,0.0,0.055,0.005,0.01,0.25,0.015,0.015,0.0,0.01,0.025,0.0,0.015,0.01,0.0,0.0,0.015,0.045,0.005,0.0,0.005,0.005,0.005,0.005,0.065,0.0,0.015,0.0,0.005,0.01
28,28,,0.0,0.005,0.005,0.0,0.01,0.0,0.045,0.005,0.005,0.005,0.015,0.0,0.0,0.02,0.01,0.0,0.0,0.01,0.035,0.095,0.06,0.005,0.0,0.0,0.01,0.0,0.01,0.015,0.3,0.005,0.12,0.005,0.05,0.005,0.005,0.035,0.0,0.01,0.0,0.005,0.01,0.005,0.0,0.01,0.0,0.0,0.02,0.02,0.0,0.02,0.005,0.005
28,28,,0.01,0.005,0.005,0.0,0.005,0.0,0.02,0.0,0.005,0.005,0.005,0.0,0.04,0.06,0.01,0.015,0.005,0.01,0.03,0.045,0.01,0.02,0.01,0.005,0.015,0.0,0.005,0.025,0.18,0.065,0.03,0.01,0.0,0.01,0.03,0.015,0.0,0.03,0.01,0.0,0.025,0.085,0.02,0.01,0.0,0.01,0.005,0.02,0.045,0.01,0.01,0.015
28,28,,0.01,0.0,0.0,0.0,0.0,0.0,0.02,0.005,0.01,0.005,0.01,0.0,0.065,0.045,0.0,0.005,0.025,0.005,0.05,0.025,0.015,0.035,0.015,0.015,0.03,0.0,0.015,0.01,0.17,0.115,0.04,0.005,0.005,0.0,0.015,0.005,0.005,0.01,0.01,0.01,0.015,0.045,0.005,0.005,0.0,0.005,0.01,0.055,0.035,0.0,0.02,0.0
28,28,,0.0,0.015,0.0,0.0,0.0,0.0,0.005,0.0,0.0,0.01,0.0,0.0,0.005,0.06,0.0,0.005,0.0,0.035,0.01,0.1,0.015,0.005,0.0,0.025,0.01,0.005,0.01,0.0,0.455,0.005,0.005,0.005,0.035,0.0,0.005,0.005,0.0,0.0,0.0,0.0,0.04,0.0,0.01,0.01,0.0,0.01,0.025,0.055,0.005,0.005,0.01,0.0
29,32,,0.005,0.025,0.005,0.0,0.005,0.0,0.015,0.005,0.005,0.005,0.005,0.0,0.0,0.01,0.04,0.005,0.005,0.015,0.03,0.06,0.095,0.025,0.0,0.0,0.095,0.0,0.0,0.005,0.075,0.11,0.015,0.005,0.115,0.0,0.02,0.01,0.0,0.02,0.005,0.045,0.015,0.005,0.0,0.005,0.0,0.005,0.045,0.01,0.005,0.01,0.02,0.0
29,29,,0.0,0.0,0.005,0.0,0.01,0.005,0.035,0.005,0.0,0.0,0.005,0.0,0.005,0.005,0.005,0.005,0.01,0.015,0.02,0.01,0.02,0.05,0.01,0.0,0.095,0.0,0.0,0.01,0.05,0.42,0.005,0.0,0.035,0.01,0.03,0.0,0.005,0.045,0.0,0.035,0.005,0.015,0.0,0.0,0.0,0.0,0.0,0.01,0.01,0.0,0.0,0.0
29,29,,0.005,0.005,0.0,0.01,0.0,0.0,0.005,0.005,0.0,0.01,0.0,0.0,0.0,0.01,0.01,0.0,0.0,0.02,0.0,0.02,0.03,0.02,0.0,0.0,0.1,0.0,0.005,0.04,0.05,0.225,0.005,0.0,0.105,0.005,0.02,0.0,0.005,0.015,0.0,0.065,0.015,0.0,0.005,0.005,0.005,0.0,0.095,0.055,0.01,0.005,0.015,0.0
29,29,,0.005,0.0,0.005,0.0,0.0,0.0,0.1,0.015,0.0,0.0,0.0,0.0,0.005,0.005,0.01,0.02,0.0,0.03,0.0,0.03,0.035,0.035,0.0,0.0,0.055,0.0,0.02,0.025,0.065,0.25,0.01,0.0,0.04,0.0,0.04,0.0,0.0,0.005,0.0,0.04,0.005,0.0,0.0,0.005,0.0,0.0,0.1,0.02,0.01,0.01,0.005,0.0
30,31,,0.005,0.005,0.005,0.065,0.005,0.01,0.005,0.0,0.005,0.02,0.015,0.005,0.005,0.045,0.0,0.0,0.035,0.01,0.015,0.04,0.0,0.005,0.005,0.065,0.005,0.0,0.0,0.035,0.035,0.0,0.075,0.165,0.0,0.01,0.005,0.01,0.02,0.0,0.005,0.005,0.035,0.04,0.0,0.04,0.0,0.02,0.005,0.105,0.01,0.0,0.005,0.0
30,30,,0.0,0.035,0.0,0.0,0.005,0.0,0.005,0.0,0.0,0.0,0.025,0.0,0.01,0.025,0.0,0.005,0.07,0.005,0.1,0.045,0.005,0.0,0.015,0.035,0.005,0.0,0.015,0.005,0.05,0.0,0.34,0.025,0.0,0.01,0.005,0.045,0.015,0.0,0.01,0.0,0.02,0.02,0.02,0.0,0.0,0.005,0.0,0.0,0.005,0.01,0.005,0.005
30,41,,0.005,0.0,0.0,0.01,0.02,0.02,0.005,0.0,0.0,0.005,0.025,0.0,0.05,0.015,0.005,0.0,0.045,0.01,0.015,0.045,0.01,0.02,0.005,0.035,0.0,0.0,0.005,0.015,0.05,0.0,0.09,0.04,0.0,0.01,0.03,0.065,0.04,0.0,0.01,0.005,0.015,0.11,0.01,0.015,0.0,0.01,0.0,0.07,0.05,0.0,0.005,0.01
30,31,,0.005,0.0,0.0,0.04,0.005,0.015,0.01,0.0,0.005,0.02,0.08,0.0,0.0,0.0,0.005,0.0,0.055,0.005,0.03,0.025,0.005,0.0,0.015,0.14,0.0,0.005,0.025,0.005,0.02,0.0,0.05,0.19,0.005,0.01,0.0,0.04,0.015,0.0,0.035,0.0,0.05,0.035,0.015,0.0,0.0,0.025,0.0,0.01,0.005,0.0,0.0,0.0
31,41,,0.0,0.005,0.01,0.005,0.015,0.01,0.0,0.005,0.0,0.0,0.05,0.0,0.01,0.0,0.0,0.005,0.095,0.005,0.02,0.0,0.0,0.01,0.005,0.025,0.0,0.0,0.035,0.0,0.0,0.0,0.095,0.03,0.0,0.005,0.0,0.08,0.09,0.005,0.065,0.0,0.025,0.115,0.075,0.05,0.005,0.03,0.0,0.005,0.01,0.005,0.0,0.0
31,31,,0.005,0.005,0.0,0.035,0.0,0.005,0.0,0.0,0.0,0.02,0.015,0.0,0.005,0.015,0.0,0.0,0.02,0.0,0.0,0.005,0.0,0.0,0.005,0.13,0.0,0.01,0.0,0.0,0.0,0.0,0.01,0.395,0.0,0.0,0.0,0.015,0.095,0.0,0.04,0.0,0.045,0.01,0.01,0.03,0.0,0.06,0.005,0.01,0.0,0.0,0.0,0.0
31,16,,0.01,0.015,0.0,0.0,0.025,0.0,0.0,0.0,0.0,0.005,0.08,0.0,0.0,0.0,0.0,0.0,0.1,0.005,0.06,0.005,0.005,0.0,0.025,0.035,0.0,0.0,0.015,0.0,0.01,0.0,0.07,0.1,0.005,0.015,0.0,0.08,0.095,0.0,0.05,0.0,0.025,0.04,0.03,0.035,0.0,0.045,0.0,0.005,0.0,0.0,0.005,0.005
31,16,,0.005,0.0,0.0,0.0,0.005,0.015,0.0,0.0,0.0,0.0,0.085,0.0,0.015,0.0,0.0,0.005,0.175,0.005,0.005,0.0,0.0,0.005,0.01,0.075,0.0,0.0,0.01,0.0,0.0,0.0,0.035,0.095,0.0,0.0,0.0,0.02,0.125,0.005,0.05,0.0,0.01,0.105,0.035,0.015,0.015,0.045,0.005,0.005,0.01,0.0,0.0,0.01
32,32,,0.0,0.005,0.005,0.005,0.02,0.0,0.075,0.03,0.0,0.0,0.0,0.005,0.005,0.01,0.005,0.0,0.0,0.02,0.02,0.08,0.0,0.01,0.005,0.005,0.03,0.0,0.0,0.0,0.12,0.03,0.02,0.0,0.29,0.005,0.045,0.01,0.0,0.015,0.0,0.01,0.02,0.005,0.0,0.005,0.005,0.0,0.045,0.02,0.0,0.015,0.005,0.0
32,29,,0.005,0.0,0.0,0.005,0.01,0.0,0.02,0.02,0.005,0.0,0.0,0.005,0.005,0.005,0.015,0.0,0.0,0.02,0.005,0.02,0.01,0.055,0.005,0.0,0.05,0.01,0.005,0.005,0.02,0.175,0.005,0.0,0.175,0.015,0.1,0.01,0.0,0.04,0.005,0.035,0.02,0.01,0.0,0.0,0.0,0.0,0.005,0.065,0.01,0.005,0.015,0.01
32,32,,0.0,0.0,0.0,0.0,0.005,0.0,0.015,0.01,0.005,0.0,0.0,0.01,0.0,0.005,0.005,0.0,0.0,0.005,0.005,0.015,0.01,0.06,0.01,0.0,0.1,0.005,0.0,0.005,0.005,0.135,0.0,0.0,0.18,0.015,0.145,0.01,0.0,0.08,0.0,0.065,0.01,0.005,0.0,0.0,0.0,0.0,0.0,0.055,0.005,0.015,0.0,0.005
32,32,,0.01,0.015,0.0,0.0,0.005,0.0,0.02,0.005,0.0,0.0,0.0,0.0,0.0,0.005,0.015,0.0,0.0,0.015,0.005,0.015,0.015,0.015,0.0,0.0,0.07,0.005,0.005,0.005,0.035,0.025,0.0,0.0,0.45,0.005,0.035,0.015,0.0,0.02,0.0,0.11,0.005,0.0,0.0,0.0,0.0,0.0,0.035,0.035,0.0,0.005,0.0,0.0
34,39,,0.0,0.045,0.005,0.0,0.01,0.0,0.025,0.005,0.0,0.015,0.0,0.0,0.0,0.005,0.025,0.005,0.0,0.055,0.015,0.035,0.025,0.01,0.01,0.0,0.08,0.0,0.005,0.01,0.035,0.0,0.01,0.0,0.15,0.005,0.14,0.015,0.005,0.005,0.0,0.17,0.0,0.005,0.0,0.015,0.005,0.005,0.035,0.01,0.0,0.005,0.0,0.0
34,34,,0.005,0.005,0.0,0.0,0.005,0.0,0.025,0.01,0.0,0.0,0.0,0.0,0.005,0.005,0.0,0.015,0.0,0.03,0.0,0.005,0.0,0.12,0.015,0.0,0.01,0.0,0.0,0.015,0.02,0.025,0.025,0.0,0.015,0.0,0.455,0.005,0.0,0.025,0.0,0.08,0.0,0.0,0.0,0.025,0.0,0.0,0.015,0.005,0.0,0.005,0.005,0.025
34,34,,0.015,0.0,0.0,0.005,0.0,0.0,0.035,0.0,0.0,0.005,0.005,0.0,0.015,0.015,0.02,0.01,0.0,0.025,0.005,0.03,0.005,0.12,0.0,0.0,0.025,0.0,0.0,0.025,0.01,0.045,0.005,0.0,0.05,0.015,0.27,0.0,0.0,0.01,0.0,0.105,0.0,0.0,0.0,0.0,0.0,0.0,0.05,0.065,0.0,0.005,0.005,0.005
34,32,,0.0,0.02,0.005,0.0,0.005,0.005,0.05,0.01,0.0,0.005,0.0,0.0,0.0,0.01,0.005,0.01,0.005,0.005,0.02,0.03,0.03,0.035,0.01,0.005,0.04,0.0,0.0,0.01,0.02,0.005,0.015,0.0,0.225,0.005,0.21,0.01,0.0,0.01,0.005,0.115,0.005,0.0,0.0,0.02,0.005,0.0,0.02,0.01,0.0,0.0,0.0,0.005
35,35,,0.015,0.0,0.0,0.03,0.02,0.01,0.0,0.0,0.0,0.0,0.005,0.0,0.0,0.015,0.01,0.0,0.0,0.015,0.0,0.0,0.01,0.0,0.0,0.045,0.0,0.01,0.0,0.01,0.02,0.0,0.01,0.07,0.025,0.005,0.0,0.135,0.065,0.01,0.045,0.0,0.065,0.025,0.06,0.05,0.015,0.04,0.015,0.095,0.005,0.01,0.015,0.025
35,35,,0.005,0.01,0.01,0.0,0.03,0.0,0.005,0.005,0.0,0.0,0.015,0.0,0.005,0.0,0.0,0.005,0.01,0.0,0.01,0.01,0.015,0.0,0.02,0.02,0.0,0.01,0.01,0.0,0.035,0.0,0.07,0.015,0.015,0.015,0.005,0.385,0.04,0.01,0.045,0.0,0.005,0.04,0.05,0.015,0.005,0.005,0.005,0.015,0.0,0.005,0.0,0.025
35,35,,0.0,0.0,0.005,0.0,0.05,0.0,0.005,0.01,0.0,0.0,0.005,0.005,0.01,0.0,0.0,0.0,0.0,0.015,0.005,0.015,0.01,0.005,0.005,0.0,0.0,0.005,0.005,0.02,0.01,0.005,0.035,0.005,0.005,0.01,0.015,0.34,0.01,0.02,0.035,0.01,0.01,0.145,0.035,0.015,0.005,0.03,0.01,0.03,0.005,0.015,0.01,0.015
35,35,,0.0,0.015,0.0,0.025,0.01,0.005,0.0,0.0,0.0,0.03,0.02,0.0,0.01,0.04,0.0,0.0,0.0,0.01,0.005,0.02,0.01,0.0,0.005,0.05,0.0,0.005,0.005,0.01,0.03,0.0,0.01,0.055,0.04,0.035,0.0,0.16,0.025,0.01,0.015,0.01,0.05,0.025,0.025,0.05,0.0,0.075,0.015,0.07,0.01,0.0,0.01,0.005
36,45,,0.01,0.005,0.005,0.01,0.0,0.01,0.0,0.0,0.0,0.01,0.06,0.0,0.01,0.025,0.0,0.0,0.015,0.02,0.0,0.01,0.0,0.0,0.015,0.08,0.0,0.015,0.005,0.0,0.005,0.0,0.005,0.115,0.0,0.04,0.0,0.04,0.08,0.005,0.07,0.0,0.02,0.015,0.015,0.035,0.015,0.18,0.005,0.015,0.015,0.005,0.01,0.005
36,36,,0.015,0.01,0.01,0.0,0.06,0.005,0.0,0.0,0.0,0.0,0.07,0.0,0.0,0.0,0.0,0.0,0.055,0.005,0.015,0.0,0.0,0.0,0.02,0.025,0.0,0.01,0.01,0.0,0.025,0.0,0.04,0.05,0.005,0.015,0.0,0.1,0.145,0.0,0.075,0.005,0.01,0.025,0.03,0.03,0.005,0.055,0.005,0.01,0.015,0.025,0.01,0.01
36,10,,0.005,0.02,0.035,0.0,0.0,0.005,0.0,0.0,0.0,0.0,0.12,0.0,0.005,0.01,0.0,0.0,0.015,0.01,0.005,0.0,0.02,0.005,0.015,0.065,0.0,0.005,0.0,0.0,0.01,0.0,0.01,0.105,0.01,0.0,0.0,0.05,0.09,0.005,0.04,0.0,0.05,0.02,0.015,0.06,0.02,0.105,0.01,0.015,0.025,0.005,0.01,0.005
36,30,,0.02,0.005,0.01,0.005,0.025,0.0,0.005,0.005,0.005,0.0,0.03,0.0,0.03,0.01,0.0,0.015,0.025,0.02,0.01,0.02,0.0,0.01,0.04,0.02,0.0,0.0,0.015,0.005,0.015,0.0,0.135,0.035,0.0,0.01,0.0,0.11,0.08,0.005,0.04,0.0,0.01,0.035,0.03,0.04,0.0,0.045,0.02,0.02,0.0,0.02,0.005,0.015
37,37,,0.02,0.07,0.02,0.0,0.0,0.0,0.0,0.035,0.0,0.01,0.005,0.0,0.005,0.02,0.065,0.005,0.0,0.01,0.0,0.005,0.045,0.0,0.005,0.0,0.065,0.025,0.005,0.005,0.01,0.01,0.0,0.005,0.09,0.03,0.02,0.015,0.0,0.095,0.0,0.06,0.035,0.0,0.005,0.015,0.02,0.005,0.02,0.02,0.01,0.02,0.07,0.025
37,37,,0.005,0.04,0.02,0.0,0.03,0.005,0.005,0.08,0.0,0.0,0.0,0.0,0.025,0.005,0.01,0.04,0.0,0.035,0.0,0.0,0.015,0.01,0.025,0.005,0.015,0.0,0.005,0.015,0.01,0.02,0.005,0.0,0.02,0.025,0.02,0.02,0.0,0.215,0.005,0.03,0.01,0.0,0.015,0.03,0.01,0.025,0.005,0.02,0.015,0.02,0.025,0.065
37,39,,0.025,0.05,0.02,0.0,0.01,0.005,0.01,0.025,0.005,0.02,0.005,0.0,0.0,0.03,0.02,0.015,0.0,0.015,0.0,0.01,0.09,0.015,0.0,0.0,0.045,0.03,0.005,0.015,0.005,0.005,0.0,0.0,0.055,0.02,0.005,0.0,0.0,0.085,0.005,0.095,0.015,0.0,0.0,0.045,0.02,0.005,0.035,0.035,0.02,0.01,0.065,0.01
37,37,,0.01,0.03,0.005,0.0,0.01,0.005,0.0,0.16,0.005,0.0,0.0,0.005,0.01,0.0,0.005,0.02,0.0,0.05,0.005,0.0,0.065,0.03,0.03,0.0,0.0,0.015,0.01,0.005,0.005,0.05,0.0,0.005,0.01,0.005,0.055,0.005,0.0,0.18,0.0,0.025,0.005,0.0,0.01,0.025,0.015,0.005,0.04,0.01,0.005,0.025,0.025,0.02
38,38,,0.0,0.0,0.005,0.005,0.1,0.005,0.0,0.0,0.0,0.0,0.015,0.0,0.0,0.0,0.0,0.005,0.045,0.005,0.005,0.0,0.0,0.005,0.01,0.025,0.0,0.005,0.02,0.0,0.0,0.0,0.01,0.0,0.005,0.0,0.0,0.08,0.01,0.01,0.255,0.01,0.0,0.125,0.165,0.01,0.005,0.045,0.0,0.01,0.005,0.0,0.0,0.0
38,38,,0.0,0.0,0.005,0.03,0.035,0.01,0.0,0.0,0.0,0.03,0.01,0.0,0.005,0.0,0.005,0.0,0.005,0.005,0.005,0.01,0.005,0.0,0.0,0.09,0.005,0.015,0.005,0.0,0.01,0.0,0.0,0.07,0.01,0.01,0.0,0.03,0.015,0.0,0.285,0.01,0.045,0.015,0.11,0.015,0.005,0.065,0.0,0.02,0.0,0.005,0.005,0.0
38,38,,0.005,0.0,0.0,0.015,0.02,0.0,0.0,0.0,0.005,0.005,0.005,0.0,0.0,0.005,0.01,0.0,0.0,0.0,0.0,0.035,0.01,0.0,0.04,0.065,0.0,0.0,0.0,0.0,0.02,0.0,0.03,0.05,0.01,0.01,0.0,0.13,0.015,0.015,0.25,0.015,0.1,0.035,0.005,0.005,0.0,0.01,0.01,0.07,0.0,0.0,0.0,0.0
38,38,,0.0,0.0,0.0,0.0,0.075,0.0,0.0,0.005,0.0,0.0,0.01,0.0,0.0,0.015,0.0,0.0,0.02,0.005,0.0,0.01,0.005,0.005,0.015,0.015,0.0,0.0,0.01,0.0,0.02,0.025,0.03,0.015,0.005,0.005,0.0,0.145,0.01,0.03,0.21,0.005,0.02,0.155,0.055,0.0,0.005,0.02,0.01,0.015,0.005,0.015,0.005,0.005
39,39,,0.005,0.0,0.0,0.025,0.005,0.0,0.005,0.005,0.0,0.0,0.01,0.005,0.005,0.03,0.015,0.01,0.0,0.03,0.0,0.015,0.02,0.03,0.01,0.005,0.08,0.005,0.0,0.05,0.025,0.06,0.015,0.01,0.045,0.015,0.025,0.01,0.01,0.015,0.01,0.225,0.01,0.0,0.005,0.01,0.0,0.005,0.065,0.05,0.025,0.0,0.0,0.0
39,39,,0.0,0.02,0.0,0.0,0.01,0.0,0.05,0.02,0.0,0.005,0.005,0.0,0.0,0.005,0.02,0.015,0.0,0.02,0.02,0.05,0.025,0.03,0.01,0.0,0.005,0.0,0.0,0.025,0.03,0.06,0.005,0.0,0.115,0.01,0.06,0.0,0.0,0.02,0.01,0.195,0.0,0.0,0.005,0.005,0.02,0.0,0.1,0.01,0.01,0.0,0.005,0.005
39,39,,0.0,0.005,0.0,0.0,0.0,0.0,0.08,0.03,0.0,0.0,0.0,0.0,0.01,0.005,0.01,0.035,0.0,0.07,0.0,0.015,0.01,0.04,0.0,0.0,0.03,0.0,0.0,0.055,0.015,0.145,0.0,0.0,0.025,0.0,0.14,0.0,0.0,0.005,0.0,0.165,0.0,0.0,0.01,0.0,0.0,0.0,0.075,0.005,0.01,0.0,0.005,0.005
39,39,,0.0,0.005,0.0,0.0,0.0,0.0,0.03,0.01,0.0,0.0,0.0,0.0,0.005,0.02,0.005,0.01,0.0,0.05,0.0,0.015,0.015,0.09,0.005,0.0,0.05,0.0,0.0,0.08,0.02,0.08,0.0,0.0,0.035,0.01,0.145,0.0,0.0,0.015,0.0,0.185,0.0,0.0,0.0,0.005,0.0,0.0,0.065,0.04,0.01,0.0,0.0,0.0
40,40,,0.02,0.0,0.005,0.005,0.095,0.05,0.0,0.0,0.005,0.01,0.04,0.01,0.0,0.01,0.005,0.005,0.065,0.0,0.01,0.0,0.0,0.0,0.01,0.015,0.03,0.0,0.025,0.005,0.01,0.015,0.045,0.015,0.015,0.01,0.015,0.035,0.04,0.065,0.045,0.0,0.11,0.035,0.025,0.025,0.01,0.015,0.0,0.015,0.005,0.005,0.01,0.015
40,40,,0.0,0.0,0.005,0.0,0.095,0.015,0.0,0.0,0.005,0.005,0.015,0.0,0.01,0.005,0.015,0.01,0.055,0.0,0.02,0.025,0.01,0.0,0.025,0.065,0.0,0.005,0.01,0.0,0.035,0.01,0.085,0.015,0.03,0.005,0.0,0.1,0.02,0.015,0.025,0.005,0.205,0.015,0.015,0.0,0.005,0.0,0.0,0.01,0.0,0.005,0.005,0.0
40,30,,0.0,0.0,0.005,0.005,0.13,0.025,0.005,0.01,0.0,0.0,0.01,0.005,0.005,0.01,0.0,0.0,0.055,0.01,0.03,0.015,0.015,0.0,0.015,0.025,0.0,0.0,0.05,0.0,0.015,0.015,0.19,0.01,0.01,0.0,0.0,0.035,0.015,0.015,0.03,0.01,0.105,0.025,0.025,0.02,0.01,0.01,0.0,0.025,0.005,0.0,0.0,0.005
40,40,,0.005,0.005,0.0,0.005,0.01,0.005,0.005,0.005,0.0,0.015,0.005,0.0,0.0,0.02,0.02,0.0,0.005,0.01,0.005,0.05,0.0,0.005,0.02,0.05,0.045,0.0,0.0,0.005,0.03,0.005,0.04,0.01,0.035,0.035,0.0,0.01,0.0,0.0,0.005,0.0,0.5,0.005,0.005,0.0,0.0,0.0,0.0,0.02,0.0,0.0,0.005,0.0
41,23,,0.005,0.0,0.0,0.04,0.025,0.015,0.0,0.0,0.0,0.02,0.045,0.0,0.005,0.04,0.0,0.0,0.015,0.0,0.005,0.05,0.0,0.0,0.005,0.135,0.0,0.02,0.015,0.01,0.01,0.005,0.005,0.11,0.0,0.0,0.0,0.025,0.085,0.005,0.05,0.0,0.05,0.09,0.015,0.015,0.0,0.03,0.0,0.045,0.0,0.0,0.0,0.01
41,30,,0.0,0.0,0.0,0.01,0.055,0.005,0.01,0.0,0.0,0.005,0.04,0.0,0.01,0.005,0.0,0.0,0.04,0.005,0.05,0.03,0.005,0.0,0.02,0.03,0.0,0.005,0.055,0.005,0.005,0.0,0.16,0.01,0.005,0.005,0.0,0.085,0.045,0.0,0.03,0.005,0.015,0.16,0.03,0.015,0.005,0.01,0.0,0.02,0.0,0.0,0.0,0.01
41,23,,0.0,0.0,0.0,0.015,0.005,0.005,0.0,0.0,0.0,0.04,0.03,0.0,0.005,0.01,0.0,0.0,0.005,0.015,0.01,0.055,0.0,0.0,0.02,0.17,0.0,0.0,0.0,0.005,0.035,0.0,0.025,0.075,0.02,0.005,0.0,0.11,0.025,0.0,0.055,0.0,0.06,0.085,0.005,0.02,0.005,0.05,0.005,0.025,0.0,0.0,0.0,0.005
41,41,,0.0,0.0,0.0,0.0,0.03,0.01,0.005,0.005,0.0,0.0,0.02,0.0,0.015,0.01,0.0,0.005,0.01,0.0,0.005,0.03,0.0,0.0,0.025,0.01,0.0,0.005,0.035,0.005,0.015,0.005,0.21,0.0,0.005,0.005,0.005,0.09,0.01,0.005,0.025,0.0,0.02,0.29,0.03,0.0,0.0,0.005,0.01,0.025,0.01,0.0,0.0,0.01
42,42,,0.0,0.0,0.005,0.1,0.01,0.035,0.0,0.0,0.0,0.03,0.0,0.0,0.005,0.0,0.005,0.0,0.03,0.0,0.0,0.0,0.0,0.005,0.025,0.025,0.0,0.085,0.015,0.005,0.015,0.0,0.0,0.045,0.005,0.0,0.005,0.025,0.045,0.02,0.04,0.005,0.01,0.015,0.3,0.02,0.0,0.035,0.0,0.015,0.0,0.015,0.0,0.005
42,42,,0.005,0.01,0.005,0.035,0.03,0.015,0.0,0.0,0.0,0.02,0.025,0.0,0.0,0.0,0.005,0.005,0.09,0.0,0.01,0.005,0.01,0.005,0.025,0.02,0.0,0.03,0.055,0.0,0.005,0.0,0.01,0.03,0.01,0.005,0.0,0.075,0.02,0.005,0.12,0.01,0.02,0.005,0.23,0.0,0.005,0.025,0.0,0.005,0.01,0.005,0.0,0.0
42,42,,0.005,0.015,0.005,0.055,0.01,0.005,0.0,0.0,0.0,0.02,0.02,0.0,0.0,0.0,0.02,0.005,0.085,0.0,0.015,0.0,0.005,0.0,0.04,0.025,0.0,0.075,0.07,0.005,0.005,0.0,0.01,0.05,0.005,0.005,0.0,0.045,0.015,0.005,0.12,0.0,0.005,0.005,0.175,0.01,0.005,0.04,0.0,0.005,0.01,0.005,0.0,0.0
42,42,,0.0,0.0,0.0,0.01,0.045,0.01,0.0,0.0,0.0,0.005,0.015,0.0,0.005,0.0,0.005,0.005,0.055,0.0,0.0,0.0,0.0,0.0,0.02,0.01,0.0,0.03,0.035,0.01,0.0,0.0,0.0,0.015,0.0,0.0,0.0,0.02,0.025,0.03,0.1,0.01,0.0,0.025,0.385,0.005,0.005,0.07,0.0,0.01,0.03,0.01,0.0,0.0
43,43,,0.025,0.065,0.01,0.02,0.035,0.0,0.01,0.0,0.0,0.0,0.005,0.0,0.035,0.01,0.01,0.0,0.015,0.01,0.035,0.01,0.005,0.005,0.04,0.01,0.0,0.005,0.0,0.0,0.05,0.0,0.025,0.02,0.025,0.045,0.0,0.055,0.025,0.01,0.035,0.01,0.01,0.005,0.01,0.11,0.01,0.03,0.015,0.01,0.02,0.035,0.03,0.055
43,43,,0.035,0.01,0.0,0.0,0.015,0.0,0.0,0.02,0.0,0.0,0.025,0.0,0.05,0.0,0.0,0.01,0.005,0.015,0.005,0.01,0.01,0.0,0.06,0.01,0.0,0.01,0.005,0.005,0.005,0.005,0.015,0.01,0.005,0.01,0.01,0.05,0.015,0.035,0.015,0.01,0.0,0.045,0.005,0.125,0.025,0.075,0.02,0.015,0.085,0.035,0.02,0.065
43,43,,0.155,0.0,0.035,0.08,0.01,0.005,0.0,0.0,0.0,0.0,0.02,0.0,0.025,0.0,0.005,0.0,0.01,0.015,0.0,0.0,0.0,0.0,0.0,0.02,0.005,0.005,0.0,0.01,0.0,0.0,0.01,0.0,0.0,0.015,0.0,0.005,0.03,0.0,0.005,0.005,0.0,0.0,0.02,0.23,0.02,0.05,0.01,0.02,0.125,0.02,0.015,0.02
43,43,,0.035,0.01,0.105,0.04,0.0,0.01,0.0,0.0,0.0,0.005,0.01,0.0,0.035,0.0,0.02,0.0,0.005,0.03,0.005,0.01,0.01,0.005,0.01,0.02,0.0,0.0,0.0,0.005,0.005,0.005,0.01,0.025,0.015,0.01,0.0,0.005,0.005,0.005,0.005,0.01,0.01,0.0,0.01,0.26,0.07,0.035,0.03,0.02,0.05,0.025,0.0,0.02
45,45,,0.03,0.0,0.01,0.08,0.01,0.01,0.0,0.005,0.0,0.005,0.015,0.0,0.01,0.0,0.005,0.0,0.005,0.01,0.0,0.0,0.01,0.005,0.015,0.005,0.0,0.035,0.01,0.005,0.005,0.0,0.005,0.04,0.0,0.01,0.0,0.0,0.05,0.015,0.01,0.01,0.0,0.0,0.06,0.09,0.035,0.29,0.01,0.0,0.04,0.025,0.01,0.015
45,45,,0.005,0.035,0.01,0.02,0.025,0.0,0.0,0.005,0.0,0.0,0.035,0.0,0.0,0.005,0.005,0.005,0.125,0.01,0.015,0.005,0.02,0.0,0.03,0.03,0.0,0.075,0.01,0.0,0.005,0.0,0.01,0.025,0.0,0.015,0.0,0.055,0.02,0.005,0.08,0.005,0.0,0.0,0.08,0.02,0.015,0.13,0.005,0.0,0.025,0.025,0.005,0.005
45,38,,0.02,0.01,0.0,0.0,0.065,0.0,0.0,0.005,0.0,0.005,0.05,0.0,0.01,0.0,0.0,0.005,0.07,0.0,0.0,0.0,0.01,0.0,0.045,0.045,0.0,0.025,0.005,0.0,0.005,0.0,0.015,0.05,0.0,0.015,0.0,0.05,0.025,0.005,0.1,0.0,0.015,0.01,0.09,0.03,0.035,0.09,0.015,0.005,0.01,0.025,0.01,0.03
45,45,,0.0,0.005,0.025,0.0,0.025,0.0,0.0,0.0,0.0,0.0,0.125,0.0,0.015,0.005,0.0,0.0,0.05,0.005,0.0,0.0,0.005,0.005,0.02,0.03,0.0,0.015,0.03,0.0,0.005,0.0,0.0,0.025,0.0,0.005,0.005,0.01,0.03,0.015,0.035,0.0,0.01,0.06,0.025,0.02,0.015,0.285,0.005,0.01,0.035,0.015,0.005,0.025
46,46,,0.01,0.045,0.02,0.0,0.0,0.0,0.02,0.025,0.0,0.0,0.0,0.0,0.015,0.01,0.015,0.025,0.0,0.045,0.0,0.02,0.05,0.015,0.0,0.0,0.08,0.0,0.0,0.02,0.02,0.04,0.015,0.0,0.035,0.005,0.035,0.02,0.005,0.005,0.0,0.085,0.0,0.0,0.0,0.03,0.005,0.015,0.255,0.005,0.0,0.0,0.005,0.005
46,46,,0.0,0.01,0.01,0.0,0.005,0.0,0.02,0.08,0.0,0.005,0.005,0.0,0.05,0.02,0.01,0.085,0.0,0.05,0.01,0.005,0.01,0.09,0.02,0.005,0.035,0.0,0.0,0.005,0.015,0.09,0.005,0.0,0.01,0.01,0.08,0.0,0.005,0.0,0.0,0.05,0.0,0.0,0.0,0.025,0.0,0.0,0.105,0.005,0.035,0.005,0.005,0.025
46,46,,0.01,0.005,0.005,0.0,0.0,0.0,0.015,0.055,0.0,0.0,0.01,0.0,0.015,0.015,0.0,0.04,0.0,0.045,0.015,0.005,0.015,0.06,0.01,0.005,0.095,0.0,0.0,0.01,0.0,0.06,0.0,0.0,0.0,0.005,0.1,0.0,0.015,0.05,0.0,0.1,0.005,0.0,0.0,0.015,0.0,0.015,0.11,0.005,0.05,0.02,0.0,0.02
46,46,,0.0,0.035,0.01,0.01,0.0,0.0,0.01,0.01,0.005,0.005,0.005,0.0,0.04,0.07,0.0,0.015,0.0,0.095,0.01,0.005,0.03,0.045,0.0,0.0,0.035,0.005,0.0,0.05,0.005,0.045,0.0,0.005,0.02,0.005,0.04,0.0,0.0,0.0,0.0,0.02,0.0,0.0,0.0,0.04,0.0,0.01,0.24,0.005,0.015,0.005,0.055,0.0
47,19,,0.015,0.02,0.025,0.02,0.025,0.0,0.01,0.0,0.005,0.0,0.01,0.0,0.015,0.005,0.005,0.0,0.01,0.01,0.025,0.105,0.015,0.005,0.015,0.0,0.01,0.005,0.01,0.0,0.105,0.005,0.06,0.015,0.055,0.02,0.01,0.08,0.0,0.015,0.04,0.01,0.025,0.03,0.005,0.025,0.0,0.0,0.005,0.1,0.0,0.01,0.005,0.015
47,47,,0.01,0.0,0.005,0.01,0.025,0.005,0.01,0.0,0.005,0.0,0.0,0.005,0.03,0.0,0.0,0.0,0.005,0.0,0.01,0.055,0.01,0.005,0.01,0.025,0.005,0.0,0.0,0.005,0.01,0.04,0.045,0.01,0.01,0.015,0.03,0.035,0.005,0.035,0.025,0.025,0.04,0.06,0.025,0.02,0.005,0.005,0.005,0.23,0.065,0.015,0.005,0.005
47,47,,0.01,0.015,0.01,0.005,0.015,0.0,0.045,0.01,0.005,0.0,0.005,0.0,0.045,0.01,0.01,0.0,0.01,0.005,0.0,0.12,0.015,0.005,0.03,0.0,0.0,0.0,0.005,0.0,0.07,0.03,0.055,0.0,0.045,0.02,0.035,0.045,0.01,0.01,0.01,0.02,0.015,0.015,0.01,0.035,0.01,0.0,0.005,0.155,0.005,0.005,0.0,0.02
47,47,,0.02,0.0,0.0,0.035,0.0,0.0,0.005,0.0,0.0,0.0,0.0,0.0,0.025,0.015,0.01,0.0,0.0,0.01,0.005,0.08,0.005,0.005,0.0,0.005,0.005,0.0,0.0,0.015,0.08,0.025,0.03,0.02,0.0,0.02,0.035,0.045,0.005,0.005,0.045,0.01,0.025,0.015,0.01,0.005,0.0,0.015,0.0,0.335,0.015,0.01,0.005,0.005
