WordSynonyms,rstc,TEST,2,MILLISECONDS,Generated by run_classification_experiment on 08/18/2024, 16:46:34. Encoder dictionary: {'1': 0, '10': 1, '11': 2, '12': 3, '13': 4, '14': 5, '15': 6, '16': 7, '17': 8, '18': 9, '19': 10, '2': 11, '20': 12, '21': 13, '22': 14, '23': 15, '24': 16, '25': 17, '3': 18, '4': 19, '5': 20, '6': 21, '7': 22, '8': 23, '9': 24}
{'batch_size': 100, 'contract_max_n_shapelet_samples': inf, 'estimator': None, 'max_shapelet_length': None, 'max_shapelets': None, 'n_jobs': 1, 'n_shapelet_samples': 20000, 'random_state': 2, 'shapelet_quality': 'Moods_Median', 'time_limit_in_minutes': 0, 'transform_limit_in_minutes': 0}
0.6238244514106583,315486,20867,-1,98344960,25,N/A,-1,-1
0,19,,0.085,0.045,0.02,0.02,0.05,0.005,0.05,0.04,0.075,0.01,0.05,0.03,0.02,0.005,0.065,0.05,0.01,0.01,0.025,0.125,0.025,0.075,0.05,0.045,0.015
0,21,,0.12,0.025,0.015,0.015,0.01,0.03,0.04,0.04,0.03,0.015,0.055,0.005,0.0,0.055,0.045,0.025,0.025,0.0,0.03,0.04,0.115,0.155,0.025,0.01,0.075
0,0,,0.155,0.045,0.005,0.0,0.0,0.03,0.09,0.01,0.045,0.055,0.015,0.01,0.01,0.095,0.025,0.02,0.025,0.01,0.02,0.08,0.06,0.06,0.105,0.01,0.02
0,0,,0.22,0.03,0.015,0.01,0.015,0.03,0.11,0.02,0.06,0.015,0.04,0.03,0.03,0.035,0.015,0.025,0.02,0.005,0.025,0.03,0.07,0.02,0.075,0.035,0.02
0,0,,0.195,0.06,0.005,0.005,0.03,0.045,0.055,0.01,0.03,0.025,0.045,0.02,0.0,0.02,0.05,0.005,0.06,0.005,0.02,0.15,0.025,0.02,0.06,0.005,0.055
0,0,,0.22,0.04,0.005,0.0,0.0,0.05,0.06,0.005,0.04,0.015,0.065,0.005,0.01,0.115,0.015,0.04,0.0,0.0,0.03,0.015,0.115,0.02,0.055,0.055,0.025
0,19,,0.035,0.085,0.025,0.03,0.06,0.0,0.015,0.035,0.05,0.005,0.05,0.005,0.0,0.01,0.035,0.035,0.09,0.015,0.02,0.2,0.045,0.01,0.005,0.13,0.01
0,0,,0.2,0.05,0.055,0.015,0.01,0.0,0.095,0.005,0.05,0.02,0.045,0.03,0.01,0.07,0.03,0.02,0.005,0.0,0.015,0.015,0.14,0.055,0.025,0.035,0.005
0,0,,0.17,0.035,0.02,0.0,0.005,0.05,0.035,0.01,0.055,0.065,0.025,0.02,0.01,0.115,0.04,0.02,0.005,0.0,0.0,0.025,0.125,0.065,0.05,0.005,0.05
0,19,,0.105,0.085,0.01,0.025,0.045,0.015,0.045,0.02,0.04,0.05,0.03,0.015,0.01,0.015,0.045,0.055,0.07,0.02,0.015,0.18,0.0,0.04,0.025,0.005,0.035
0,21,,0.03,0.01,0.03,0.025,0.01,0.0,0.01,0.015,0.035,0.0,0.055,0.015,0.015,0.005,0.035,0.02,0.045,0.0,0.01,0.175,0.075,0.19,0.01,0.165,0.02
0,0,,0.255,0.01,0.005,0.005,0.0,0.195,0.035,0.005,0.105,0.06,0.035,0.01,0.005,0.085,0.03,0.005,0.005,0.0,0.005,0.01,0.045,0.015,0.05,0.01,0.015
0,0,,0.225,0.055,0.005,0.035,0.02,0.055,0.025,0.02,0.05,0.025,0.035,0.025,0.0,0.015,0.05,0.015,0.05,0.005,0.0,0.1,0.01,0.06,0.055,0.01,0.055
0,19,,0.01,0.065,0.015,0.03,0.075,0.005,0.005,0.02,0.07,0.005,0.01,0.005,0.015,0.0,0.035,0.05,0.055,0.0,0.005,0.405,0.005,0.035,0.005,0.045,0.03
1,21,,0.01,0.145,0.075,0.01,0.005,0.035,0.035,0.0,0.0,0.01,0.045,0.03,0.09,0.015,0.04,0.02,0.0,0.01,0.01,0.005,0.085,0.305,0.0,0.02,0.0
1,1,,0.005,0.425,0.01,0.005,0.02,0.0,0.01,0.0,0.02,0.015,0.02,0.005,0.005,0.015,0.08,0.01,0.12,0.0,0.0,0.145,0.005,0.005,0.025,0.025,0.03
1,1,,0.0,0.445,0.095,0.025,0.005,0.01,0.0,0.025,0.0,0.005,0.025,0.16,0.02,0.0,0.025,0.005,0.0,0.0,0.0,0.0,0.02,0.105,0.0,0.03,0.0
1,11,,0.0,0.125,0.035,0.07,0.025,0.005,0.0,0.03,0.005,0.0,0.0,0.52,0.03,0.005,0.01,0.005,0.0,0.0,0.0,0.03,0.0,0.08,0.0,0.025,0.0
1,1,,0.02,0.35,0.005,0.02,0.05,0.005,0.0,0.01,0.04,0.005,0.005,0.01,0.015,0.005,0.075,0.02,0.085,0.005,0.005,0.205,0.0,0.01,0.005,0.01,0.04
1,1,,0.0,0.31,0.085,0.01,0.025,0.015,0.045,0.015,0.02,0.0,0.045,0.085,0.095,0.01,0.035,0.0,0.0,0.0,0.0,0.015,0.01,0.16,0.01,0.01,0.0
1,1,,0.005,0.435,0.03,0.01,0.005,0.095,0.005,0.065,0.005,0.0,0.01,0.08,0.01,0.025,0.0,0.005,0.0,0.005,0.0,0.04,0.01,0.13,0.0,0.03,0.0
1,2,,0.005,0.125,0.21,0.01,0.0,0.005,0.035,0.015,0.015,0.01,0.07,0.06,0.105,0.005,0.045,0.01,0.0,0.0,0.005,0.01,0.04,0.125,0.015,0.07,0.01
1,11,,0.01,0.265,0.045,0.045,0.01,0.03,0.0,0.045,0.005,0.0,0.0,0.29,0.01,0.005,0.01,0.0,0.0,0.0,0.0,0.025,0.005,0.16,0.0,0.04,0.0
1,1,,0.01,0.245,0.16,0.025,0.0,0.02,0.03,0.0,0.01,0.02,0.045,0.035,0.025,0.005,0.07,0.01,0.01,0.005,0.0,0.01,0.065,0.17,0.005,0.025,0.0
1,1,,0.015,0.38,0.0,0.02,0.015,0.005,0.005,0.005,0.04,0.015,0.035,0.015,0.005,0.01,0.095,0.025,0.08,0.0,0.01,0.14,0.015,0.005,0.02,0.015,0.03
1,11,,0.005,0.07,0.02,0.09,0.04,0.01,0.0,0.035,0.005,0.0,0.0,0.565,0.035,0.0,0.0,0.01,0.0,0.0,0.005,0.025,0.0,0.08,0.0,0.005,0.0
1,1,,0.01,0.385,0.0,0.015,0.025,0.015,0.015,0.005,0.03,0.015,0.02,0.02,0.01,0.01,0.165,0.005,0.075,0.005,0.0,0.095,0.02,0.01,0.02,0.01,0.02
1,19,,0.075,0.065,0.015,0.015,0.06,0.055,0.065,0.05,0.025,0.035,0.005,0.04,0.01,0.095,0.04,0.03,0.01,0.06,0.01,0.1,0.015,0.045,0.06,0.0,0.02
1,19,,0.005,0.08,0.02,0.055,0.07,0.0,0.0,0.025,0.05,0.015,0.03,0.025,0.01,0.005,0.085,0.09,0.03,0.015,0.005,0.22,0.0,0.015,0.01,0.03,0.11
1,1,,0.025,0.27,0.055,0.01,0.005,0.18,0.03,0.025,0.015,0.0,0.04,0.06,0.035,0.01,0.015,0.0,0.0,0.0,0.0,0.01,0.025,0.145,0.005,0.025,0.015
1,12,,0.015,0.065,0.035,0.02,0.005,0.04,0.135,0.025,0.01,0.03,0.02,0.05,0.225,0.01,0.03,0.005,0.005,0.02,0.015,0.015,0.025,0.18,0.01,0.005,0.005
1,1,,0.005,0.38,0.0,0.0,0.01,0.0,0.0,0.005,0.01,0.0,0.0,0.0,0.0,0.005,0.14,0.005,0.115,0.0,0.025,0.265,0.0,0.01,0.0,0.005,0.02
1,21,,0.015,0.155,0.075,0.01,0.005,0.015,0.015,0.015,0.0,0.005,0.005,0.06,0.19,0.01,0.01,0.01,0.005,0.01,0.0,0.015,0.02,0.34,0.0,0.015,0.0
1,1,,0.03,0.41,0.0,0.01,0.055,0.005,0.0,0.0,0.04,0.005,0.015,0.01,0.015,0.0,0.07,0.01,0.075,0.005,0.005,0.175,0.01,0.0,0.01,0.015,0.03
1,21,,0.0,0.15,0.065,0.005,0.005,0.06,0.02,0.015,0.005,0.015,0.02,0.135,0.1,0.02,0.03,0.0,0.0,0.015,0.0,0.03,0.025,0.275,0.005,0.005,0.0
1,14,,0.02,0.2,0.005,0.015,0.035,0.01,0.0,0.01,0.025,0.005,0.055,0.01,0.005,0.0,0.22,0.03,0.075,0.0,0.015,0.17,0.01,0.005,0.015,0.04,0.025
1,1,,0.025,0.395,0.0,0.005,0.02,0.0,0.005,0.005,0.015,0.0,0.01,0.01,0.0,0.0,0.135,0.015,0.085,0.005,0.025,0.165,0.01,0.005,0.01,0.015,0.04
1,11,,0.01,0.185,0.035,0.025,0.015,0.03,0.0,0.09,0.005,0.01,0.02,0.245,0.005,0.0,0.035,0.02,0.005,0.0,0.0,0.055,0.035,0.135,0.005,0.03,0.005
1,1,,0.01,0.21,0.095,0.005,0.005,0.025,0.045,0.025,0.005,0.005,0.055,0.085,0.03,0.01,0.055,0.005,0.005,0.0,0.0,0.03,0.045,0.2,0.015,0.03,0.005
1,1,,0.025,0.38,0.01,0.0,0.01,0.0,0.01,0.005,0.0,0.0,0.01,0.01,0.0,0.0,0.1,0.0,0.1,0.01,0.015,0.25,0.0,0.015,0.005,0.025,0.02
1,14,,0.02,0.195,0.005,0.02,0.04,0.0,0.005,0.015,0.02,0.0,0.04,0.01,0.01,0.005,0.21,0.04,0.065,0.005,0.02,0.18,0.005,0.01,0.02,0.035,0.025
1,1,,0.01,0.305,0.005,0.025,0.04,0.0,0.005,0.015,0.025,0.015,0.015,0.02,0.01,0.005,0.195,0.04,0.05,0.0,0.02,0.055,0.02,0.02,0.01,0.065,0.03
1,19,,0.01,0.19,0.015,0.055,0.03,0.0,0.0,0.01,0.05,0.025,0.02,0.0,0.0,0.01,0.08,0.015,0.05,0.005,0.0,0.37,0.0,0.005,0.015,0.005,0.04
1,1,,0.0,0.27,0.13,0.01,0.005,0.015,0.02,0.015,0.02,0.01,0.025,0.09,0.05,0.005,0.02,0.015,0.0,0.01,0.0,0.01,0.04,0.21,0.01,0.015,0.005
1,14,,0.005,0.12,0.01,0.035,0.095,0.0,0.0,0.015,0.055,0.01,0.03,0.045,0.01,0.0,0.125,0.11,0.04,0.005,0.0,0.08,0.03,0.02,0.04,0.025,0.095
1,1,,0.0,0.325,0.03,0.03,0.005,0.035,0.01,0.105,0.0,0.005,0.0,0.245,0.01,0.005,0.055,0.005,0.0,0.0,0.0,0.05,0.015,0.055,0.0,0.015,0.0
1,11,,0.01,0.14,0.035,0.045,0.005,0.015,0.0,0.035,0.0,0.0,0.01,0.47,0.015,0.0,0.015,0.015,0.0,0.0,0.0,0.01,0.0,0.155,0.0,0.025,0.0
1,1,,0.015,0.27,0.0,0.005,0.0,0.005,0.01,0.0,0.02,0.025,0.005,0.005,0.005,0.015,0.115,0.02,0.17,0.005,0.17,0.08,0.005,0.01,0.025,0.01,0.01
2,21,,0.0,0.025,0.23,0.0,0.0,0.005,0.015,0.03,0.0,0.01,0.01,0.03,0.09,0.01,0.02,0.0,0.005,0.005,0.005,0.02,0.02,0.41,0.0,0.06,0.0
2,21,,0.02,0.06,0.095,0.005,0.0,0.04,0.085,0.01,0.015,0.005,0.035,0.035,0.2,0.02,0.01,0.01,0.0,0.02,0.005,0.025,0.0,0.295,0.005,0.005,0.0
2,2,,0.0,0.025,0.24,0.03,0.005,0.005,0.01,0.175,0.0,0.0,0.015,0.09,0.03,0.0,0.005,0.015,0.005,0.005,0.0,0.025,0.01,0.07,0.0,0.23,0.01
2,2,,0.005,0.01,0.3,0.01,0.005,0.0,0.01,0.16,0.005,0.005,0.02,0.02,0.05,0.005,0.005,0.015,0.025,0.0,0.005,0.045,0.005,0.06,0.0,0.23,0.005
2,23,,0.0,0.005,0.235,0.01,0.0,0.01,0.025,0.145,0.01,0.0,0.02,0.025,0.055,0.005,0.005,0.035,0.005,0.0,0.0,0.035,0.005,0.12,0.005,0.245,0.0
2,21,,0.01,0.025,0.215,0.03,0.0,0.005,0.025,0.005,0.005,0.01,0.035,0.02,0.06,0.015,0.005,0.015,0.005,0.0,0.005,0.025,0.07,0.225,0.0,0.185,0.005
2,2,,0.0,0.015,0.28,0.025,0.01,0.005,0.0,0.1,0.02,0.01,0.02,0.01,0.05,0.0,0.015,0.01,0.005,0.0,0.0,0.105,0.005,0.115,0.0,0.195,0.005
2,23,,0.0,0.015,0.17,0.035,0.015,0.0,0.005,0.045,0.07,0.01,0.015,0.015,0.07,0.0,0.05,0.04,0.045,0.0,0.0,0.035,0.0,0.155,0.0,0.175,0.035
2,2,,0.01,0.045,0.345,0.01,0.0,0.005,0.035,0.025,0.025,0.0,0.04,0.025,0.085,0.01,0.015,0.005,0.01,0.01,0.005,0.02,0.04,0.095,0.0,0.12,0.02
2,2,,0.005,0.0,0.225,0.055,0.0,0.0,0.0,0.145,0.005,0.01,0.02,0.01,0.06,0.005,0.01,0.055,0.02,0.0,0.0,0.115,0.01,0.105,0.0,0.125,0.02
3,19,,0.005,0.01,0.04,0.15,0.03,0.0,0.0,0.06,0.035,0.015,0.02,0.01,0.035,0.0,0.02,0.04,0.015,0.01,0.01,0.355,0.005,0.02,0.0,0.055,0.06
3,19,,0.0,0.005,0.06,0.055,0.065,0.0,0.0,0.06,0.025,0.06,0.085,0.015,0.08,0.005,0.02,0.09,0.005,0.005,0.005,0.155,0.005,0.035,0.0,0.1,0.065
3,23,,0.01,0.01,0.025,0.155,0.035,0.0,0.0,0.03,0.015,0.01,0.065,0.005,0.025,0.005,0.0,0.095,0.005,0.01,0.0,0.2,0.0,0.01,0.0,0.23,0.06
3,19,,0.005,0.025,0.01,0.205,0.01,0.01,0.005,0.05,0.01,0.02,0.0,0.14,0.05,0.005,0.005,0.055,0.005,0.01,0.015,0.26,0.0,0.04,0.005,0.025,0.035
3,21,,0.045,0.065,0.015,0.055,0.025,0.04,0.05,0.05,0.035,0.025,0.0,0.085,0.025,0.02,0.05,0.025,0.01,0.01,0.015,0.06,0.02,0.185,0.045,0.025,0.02
3,19,,0.0,0.035,0.025,0.16,0.01,0.0,0.0,0.045,0.03,0.015,0.025,0.005,0.05,0.0,0.01,0.05,0.02,0.005,0.0,0.405,0.005,0.015,0.0,0.05,0.04
3,19,,0.01,0.03,0.02,0.075,0.04,0.0,0.02,0.06,0.055,0.085,0.0,0.02,0.05,0.005,0.015,0.08,0.015,0.07,0.005,0.17,0.005,0.025,0.02,0.03,0.095
3,19,,0.0,0.01,0.04,0.215,0.04,0.0,0.005,0.025,0.015,0.01,0.03,0.0,0.01,0.0,0.015,0.06,0.005,0.0,0.005,0.28,0.0,0.025,0.0,0.18,0.03
3,19,,0.0,0.04,0.005,0.035,0.01,0.0,0.005,0.05,0.02,0.095,0.0,0.01,0.015,0.0,0.01,0.055,0.03,0.04,0.01,0.505,0.0,0.015,0.01,0.0,0.04
3,3,,0.0,0.015,0.03,0.31,0.025,0.02,0.01,0.065,0.025,0.01,0.015,0.06,0.085,0.0,0.015,0.03,0.01,0.0,0.0,0.13,0.01,0.035,0.005,0.045,0.05
3,19,,0.0,0.01,0.015,0.28,0.015,0.005,0.0,0.04,0.005,0.01,0.015,0.005,0.03,0.005,0.02,0.02,0.02,0.01,0.0,0.405,0.0,0.01,0.0,0.06,0.02
3,3,,0.0,0.02,0.03,0.2,0.02,0.005,0.03,0.165,0.01,0.02,0.01,0.06,0.04,0.025,0.01,0.03,0.01,0.025,0.005,0.15,0.01,0.02,0.01,0.045,0.05
3,19,,0.015,0.02,0.01,0.055,0.01,0.005,0.055,0.11,0.065,0.04,0.01,0.02,0.085,0.005,0.055,0.045,0.01,0.075,0.015,0.175,0.0,0.015,0.005,0.06,0.04
3,19,,0.015,0.015,0.0,0.255,0.025,0.0,0.0,0.005,0.03,0.02,0.005,0.01,0.02,0.0,0.01,0.045,0.01,0.01,0.0,0.45,0.0,0.01,0.0,0.01,0.055
3,19,,0.005,0.055,0.015,0.055,0.055,0.0,0.0,0.03,0.04,0.015,0.025,0.005,0.02,0.005,0.03,0.055,0.035,0.015,0.01,0.33,0.01,0.005,0.0,0.09,0.095
3,19,,0.04,0.12,0.005,0.08,0.055,0.005,0.005,0.05,0.005,0.07,0.005,0.05,0.01,0.0,0.005,0.04,0.015,0.04,0.025,0.2,0.015,0.035,0.005,0.02,0.1
3,11,,0.02,0.04,0.04,0.06,0.03,0.08,0.02,0.05,0.01,0.01,0.01,0.165,0.02,0.035,0.035,0.015,0.01,0.01,0.0,0.145,0.035,0.09,0.04,0.01,0.02
3,19,,0.0,0.02,0.035,0.21,0.01,0.0,0.0,0.035,0.01,0.015,0.01,0.005,0.06,0.005,0.02,0.07,0.015,0.005,0.0,0.26,0.01,0.005,0.0,0.11,0.09
3,19,,0.005,0.015,0.005,0.155,0.035,0.0,0.0,0.04,0.025,0.01,0.0,0.005,0.015,0.0,0.01,0.065,0.01,0.02,0.0,0.49,0.0,0.015,0.0,0.05,0.03
3,11,,0.0,0.01,0.005,0.065,0.015,0.01,0.005,0.075,0.005,0.005,0.0,0.44,0.0,0.005,0.015,0.005,0.0,0.0,0.0,0.31,0.0,0.025,0.0,0.005,0.0
3,19,,0.035,0.16,0.005,0.02,0.065,0.015,0.005,0.05,0.01,0.025,0.015,0.025,0.0,0.02,0.035,0.045,0.055,0.01,0.025,0.3,0.005,0.02,0.015,0.0,0.04
3,11,,0.0,0.01,0.025,0.075,0.015,0.005,0.01,0.035,0.005,0.0,0.0,0.655,0.025,0.0,0.005,0.01,0.0,0.0,0.0,0.08,0.005,0.025,0.005,0.01,0.0
3,19,,0.015,0.03,0.015,0.065,0.03,0.025,0.0,0.075,0.02,0.02,0.025,0.055,0.01,0.015,0.035,0.03,0.04,0.005,0.0,0.27,0.01,0.145,0.005,0.04,0.02
3,21,,0.045,0.07,0.025,0.08,0.01,0.035,0.02,0.02,0.03,0.025,0.07,0.01,0.005,0.025,0.09,0.035,0.035,0.0,0.0,0.105,0.045,0.115,0.015,0.05,0.04
3,19,,0.0,0.03,0.015,0.15,0.035,0.0,0.005,0.035,0.05,0.04,0.005,0.005,0.075,0.0,0.05,0.035,0.015,0.01,0.005,0.215,0.015,0.025,0.01,0.04,0.135
3,23,,0.0,0.045,0.125,0.06,0.01,0.0,0.0,0.065,0.01,0.005,0.005,0.145,0.015,0.0,0.02,0.045,0.005,0.0,0.0,0.075,0.0,0.165,0.0,0.205,0.0
3,23,,0.005,0.04,0.075,0.105,0.02,0.02,0.01,0.135,0.005,0.02,0.025,0.08,0.015,0.005,0.025,0.005,0.005,0.01,0.01,0.07,0.005,0.15,0.0,0.155,0.005
3,23,,0.005,0.02,0.05,0.21,0.02,0.0,0.005,0.03,0.005,0.015,0.055,0.015,0.025,0.0,0.015,0.055,0.025,0.0,0.0,0.13,0.005,0.02,0.005,0.26,0.03
3,19,,0.0,0.01,0.055,0.155,0.035,0.0,0.005,0.045,0.025,0.04,0.02,0.005,0.155,0.0,0.01,0.13,0.02,0.0,0.005,0.205,0.0,0.015,0.0,0.02,0.045
3,19,,0.01,0.03,0.015,0.04,0.045,0.005,0.03,0.08,0.075,0.045,0.0,0.025,0.06,0.0,0.04,0.07,0.005,0.04,0.005,0.295,0.005,0.035,0.0,0.005,0.04
3,19,,0.0,0.0,0.01,0.1,0.005,0.0,0.005,0.07,0.03,0.04,0.005,0.01,0.02,0.005,0.005,0.02,0.035,0.0,0.0,0.57,0.01,0.035,0.0,0.02,0.005
3,19,,0.01,0.1,0.025,0.08,0.025,0.01,0.02,0.06,0.02,0.02,0.01,0.025,0.005,0.01,0.035,0.04,0.03,0.01,0.015,0.255,0.02,0.05,0.025,0.025,0.075
3,3,,0.035,0.04,0.075,0.17,0.005,0.04,0.025,0.07,0.03,0.01,0.02,0.045,0.01,0.03,0.05,0.01,0.015,0.005,0.0,0.125,0.025,0.065,0.025,0.035,0.04
3,19,,0.005,0.01,0.04,0.12,0.0,0.0,0.0,0.2,0.01,0.01,0.025,0.03,0.04,0.0,0.01,0.065,0.02,0.025,0.005,0.22,0.0,0.02,0.0,0.115,0.03
3,19,,0.0,0.015,0.015,0.22,0.015,0.0,0.0,0.06,0.01,0.03,0.0,0.0,0.055,0.0,0.01,0.075,0.0,0.005,0.0,0.395,0.01,0.01,0.0,0.03,0.045
3,3,,0.0,0.02,0.0,0.225,0.06,0.005,0.0,0.01,0.095,0.03,0.005,0.0,0.05,0.0,0.035,0.09,0.035,0.005,0.005,0.17,0.005,0.005,0.0,0.035,0.115
4,19,,0.005,0.02,0.025,0.04,0.17,0.005,0.0,0.015,0.055,0.035,0.025,0.005,0.02,0.0,0.015,0.06,0.02,0.01,0.0,0.215,0.005,0.04,0.0,0.185,0.03
4,4,,0.015,0.015,0.01,0.04,0.26,0.0,0.005,0.025,0.035,0.04,0.06,0.02,0.02,0.0,0.055,0.035,0.02,0.005,0.005,0.115,0.005,0.02,0.0,0.125,0.07
4,11,,0.015,0.02,0.02,0.065,0.055,0.04,0.0,0.06,0.01,0.015,0.0,0.39,0.025,0.0,0.0,0.03,0.0,0.01,0.0,0.135,0.005,0.045,0.01,0.035,0.015
4,11,,0.0,0.01,0.005,0.025,0.045,0.01,0.0,0.02,0.0,0.0,0.0,0.8,0.03,0.0,0.01,0.0,0.0,0.0,0.0,0.025,0.0,0.0,0.0,0.015,0.005
4,19,,0.0,0.04,0.055,0.04,0.11,0.0,0.01,0.055,0.03,0.01,0.005,0.035,0.02,0.005,0.035,0.04,0.005,0.005,0.015,0.28,0.015,0.015,0.0,0.105,0.07
4,19,,0.015,0.185,0.01,0.02,0.035,0.0,0.0,0.005,0.04,0.005,0.015,0.01,0.005,0.0,0.12,0.04,0.135,0.0,0.0,0.19,0.01,0.005,0.02,0.045,0.09
4,19,,0.015,0.04,0.005,0.065,0.14,0.0,0.005,0.03,0.02,0.025,0.025,0.075,0.035,0.0,0.05,0.085,0.0,0.0,0.005,0.185,0.01,0.02,0.01,0.065,0.09
4,11,,0.005,0.03,0.02,0.06,0.11,0.0,0.005,0.06,0.015,0.015,0.025,0.16,0.05,0.0,0.01,0.05,0.015,0.02,0.005,0.135,0.005,0.025,0.0,0.15,0.03
4,19,,0.005,0.01,0.01,0.045,0.06,0.005,0.01,0.025,0.035,0.015,0.005,0.12,0.055,0.0,0.065,0.06,0.02,0.01,0.0,0.15,0.005,0.02,0.01,0.12,0.14
4,11,,0.0,0.005,0.015,0.035,0.065,0.01,0.005,0.04,0.0,0.005,0.0,0.735,0.005,0.0,0.005,0.0,0.0,0.01,0.0,0.025,0.0,0.01,0.0,0.015,0.015
4,23,,0.0,0.055,0.005,0.03,0.13,0.0,0.0,0.005,0.05,0.005,0.04,0.0,0.005,0.0,0.01,0.02,0.035,0.005,0.005,0.165,0.0,0.025,0.005,0.39,0.015
4,23,,0.07,0.085,0.03,0.015,0.05,0.01,0.015,0.015,0.035,0.02,0.05,0.045,0.03,0.005,0.025,0.015,0.04,0.0,0.01,0.09,0.03,0.125,0.0,0.155,0.035
4,19,,0.025,0.085,0.015,0.015,0.09,0.0,0.025,0.08,0.035,0.05,0.01,0.065,0.0,0.01,0.07,0.025,0.015,0.01,0.005,0.245,0.0,0.03,0.01,0.025,0.06
5,5,,0.03,0.08,0.02,0.02,0.0,0.29,0.005,0.015,0.035,0.025,0.005,0.035,0.01,0.045,0.055,0.005,0.005,0.0,0.005,0.06,0.04,0.13,0.005,0.015,0.065
5,5,,0.02,0.085,0.005,0.005,0.0,0.61,0.005,0.005,0.005,0.035,0.02,0.0,0.0,0.055,0.045,0.0,0.005,0.0,0.0,0.01,0.04,0.02,0.01,0.005,0.015
5,5,,0.07,0.005,0.0,0.0,0.0,0.45,0.015,0.005,0.01,0.19,0.01,0.0,0.0,0.13,0.0,0.005,0.0,0.0,0.0,0.01,0.03,0.025,0.01,0.005,0.03
5,5,,0.03,0.025,0.0,0.0,0.0,0.665,0.02,0.0,0.03,0.025,0.025,0.0,0.0,0.04,0.025,0.0,0.0,0.0,0.0,0.02,0.035,0.0,0.03,0.0,0.03
5,5,,0.04,0.03,0.005,0.01,0.0,0.64,0.0,0.01,0.02,0.035,0.0,0.005,0.0,0.085,0.03,0.01,0.0,0.0,0.0,0.01,0.04,0.005,0.005,0.01,0.01
5,22,,0.09,0.055,0.005,0.015,0.005,0.085,0.07,0.025,0.085,0.025,0.065,0.01,0.0,0.03,0.085,0.005,0.04,0.0,0.005,0.1,0.035,0.015,0.11,0.025,0.015
5,14,,0.025,0.015,0.025,0.065,0.015,0.015,0.05,0.045,0.035,0.0,0.025,0.105,0.03,0.03,0.17,0.025,0.01,0.005,0.0,0.04,0.065,0.045,0.115,0.015,0.03
5,5,,0.085,0.005,0.0,0.0,0.0,0.615,0.005,0.0,0.01,0.1,0.02,0.0,0.0,0.06,0.025,0.0,0.0,0.0,0.0,0.01,0.045,0.0,0.01,0.0,0.01
5,5,,0.04,0.02,0.0,0.035,0.005,0.29,0.015,0.07,0.005,0.02,0.01,0.02,0.0,0.17,0.03,0.035,0.015,0.0,0.01,0.04,0.01,0.03,0.095,0.01,0.025
5,5,,0.005,0.12,0.02,0.02,0.0,0.465,0.005,0.035,0.015,0.04,0.005,0.055,0.0,0.025,0.015,0.005,0.0,0.0,0.0,0.03,0.02,0.06,0.015,0.02,0.025
5,5,,0.08,0.01,0.0,0.01,0.0,0.275,0.055,0.0,0.06,0.09,0.03,0.01,0.005,0.155,0.015,0.005,0.015,0.0,0.005,0.025,0.035,0.01,0.045,0.0,0.065
5,5,,0.015,0.105,0.04,0.03,0.0,0.34,0.035,0.005,0.015,0.025,0.065,0.025,0.01,0.0,0.085,0.02,0.0,0.0,0.005,0.025,0.04,0.075,0.01,0.0,0.03
5,5,,0.085,0.01,0.0,0.005,0.0,0.49,0.01,0.0,0.025,0.105,0.015,0.0,0.0,0.12,0.005,0.01,0.005,0.0,0.0,0.01,0.035,0.015,0.015,0.0,0.04
5,6,,0.16,0.025,0.01,0.0,0.01,0.15,0.17,0.005,0.02,0.065,0.02,0.03,0.03,0.075,0.025,0.015,0.005,0.025,0.005,0.015,0.03,0.01,0.09,0.0,0.01
5,5,,0.195,0.03,0.005,0.01,0.005,0.2,0.05,0.005,0.045,0.035,0.02,0.005,0.005,0.105,0.035,0.01,0.02,0.0,0.0,0.035,0.035,0.01,0.105,0.005,0.03
5,5,,0.095,0.01,0.0,0.01,0.005,0.415,0.035,0.005,0.015,0.135,0.03,0.02,0.005,0.04,0.025,0.005,0.005,0.0,0.005,0.01,0.025,0.01,0.04,0.0,0.055
5,5,,0.04,0.01,0.005,0.01,0.0,0.655,0.005,0.01,0.005,0.075,0.005,0.015,0.0,0.045,0.035,0.01,0.0,0.005,0.0,0.02,0.01,0.005,0.015,0.0,0.02
5,5,,0.025,0.025,0.02,0.005,0.01,0.42,0.005,0.015,0.01,0.06,0.02,0.0,0.015,0.04,0.04,0.015,0.01,0.0,0.015,0.04,0.06,0.035,0.015,0.01,0.09
5,5,,0.05,0.05,0.01,0.005,0.0,0.425,0.01,0.005,0.015,0.075,0.09,0.005,0.01,0.03,0.075,0.0,0.005,0.0,0.0,0.02,0.085,0.01,0.015,0.005,0.005
5,5,,0.025,0.025,0.005,0.005,0.0,0.545,0.025,0.0,0.015,0.08,0.055,0.0,0.0,0.06,0.02,0.005,0.005,0.0,0.0,0.015,0.045,0.025,0.03,0.005,0.01
5,21,,0.035,0.045,0.02,0.05,0.0,0.055,0.03,0.06,0.035,0.01,0.03,0.055,0.01,0.01,0.055,0.025,0.01,0.0,0.005,0.05,0.04,0.225,0.005,0.035,0.105
5,5,,0.015,0.12,0.01,0.005,0.0,0.395,0.01,0.03,0.03,0.05,0.025,0.03,0.0,0.065,0.035,0.025,0.0,0.0,0.005,0.015,0.055,0.025,0.01,0.015,0.03
5,5,,0.03,0.01,0.0,0.005,0.0,0.625,0.01,0.0,0.01,0.06,0.005,0.01,0.005,0.085,0.025,0.005,0.0,0.0,0.0,0.02,0.035,0.005,0.02,0.0,0.035
5,5,,0.06,0.02,0.0,0.0,0.0,0.68,0.0,0.005,0.005,0.05,0.01,0.0,0.0,0.105,0.01,0.0,0.0,0.0,0.0,0.015,0.02,0.005,0.005,0.0,0.01
5,5,,0.065,0.005,0.005,0.0,0.0,0.58,0.03,0.0,0.015,0.055,0.005,0.01,0.0,0.05,0.025,0.01,0.005,0.005,0.0,0.02,0.02,0.015,0.03,0.0,0.05
5,5,,0.045,0.065,0.015,0.0,0.0,0.32,0.045,0.005,0.06,0.075,0.04,0.005,0.015,0.12,0.04,0.01,0.0,0.0,0.0,0.025,0.055,0.01,0.045,0.0,0.005
5,5,,0.01,0.01,0.02,0.025,0.0,0.44,0.005,0.02,0.04,0.035,0.005,0.045,0.005,0.1,0.05,0.025,0.0,0.0,0.0,0.025,0.065,0.01,0.045,0.005,0.015
5,5,,0.01,0.02,0.005,0.0,0.0,0.76,0.0,0.0,0.005,0.06,0.005,0.005,0.0,0.045,0.01,0.0,0.0,0.0,0.0,0.02,0.015,0.02,0.0,0.0,0.02
5,5,,0.045,0.035,0.01,0.0,0.005,0.49,0.015,0.01,0.02,0.06,0.065,0.0,0.0,0.055,0.03,0.0,0.0,0.0,0.0,0.01,0.09,0.02,0.015,0.0,0.025
6,0,,0.29,0.015,0.0,0.005,0.0,0.095,0.08,0.005,0.025,0.05,0.025,0.0,0.005,0.135,0.06,0.0,0.025,0.0,0.005,0.03,0.015,0.015,0.085,0.0,0.035
6,12,,0.005,0.005,0.02,0.01,0.005,0.015,0.135,0.04,0.02,0.03,0.0,0.065,0.22,0.01,0.04,0.025,0.0,0.145,0.025,0.05,0.0,0.075,0.045,0.01,0.005
6,0,,0.19,0.025,0.01,0.005,0.005,0.145,0.075,0.0,0.045,0.03,0.06,0.035,0.0,0.11,0.04,0.005,0.01,0.005,0.0,0.035,0.045,0.025,0.075,0.01,0.015
6,7,,0.005,0.04,0.085,0.015,0.0,0.005,0.035,0.2,0.01,0.01,0.01,0.12,0.19,0.005,0.015,0.015,0.0,0.04,0.005,0.025,0.02,0.125,0.005,0.015,0.005
6,5,,0.155,0.02,0.0,0.015,0.005,0.225,0.145,0.0,0.05,0.04,0.045,0.0,0.005,0.055,0.05,0.005,0.0,0.005,0.0,0.035,0.03,0.015,0.09,0.0,0.01
6,23,,0.005,0.025,0.1,0.01,0.0,0.005,0.01,0.145,0.01,0.005,0.0,0.03,0.0,0.005,0.015,0.02,0.035,0.0,0.0,0.075,0.01,0.21,0.0,0.275,0.01
6,0,,0.215,0.02,0.005,0.01,0.0,0.125,0.1,0.0,0.055,0.03,0.035,0.015,0.01,0.1,0.06,0.005,0.01,0.0,0.0,0.02,0.05,0.015,0.105,0.0,0.015
6,19,,0.015,0.03,0.06,0.04,0.015,0.025,0.005,0.035,0.055,0.01,0.045,0.075,0.06,0.015,0.04,0.09,0.04,0.02,0.015,0.11,0.02,0.055,0.015,0.055,0.055
6,5,,0.15,0.02,0.0,0.0,0.005,0.27,0.065,0.005,0.035,0.08,0.015,0.005,0.01,0.1,0.01,0.01,0.02,0.0,0.0,0.025,0.04,0.0,0.09,0.005,0.04
6,0,,0.195,0.005,0.01,0.015,0.0,0.145,0.05,0.005,0.07,0.06,0.02,0.01,0.0,0.135,0.03,0.01,0.01,0.0,0.005,0.01,0.045,0.035,0.105,0.0,0.03
6,8,,0.045,0.015,0.005,0.03,0.015,0.035,0.15,0.025,0.17,0.03,0.01,0.035,0.02,0.02,0.05,0.03,0.015,0.035,0.01,0.045,0.05,0.03,0.085,0.015,0.03
6,0,,0.115,0.03,0.0,0.005,0.015,0.04,0.085,0.04,0.075,0.035,0.005,0.075,0.03,0.085,0.0,0.015,0.02,0.065,0.015,0.065,0.01,0.04,0.1,0.005,0.03
7,7,,0.005,0.01,0.06,0.04,0.005,0.0,0.005,0.365,0.01,0.005,0.01,0.01,0.02,0.005,0.01,0.03,0.005,0.005,0.01,0.05,0.015,0.03,0.0,0.29,0.005
7,7,,0.03,0.045,0.005,0.04,0.01,0.04,0.015,0.265,0.03,0.005,0.025,0.115,0.015,0.035,0.07,0.015,0.0,0.005,0.0,0.075,0.05,0.02,0.075,0.0,0.015
7,11,,0.01,0.03,0.025,0.03,0.04,0.02,0.005,0.195,0.01,0.0,0.01,0.28,0.005,0.0,0.005,0.02,0.0,0.005,0.0,0.205,0.0,0.08,0.005,0.015,0.005
7,7,,0.005,0.01,0.055,0.085,0.005,0.0,0.025,0.325,0.0,0.015,0.005,0.015,0.07,0.005,0.005,0.02,0.01,0.005,0.0,0.225,0.005,0.025,0.005,0.065,0.015
7,11,,0.005,0.04,0.0,0.015,0.04,0.02,0.0,0.21,0.015,0.005,0.0,0.24,0.01,0.025,0.015,0.025,0.005,0.005,0.015,0.205,0.005,0.045,0.0,0.03,0.025
7,7,,0.005,0.075,0.03,0.02,0.01,0.045,0.005,0.295,0.005,0.01,0.0,0.27,0.005,0.01,0.07,0.005,0.0,0.0,0.0,0.045,0.015,0.055,0.01,0.015,0.0
7,11,,0.0,0.005,0.005,0.03,0.035,0.005,0.0,0.075,0.0,0.0,0.0,0.715,0.005,0.0,0.01,0.005,0.005,0.0,0.0,0.085,0.0,0.01,0.005,0.005,0.0
7,7,,0.01,0.065,0.01,0.02,0.03,0.005,0.005,0.26,0.01,0.0,0.01,0.22,0.0,0.01,0.01,0.015,0.005,0.0,0.005,0.125,0.01,0.085,0.01,0.035,0.045
7,7,,0.0,0.005,0.03,0.0,0.0,0.0,0.0,0.805,0.0,0.005,0.005,0.015,0.02,0.0,0.0,0.005,0.0,0.0,0.005,0.025,0.0,0.02,0.0,0.06,0.0
7,7,,0.0,0.01,0.105,0.03,0.005,0.005,0.01,0.485,0.0,0.015,0.015,0.015,0.02,0.005,0.0,0.005,0.005,0.0,0.005,0.045,0.015,0.055,0.0,0.135,0.015
7,7,,0.005,0.0,0.04,0.07,0.0,0.0,0.005,0.51,0.005,0.025,0.005,0.015,0.04,0.0,0.0,0.005,0.005,0.005,0.0,0.125,0.01,0.005,0.005,0.105,0.015
7,7,,0.0,0.01,0.035,0.02,0.0,0.0,0.01,0.73,0.0,0.005,0.015,0.02,0.015,0.0,0.0,0.005,0.01,0.005,0.0,0.025,0.005,0.025,0.0,0.06,0.005
7,14,,0.075,0.1,0.005,0.015,0.005,0.04,0.02,0.04,0.045,0.06,0.0,0.025,0.0,0.105,0.11,0.01,0.045,0.0,0.04,0.045,0.025,0.075,0.05,0.005,0.06
7,7,,0.0,0.005,0.12,0.015,0.0,0.0,0.0,0.59,0.005,0.005,0.01,0.01,0.02,0.0,0.005,0.01,0.005,0.005,0.0,0.03,0.005,0.035,0.0,0.12,0.005
7,7,,0.0,0.04,0.03,0.02,0.005,0.03,0.01,0.32,0.0,0.015,0.005,0.175,0.01,0.025,0.055,0.03,0.01,0.005,0.005,0.09,0.025,0.065,0.01,0.01,0.01
7,7,,0.0,0.0,0.05,0.035,0.0,0.0,0.01,0.61,0.005,0.005,0.01,0.025,0.025,0.0,0.0,0.01,0.015,0.0,0.0,0.09,0.0,0.04,0.0,0.07,0.0
8,21,,0.035,0.015,0.025,0.03,0.015,0.025,0.005,0.06,0.065,0.0,0.005,0.005,0.015,0.025,0.05,0.03,0.05,0.0,0.025,0.115,0.105,0.18,0.025,0.045,0.05
8,19,,0.025,0.075,0.0,0.025,0.02,0.0,0.005,0.0,0.04,0.02,0.0,0.005,0.005,0.025,0.04,0.015,0.15,0.005,0.05,0.385,0.01,0.04,0.01,0.01,0.04
8,23,,0.01,0.005,0.025,0.035,0.02,0.0,0.01,0.025,0.035,0.01,0.02,0.015,0.005,0.0,0.03,0.035,0.02,0.0,0.015,0.17,0.005,0.05,0.0,0.43,0.03
8,19,,0.015,0.08,0.015,0.025,0.03,0.005,0.0,0.02,0.045,0.015,0.015,0.04,0.015,0.005,0.085,0.02,0.065,0.005,0.01,0.275,0.015,0.1,0.03,0.035,0.035
8,8,,0.015,0.04,0.035,0.02,0.02,0.02,0.095,0.01,0.18,0.0,0.085,0.025,0.015,0.01,0.125,0.025,0.025,0.01,0.0,0.035,0.03,0.025,0.04,0.1,0.015
8,19,,0.01,0.035,0.005,0.03,0.02,0.01,0.01,0.015,0.13,0.03,0.015,0.01,0.02,0.015,0.065,0.035,0.09,0.005,0.075,0.155,0.03,0.115,0.01,0.03,0.035
8,16,,0.05,0.085,0.0,0.01,0.015,0.03,0.015,0.03,0.055,0.06,0.005,0.015,0.02,0.055,0.06,0.07,0.095,0.0,0.095,0.06,0.03,0.035,0.015,0.015,0.08
8,18,,0.105,0.06,0.005,0.01,0.01,0.01,0.02,0.005,0.03,0.05,0.01,0.01,0.0,0.05,0.045,0.04,0.11,0.005,0.16,0.105,0.01,0.015,0.11,0.005,0.02
8,19,,0.0,0.065,0.02,0.065,0.055,0.0,0.0,0.02,0.045,0.02,0.01,0.035,0.025,0.005,0.04,0.02,0.02,0.025,0.01,0.25,0.01,0.02,0.015,0.015,0.21
9,19,,0.0,0.01,0.005,0.025,0.0,0.005,0.0,0.035,0.025,0.2,0.005,0.03,0.05,0.0,0.005,0.04,0.0,0.055,0.005,0.35,0.0,0.025,0.0,0.055,0.075
9,19,,0.005,0.035,0.015,0.09,0.015,0.0,0.0,0.02,0.0,0.025,0.005,0.045,0.035,0.0,0.01,0.075,0.01,0.055,0.005,0.25,0.0,0.0,0.0,0.185,0.12
9,19,,0.0,0.005,0.01,0.015,0.01,0.0,0.005,0.055,0.005,0.12,0.0,0.13,0.065,0.0,0.005,0.045,0.0,0.045,0.005,0.35,0.0,0.01,0.0,0.085,0.035
9,19,,0.0,0.02,0.02,0.165,0.01,0.0,0.0,0.04,0.025,0.05,0.005,0.01,0.06,0.0,0.015,0.105,0.02,0.045,0.005,0.325,0.005,0.0,0.005,0.01,0.06
9,19,,0.005,0.03,0.01,0.04,0.025,0.0,0.0,0.045,0.025,0.145,0.015,0.015,0.055,0.0,0.03,0.035,0.005,0.1,0.0,0.35,0.0,0.025,0.0,0.015,0.03
9,13,,0.09,0.02,0.005,0.025,0.005,0.045,0.035,0.045,0.025,0.095,0.005,0.035,0.01,0.185,0.065,0.015,0.005,0.005,0.01,0.04,0.015,0.075,0.1,0.005,0.04
9,9,,0.115,0.015,0.01,0.01,0.0,0.15,0.005,0.0,0.065,0.195,0.01,0.0,0.005,0.13,0.025,0.03,0.02,0.005,0.01,0.015,0.05,0.015,0.045,0.005,0.07
9,9,,0.175,0.025,0.005,0.005,0.0,0.2,0.03,0.0,0.02,0.23,0.005,0.0,0.01,0.11,0.01,0.0,0.005,0.0,0.03,0.01,0.02,0.03,0.055,0.0,0.025
9,19,,0.0,0.005,0.025,0.05,0.0,0.0,0.0,0.05,0.01,0.22,0.0,0.01,0.075,0.0,0.0,0.05,0.005,0.045,0.005,0.35,0.005,0.025,0.0,0.04,0.03
9,9,,0.095,0.045,0.04,0.01,0.0,0.065,0.005,0.0,0.09,0.14,0.03,0.005,0.005,0.13,0.025,0.02,0.005,0.0,0.01,0.01,0.09,0.055,0.02,0.035,0.07
9,19,,0.005,0.015,0.02,0.03,0.005,0.0,0.005,0.015,0.02,0.055,0.0,0.14,0.09,0.0,0.01,0.025,0.0,0.03,0.0,0.41,0.0,0.025,0.0,0.05,0.05
9,9,,0.135,0.005,0.0,0.0,0.0,0.14,0.015,0.0,0.04,0.215,0.005,0.015,0.0,0.18,0.02,0.005,0.02,0.005,0.04,0.02,0.005,0.005,0.065,0.005,0.06
9,19,,0.0,0.01,0.015,0.025,0.0,0.0,0.005,0.11,0.005,0.165,0.0,0.02,0.075,0.0,0.015,0.035,0.015,0.035,0.01,0.36,0.0,0.015,0.0,0.02,0.065
9,5,,0.08,0.055,0.02,0.005,0.0,0.24,0.025,0.005,0.025,0.13,0.075,0.02,0.005,0.04,0.075,0.005,0.01,0.0,0.0,0.025,0.105,0.015,0.01,0.0,0.03
9,19,,0.015,0.015,0.01,0.06,0.02,0.005,0.015,0.03,0.025,0.035,0.01,0.01,0.055,0.005,0.05,0.05,0.025,0.09,0.01,0.32,0.0,0.02,0.01,0.005,0.11
9,19,,0.0,0.01,0.005,0.04,0.035,0.0,0.0,0.035,0.01,0.12,0.0,0.01,0.045,0.005,0.035,0.07,0.03,0.045,0.005,0.395,0.0,0.03,0.0,0.015,0.06
9,5,,0.055,0.035,0.0,0.005,0.0,0.34,0.03,0.01,0.05,0.165,0.005,0.015,0.005,0.08,0.03,0.01,0.0,0.0,0.0,0.005,0.07,0.01,0.03,0.0,0.05
9,19,,0.015,0.05,0.005,0.01,0.035,0.0,0.0,0.005,0.01,0.12,0.005,0.035,0.045,0.0,0.025,0.05,0.01,0.12,0.0,0.34,0.0,0.015,0.0,0.02,0.085
9,19,,0.005,0.015,0.015,0.025,0.01,0.0,0.005,0.115,0.005,0.165,0.005,0.01,0.045,0.0,0.005,0.02,0.02,0.035,0.01,0.41,0.005,0.02,0.0,0.03,0.025
9,19,,0.095,0.05,0.015,0.025,0.01,0.035,0.005,0.015,0.105,0.03,0.025,0.04,0.005,0.04,0.055,0.03,0.01,0.0,0.005,0.11,0.05,0.105,0.01,0.08,0.05
9,9,,0.085,0.02,0.025,0.01,0.0,0.095,0.02,0.0,0.075,0.17,0.03,0.04,0.0,0.085,0.04,0.025,0.01,0.0,0.005,0.025,0.08,0.025,0.02,0.03,0.085
9,9,,0.135,0.015,0.005,0.015,0.0,0.08,0.03,0.005,0.09,0.2,0.01,0.0,0.01,0.175,0.025,0.02,0.0,0.0,0.005,0.02,0.04,0.015,0.055,0.005,0.045
10,0,,0.12,0.025,0.01,0.02,0.0,0.105,0.115,0.015,0.055,0.015,0.085,0.02,0.005,0.07,0.08,0.015,0.015,0.0,0.0,0.025,0.05,0.03,0.08,0.02,0.025
10,11,,0.03,0.025,0.02,0.025,0.01,0.09,0.025,0.025,0.08,0.02,0.03,0.12,0.005,0.03,0.11,0.025,0.025,0.0,0.0,0.05,0.095,0.095,0.02,0.025,0.02
10,19,,0.025,0.08,0.01,0.02,0.035,0.005,0.005,0.015,0.11,0.005,0.11,0.01,0.01,0.0,0.075,0.04,0.085,0.0,0.01,0.145,0.005,0.06,0.01,0.07,0.06
10,19,,0.03,0.045,0.005,0.015,0.11,0.0,0.0,0.015,0.105,0.02,0.08,0.01,0.015,0.01,0.03,0.05,0.06,0.005,0.01,0.185,0.01,0.075,0.005,0.07,0.04
10,1,,0.04,0.12,0.005,0.01,0.04,0.005,0.015,0.015,0.07,0.015,0.06,0.01,0.0,0.015,0.1,0.02,0.085,0.0,0.035,0.095,0.06,0.1,0.025,0.015,0.045
10,10,,0.025,0.06,0.075,0.0,0.005,0.16,0.055,0.005,0.015,0.015,0.185,0.015,0.04,0.075,0.025,0.01,0.0,0.005,0.0,0.025,0.06,0.055,0.025,0.065,0.0
10,10,,0.015,0.05,0.05,0.06,0.05,0.0,0.005,0.01,0.055,0.015,0.125,0.035,0.02,0.005,0.065,0.04,0.025,0.005,0.015,0.115,0.07,0.05,0.01,0.08,0.03
10,6,,0.04,0.03,0.05,0.02,0.025,0.045,0.165,0.02,0.08,0.005,0.09,0.05,0.04,0.025,0.045,0.025,0.01,0.015,0.01,0.02,0.06,0.02,0.055,0.015,0.04
10,10,,0.03,0.065,0.055,0.0,0.0,0.08,0.05,0.01,0.025,0.04,0.22,0.035,0.01,0.05,0.06,0.01,0.0,0.005,0.005,0.015,0.105,0.045,0.05,0.025,0.01
10,19,,0.03,0.04,0.04,0.04,0.025,0.025,0.0,0.015,0.075,0.02,0.06,0.035,0.055,0.005,0.115,0.055,0.02,0.0,0.005,0.12,0.065,0.065,0.02,0.02,0.05
11,11,,0.0,0.015,0.045,0.03,0.01,0.005,0.01,0.305,0.0,0.005,0.005,0.31,0.02,0.0,0.01,0.005,0.0,0.015,0.0,0.02,0.005,0.1,0.0,0.075,0.01
11,11,,0.0,0.0,0.0,0.01,0.005,0.0,0.0,0.0,0.0,0.0,0.0,0.93,0.0,0.0,0.0,0.0,0.0,0.0,0.0,0.05,0.0,0.0,0.0,0.005,0.0
11,11,,0.0,0.005,0.0,0.005,0.0,0.0,0.0,0.0,0.0,0.0,0.0,0.97,0.005,0.0,0.0,0.0,0.0,0.0,0.0,0.005,0.0,0.0,0.0,0.01,0.0
11,11,,0.0,0.005,0.02,0.045,0.01,0.01,0.005,0.025,0.0,0.0,0.0,0.765,0.005,0.0,0.0,0.01,0.005,0.0,0.0,0.055,0.0,0.01,0.0,0.03,0.0
11,11,,0.0,0.0,0.02,0.015,0.01,0.02,0.005,0.11,0.005,0.0,0.0,0.6,0.03,0.0,0.0,0.005,0.0,0.0,0.0,0.065,0.0,0.055,0.0,0.06,0.0
11,11,,0.0,0.005,0.0,0.005,0.0,0.0,0.0,0.0,0.0,0.0,0.0,0.97,0.01,0.0,0.0,0.0,0.0,0.0,0.0,0.0,0.0,0.01,0.0,0.0,0.0
11,11,,0.0,0.0,0.0,0.02,0.01,0.0,0.0,0.01,0.0,0.0,0.0,0.945,0.0,0.0,0.0,0.0,0.0,0.01,0.0,0.005,0.0,0.0,0.0,0.0,0.0
11,11,,0.0,0.0,0.0,0.005,0.0,0.0,0.0,0.0,0.0,0.0,0.0,0.995,0.0,0.0,0.0,0.0,0.0,0.0,0.0,0.0,0.0,0.0,0.0,0.0,0.0
11,11,,0.02,0.07,0.005,0.0,0.0,0.05,0.015,0.07,0.005,0.03,0.025,0.14,0.025,0.12,0.07,0.03,0.015,0.005,0.01,0.045,0.07,0.08,0.075,0.01,0.015
11,11,,0.0,0.0,0.0,0.03,0.0,0.0,0.0,0.035,0.005,0.0,0.0,0.85,0.015,0.0,0.0,0.0,0.0,0.0,0.0,0.04,0.0,0.02,0.0,0.005,0.0
11,11,,0.0,0.0,0.0,0.02,0.0,0.0,0.0,0.005,0.0,0.0,0.0,0.945,0.01,0.0,0.0,0.0,0.0,0.0,0.0,0.005,0.0,0.005,0.0,0.01,0.0
11,11,,0.005,0.04,0.01,0.02,0.005,0.01,0.0,0.115,0.005,0.01,0.02,0.555,0.005,0.0,0.03,0.015,0.0,0.0,0.005,0.06,0.0,0.055,0.005,0.025,0.005
11,11,,0.0,0.0,0.0,0.025,0.005,0.0,0.0,0.0,0.0,0.0,0.0,0.94,0.005,0.0,0.005,0.0,0.0,0.0,0.0,0.02,0.0,0.0,0.0,0.0,0.0
11,11,,0.0,0.005,0.005,0.02,0.005,0.0,0.0,0.035,0.0,0.005,0.0,0.835,0.01,0.005,0.01,0.0,0.0,0.0,0.0,0.03,0.0,0.025,0.0,0.01,0.0
11,11,,0.0,0.0,0.0,0.005,0.0,0.0,0.0,0.015,0.0,0.0,0.0,0.98,0.0,0.0,0.0,0.0,0.0,0.0,0.0,0.0,0.0,0.0,0.0,0.0,0.0
11,11,,0.0,0.005,0.0,0.005,0.0,0.0,0.0,0.0,0.0,0.0,0.0,0.985,0.0,0.0,0.0,0.0,0.0,0.0,0.0,0.0,0.0,0.0,0.0,0.005,0.0
11,24,,0.005,0.015,0.005,0.095,0.02,0.005,0.005,0.015,0.02,0.065,0.005,0.03,0.07,0.0,0.035,0.085,0.015,0.035,0.01,0.185,0.0,0.015,0.005,0.02,0.24
11,11,,0.0,0.005,0.0,0.025,0.005,0.0,0.0,0.015,0.0,0.0,0.0,0.93,0.005,0.0,0.0,0.0,0.0,0.0,0.0,0.0,0.0,0.0,0.0,0.015,0.0
11,11,,0.005,0.01,0.0,0.01,0.01,0.01,0.005,0.135,0.0,0.005,0.005,0.505,0.01,0.02,0.03,0.005,0.01,0.0,0.005,0.155,0.01,0.035,0.005,0.0,0.015
11,11,,0.0,0.0,0.0,0.0,0.005,0.0,0.0,0.01,0.0,0.0,0.0,0.975,0.0,0.0,0.0,0.0,0.0,0.0,0.0,0.005,0.0,0.0,0.0,0.005,0.0
11,11,,0.0,0.0,0.0,0.0,0.0,0.005,0.0,0.015,0.0,0.0,0.005,0.965,0.0,0.0,0.005,0.0,0.0,0.0,0.0,0.005,0.0,0.0,0.0,0.0,0.0
11,11,,0.0,0.0,0.0,0.015,0.0,0.0,0.0,0.0,0.0,0.0,0.0,0.96,0.005,0.0,0.005,0.0,0.0,0.0,0.0,0.01,0.0,0.005,0.0,0.0,0.0
11,11,,0.005,0.02,0.0,0.03,0.0,0.0,0.0,0.07,0.01,0.005,0.01,0.705,0.005,0.005,0.015,0.015,0.005,0.005,0.005,0.04,0.005,0.02,0.0,0.02,0.005
11,11,,0.0,0.005,0.005,0.005,0.0,0.0,0.0,0.015,0.0,0.0,0.0,0.94,0.0,0.0,0.005,0.0,0.0,0.0,0.0,0.01,0.005,0.0,0.01,0.0,0.0
11,11,,0.015,0.045,0.01,0.01,0.03,0.04,0.005,0.185,0.0,0.0,0.015,0.47,0.015,0.01,0.015,0.0,0.005,0.0,0.0,0.045,0.015,0.04,0.005,0.015,0.01
11,11,,0.0,0.005,0.0,0.015,0.005,0.0,0.0,0.0,0.0,0.0,0.0,0.96,0.0,0.0,0.0,0.0,0.0,0.0,0.0,0.015,0.0,0.0,0.0,0.0,0.0
11,11,,0.0,0.0,0.0,0.015,0.005,0.0,0.0,0.02,0.0,0.0,0.0,0.845,0.005,0.0,0.005,0.0,0.0,0.0,0.0,0.08,0.0,0.015,0.0,0.01,0.0
11,11,,0.0,0.0,0.0,0.005,0.005,0.0,0.0,0.005,0.0,0.0,0.0,0.955,0.0,0.0,0.0,0.005,0.0,0.0,0.0,0.01,0.0,0.005,0.0,0.01,0.0
11,11,,0.0,0.0,0.0,0.005,0.005,0.0,0.0,0.0,0.0,0.0,0.0,0.95,0.0,0.0,0.0,0.0,0.0,0.0,0.0,0.04,0.0,0.0,0.0,0.0,0.0
11,11,,0.0,0.005,0.005,0.015,0.035,0.0,0.0,0.03,0.0,0.005,0.0,0.81,0.0,0.0,0.0,0.005,0.0,0.0,0.0,0.055,0.005,0.005,0.0,0.015,0.01
11,11,,0.0,0.01,0.0,0.015,0.02,0.0,0.0,0.025,0.0,0.0,0.0,0.91,0.01,0.0,0.0,0.0,0.0,0.0,0.0,0.01,0.0,0.0,0.0,0.0,0.0
11,19,,0.015,0.085,0.005,0.065,0.05,0.0,0.01,0.01,0.035,0.065,0.01,0.01,0.035,0.0,0.025,0.09,0.0,0.03,0.01,0.245,0.0,0.005,0.005,0.045,0.15
11,11,,0.045,0.045,0.0,0.005,0.01,0.11,0.005,0.035,0.07,0.05,0.01,0.12,0.005,0.115,0.095,0.02,0.005,0.005,0.005,0.02,0.085,0.045,0.065,0.01,0.02
11,11,,0.0,0.0,0.0,0.005,0.0,0.0,0.0,0.005,0.0,0.0,0.0,0.955,0.02,0.0,0.0,0.0,0.0,0.0,0.0,0.01,0.0,0.005,0.0,0.0,0.0
11,11,,0.0,0.0,0.0,0.015,0.0,0.0,0.0,0.005,0.0,0.0,0.0,0.98,0.0,0.0,0.0,0.0,0.0,0.0,0.0,0.0,0.0,0.0,0.0,0.0,0.0
11,11,,0.0,0.0,0.0,0.005,0.0,0.0,0.0,0.015,0.0,0.0,0.0,0.975,0.0,0.0,0.0,0.0,0.0,0.0,0.0,0.005,0.0,0.0,0.0,0.0,0.0
11,11,,0.0,0.005,0.0,0.0,0.0,0.0,0.0,0.0,0.0,0.0,0.0,0.99,0.0,0.0,0.0,0.0,0.0,0.0,0.0,0.005,0.0,0.0,0.0,0.0,0.0
11,11,,0.0,0.0,0.0,0.005,0.0,0.0,0.0,0.0,0.0,0.0,0.0,0.99,0.0,0.0,0.0,0.0,0.0,0.0,0.0,0.005,0.0,0.0,0.0,0.0,0.0
11,11,,0.0,0.0,0.0,0.01,0.0,0.0,0.0,0.01,0.0,0.0,0.0,0.975,0.005,0.0,0.0,0.0,0.0,0.0,0.0,0.0,0.0,0.0,0.0,0.0,0.0
11,11,,0.0,0.0,0.0,0.01,0.0,0.0,0.0,0.005,0.0,0.0,0.0,0.985,0.0,0.0,0.0,0.0,0.0,0.0,0.0,0.0,0.0,0.0,0.0,0.0,0.0
11,11,,0.0,0.0,0.01,0.025,0.01,0.0,0.0,0.005,0.005,0.0,0.0,0.91,0.015,0.0,0.0,0.0,0.0,0.005,0.0,0.015,0.0,0.0,0.0,0.0,0.0
11,11,,0.0,0.0,0.0,0.035,0.0,0.0,0.0,0.015,0.0,0.005,0.0,0.91,0.01,0.0,0.0,0.005,0.0,0.0,0.0,0.015,0.0,0.005,0.0,0.0,0.0
11,11,,0.0,0.0,0.0,0.01,0.0,0.0,0.0,0.0,0.0,0.0,0.0,0.97,0.005,0.0,0.0,0.0,0.0,0.0,0.0,0.015,0.0,0.0,0.0,0.0,0.0
11,11,,0.0,0.005,0.015,0.02,0.0,0.0,0.0,0.015,0.0,0.0,0.0,0.875,0.01,0.0,0.01,0.0,0.0,0.0,0.0,0.03,0.0,0.01,0.0,0.01,0.0
11,11,,0.0,0.0,0.0,0.005,0.0,0.0,0.0,0.005,0.0,0.0,0.0,0.945,0.0,0.0,0.005,0.0,0.0,0.0,0.0,0.04,0.0,0.0,0.0,0.0,0.0
11,11,,0.0,0.02,0.005,0.0,0.005,0.005,0.0,0.08,0.0,0.0,0.0,0.765,0.0,0.0,0.0,0.0,0.0,0.0,0.0,0.09,0.0,0.005,0.0,0.025,0.0
11,11,,0.0,0.0,0.0,0.045,0.0,0.0,0.0,0.0,0.0,0.0,0.0,0.93,0.0,0.005,0.0,0.0,0.0,0.0,0.0,0.015,0.0,0.0,0.0,0.005,0.0
11,11,,0.01,0.045,0.015,0.02,0.025,0.0,0.0,0.125,0.005,0.02,0.005,0.4,0.005,0.015,0.035,0.035,0.01,0.0,0.0,0.055,0.005,0.04,0.005,0.08,0.045
11,11,,0.0,0.0,0.0,0.01,0.01,0.01,0.0,0.105,0.0,0.0,0.0,0.68,0.0,0.0,0.005,0.01,0.01,0.005,0.0,0.08,0.005,0.015,0.0,0.035,0.02
11,11,,0.0,0.0,0.0,0.0,0.0,0.0,0.0,0.0,0.0,0.0,0.0,1.0,0.0,0.0,0.0,0.0,0.0,0.0,0.0,0.0,0.0,0.0,0.0,0.0,0.0
11,11,,0.0,0.02,0.005,0.025,0.01,0.005,0.0,0.025,0.0,0.0,0.0,0.81,0.0,0.0,0.015,0.01,0.0,0.0,0.01,0.045,0.005,0.0,0.005,0.005,0.005
11,11,,0.0,0.0,0.0,0.005,0.0,0.0,0.0,0.0,0.0,0.0,0.0,0.97,0.005,0.0,0.0,0.0,0.0,0.0,0.0,0.015,0.0,0.0,0.0,0.005,0.0
11,11,,0.0,0.005,0.0,0.0,0.005,0.0,0.0,0.005,0.005,0.0,0.0,0.97,0.0,0.0,0.0,0.0,0.0,0.0,0.0,0.005,0.005,0.0,0.0,0.0,0.0
11,11,,0.0,0.0,0.0,0.025,0.0,0.0,0.0,0.005,0.0,0.0,0.0,0.955,0.0,0.0,0.0,0.0,0.0,0.0,0.0,0.005,0.0,0.005,0.0,0.005,0.0
11,19,,0.005,0.18,0.0,0.05,0.03,0.0,0.0,0.005,0.025,0.015,0.0,0.03,0.005,0.005,0.055,0.04,0.075,0.015,0.03,0.31,0.005,0.02,0.035,0.005,0.06
11,11,,0.005,0.045,0.03,0.035,0.03,0.015,0.02,0.03,0.005,0.0,0.0,0.53,0.015,0.0,0.0,0.01,0.0,0.01,0.0,0.09,0.0,0.11,0.0,0.02,0.0
11,11,,0.0,0.04,0.0,0.01,0.02,0.005,0.0,0.13,0.0,0.0,0.005,0.61,0.015,0.0,0.02,0.01,0.01,0.0,0.005,0.07,0.0,0.035,0.0,0.01,0.005
11,11,,0.0,0.02,0.005,0.04,0.0,0.0,0.0,0.05,0.0,0.0,0.0,0.84,0.005,0.0,0.0,0.0,0.0,0.0,0.0,0.02,0.0,0.02,0.0,0.0,0.0
11,11,,0.005,0.005,0.005,0.03,0.02,0.0,0.0,0.025,0.0,0.005,0.0,0.815,0.005,0.0,0.0,0.005,0.0,0.0,0.0,0.045,0.0,0.02,0.005,0.01,0.0
11,11,,0.0,0.0,0.0,0.01,0.0,0.0,0.0,0.0,0.0,0.0,0.0,0.99,0.0,0.0,0.0,0.0,0.0,0.0,0.0,0.0,0.0,0.0,0.0,0.0,0.0
11,11,,0.055,0.045,0.005,0.055,0.035,0.01,0.005,0.035,0.06,0.02,0.05,0.15,0.02,0.005,0.1,0.055,0.005,0.0,0.0,0.095,0.04,0.06,0.025,0.025,0.045
11,11,,0.0,0.005,0.0,0.005,0.0,0.0,0.0,0.015,0.0,0.0,0.0,0.955,0.0,0.0,0.0,0.0,0.0,0.0,0.0,0.015,0.0,0.0,0.0,0.005,0.0
11,11,,0.0,0.0,0.0,0.005,0.005,0.0,0.0,0.01,0.0,0.0,0.0,0.965,0.0,0.0,0.0,0.0,0.0,0.0,0.0,0.015,0.0,0.0,0.0,0.0,0.0
11,11,,0.0,0.0,0.0,0.0,0.0,0.005,0.0,0.01,0.0,0.005,0.005,0.885,0.0,0.0,0.01,0.005,0.0,0.0,0.0,0.065,0.0,0.0,0.0,0.005,0.005
11,11,,0.0,0.01,0.0,0.005,0.0,0.0,0.0,0.03,0.0,0.0,0.0,0.92,0.0,0.0,0.005,0.005,0.0,0.0,0.0,0.025,0.0,0.0,0.0,0.0,0.0
11,11,,0.0,0.0,0.0,0.0,0.0,0.0,0.0,0.0,0.0,0.0,0.0,0.99,0.0,0.0,0.0,0.0,0.0,0.0,0.0,0.005,0.0,0.005,0.0,0.0,0.0
11,12,,0.0,0.01,0.1,0.02,0.005,0.005,0.02,0.15,0.005,0.005,0.0,0.22,0.275,0.005,0.005,0.005,0.005,0.015,0.005,0.025,0.015,0.09,0.0,0.015,0.0
11,11,,0.0,0.0,0.005,0.005,0.0,0.01,0.0,0.005,0.0,0.0,0.0,0.94,0.005,0.0,0.005,0.0,0.0,0.0,0.0,0.01,0.0,0.005,0.0,0.01,0.0
11,11,,0.0,0.0,0.0,0.015,0.005,0.0,0.005,0.005,0.0,0.0,0.0,0.94,0.0,0.0,0.0,0.0,0.0,0.0,0.0,0.01,0.0,0.005,0.0,0.015,0.0
11,11,,0.0,0.0,0.0,0.05,0.0,0.0,0.0,0.015,0.0,0.005,0.0,0.86,0.02,0.0,0.0,0.005,0.0,0.0,0.0,0.035,0.0,0.0,0.0,0.01,0.0
11,11,,0.0,0.0,0.0,0.0,0.0,0.0,0.0,0.0,0.0,0.0,0.0,0.99,0.0,0.0,0.0,0.0,0.0,0.0,0.0,0.005,0.0,0.0,0.0,0.005,0.0
11,11,,0.0,0.0,0.0,0.02,0.0,0.0,0.0,0.005,0.0,0.0,0.0,0.965,0.005,0.0,0.0,0.0,0.0,0.005,0.0,0.0,0.0,0.0,0.0,0.0,0.0
11,11,,0.0,0.0,0.0,0.0,0.005,0.0,0.0,0.005,0.0,0.0,0.0,0.97,0.005,0.0,0.0,0.0,0.0,0.0,0.0,0.01,0.0,0.005,0.0,0.0,0.0
11,19,,0.005,0.015,0.01,0.04,0.035,0.0,0.015,0.03,0.0,0.03,0.02,0.115,0.035,0.0,0.03,0.045,0.0,0.035,0.01,0.295,0.005,0.01,0.015,0.055,0.15
11,11,,0.025,0.04,0.01,0.005,0.035,0.01,0.005,0.125,0.005,0.005,0.015,0.385,0.01,0.0,0.02,0.015,0.005,0.005,0.01,0.085,0.01,0.07,0.015,0.015,0.075
11,7,,0.0,0.015,0.09,0.035,0.0,0.005,0.005,0.265,0.0,0.02,0.015,0.17,0.035,0.0,0.0,0.005,0.0,0.01,0.005,0.05,0.01,0.165,0.0,0.095,0.005
11,11,,0.01,0.02,0.02,0.025,0.065,0.0,0.0,0.055,0.04,0.02,0.04,0.21,0.04,0.005,0.04,0.07,0.015,0.01,0.0,0.135,0.005,0.09,0.02,0.035,0.03
11,11,,0.0,0.005,0.0,0.0,0.0,0.0,0.0,0.0,0.0,0.0,0.0,0.985,0.0,0.0,0.0,0.0,0.0,0.0,0.0,0.01,0.0,0.0,0.0,0.0,0.0
11,11,,0.1,0.04,0.0,0.015,0.0,0.095,0.025,0.025,0.04,0.03,0.055,0.18,0.0,0.055,0.09,0.05,0.0,0.01,0.0,0.02,0.085,0.015,0.045,0.0,0.025
11,11,,0.0,0.01,0.015,0.02,0.005,0.0,0.0,0.015,0.0,0.0,0.015,0.855,0.005,0.005,0.0,0.0,0.0,0.0,0.0,0.015,0.0,0.02,0.0,0.015,0.005
11,11,,0.0,0.005,0.0,0.005,0.0,0.0,0.0,0.005,0.0,0.0,0.0,0.98,0.005,0.0,0.0,0.0,0.0,0.0,0.0,0.0,0.0,0.0,0.0,0.0,0.0
11,11,,0.0,0.0,0.0,0.0,0.0,0.0,0.0,0.005,0.0,0.0,0.0,0.985,0.0,0.0,0.0,0.0,0.0,0.0,0.0,0.01,0.0,0.0,0.0,0.0,0.0
11,11,,0.0,0.0,0.0,0.005,0.0,0.0,0.0,0.0,0.0,0.0,0.0,0.965,0.01,0.0,0.0,0.0,0.0,0.0,0.0,0.01,0.0,0.01,0.0,0.0,0.0
11,11,,0.0,0.0,0.0,0.005,0.01,0.0,0.0,0.005,0.0,0.0,0.0,0.98,0.0,0.0,0.0,0.0,0.0,0.0,0.0,0.0,0.0,0.0,0.0,0.0,0.0
11,11,,0.0,0.0,0.0,0.0,0.005,0.0,0.005,0.005,0.0,0.0,0.0,0.925,0.005,0.005,0.0,0.0,0.0,0.0,0.0,0.02,0.0,0.005,0.0,0.025,0.0
11,11,,0.0,0.01,0.0,0.005,0.0,0.0,0.0,0.015,0.0,0.0,0.0,0.965,0.0,0.0,0.0,0.0,0.0,0.0,0.0,0.0,0.0,0.0,0.0,0.0,0.005
11,11,,0.0,0.035,0.02,0.02,0.005,0.025,0.0,0.055,0.005,0.0,0.0,0.595,0.01,0.0,0.0,0.01,0.0,0.0,0.0,0.115,0.01,0.055,0.0,0.035,0.005
11,11,,0.0,0.01,0.01,0.01,0.005,0.0,0.0,0.01,0.0,0.0,0.0,0.85,0.045,0.0,0.0,0.0,0.0,0.005,0.0,0.025,0.0,0.005,0.0,0.025,0.0
11,11,,0.0,0.0,0.0,0.005,0.01,0.0,0.0,0.01,0.0,0.0,0.0,0.96,0.0,0.0,0.0,0.0,0.0,0.0,0.0,0.01,0.0,0.0,0.0,0.005,0.0
11,11,,0.0,0.005,0.005,0.01,0.015,0.005,0.0,0.02,0.0,0.005,0.0,0.82,0.025,0.0,0.0,0.0,0.0,0.0,0.0,0.035,0.0,0.03,0.0,0.02,0.005
11,11,,0.0,0.0,0.0,0.005,0.0,0.0,0.0,0.0,0.0,0.0,0.0,0.98,0.0,0.0,0.0,0.0,0.0,0.0,0.0,0.015,0.0,0.0,0.0,0.0,0.0
11,19,,0.0,0.005,0.035,0.05,0.01,0.005,0.04,0.125,0.02,0.04,0.01,0.11,0.095,0.0,0.03,0.025,0.02,0.035,0.02,0.16,0.01,0.07,0.005,0.055,0.025
11,11,,0.0,0.005,0.005,0.045,0.025,0.0,0.005,0.04,0.01,0.04,0.005,0.38,0.075,0.005,0.015,0.045,0.0,0.04,0.01,0.13,0.0,0.02,0.005,0.035,0.06
11,11,,0.0,0.005,0.0,0.01,0.0,0.0,0.0,0.005,0.0,0.0,0.0,0.965,0.0,0.0,0.0,0.0,0.0,0.0,0.0,0.015,0.0,0.0,0.0,0.0,0.0
11,11,,0.0,0.005,0.01,0.04,0.005,0.005,0.01,0.14,0.01,0.015,0.0,0.42,0.13,0.0,0.005,0.0,0.0,0.005,0.005,0.105,0.0,0.07,0.0,0.015,0.005
11,11,,0.0,0.0,0.005,0.005,0.02,0.0,0.005,0.005,0.0,0.005,0.005,0.895,0.005,0.0,0.005,0.01,0.0,0.0,0.0,0.01,0.0,0.01,0.0,0.005,0.01
11,19,,0.005,0.055,0.015,0.075,0.01,0.045,0.005,0.145,0.01,0.01,0.015,0.08,0.02,0.01,0.015,0.015,0.05,0.0,0.005,0.185,0.035,0.09,0.005,0.03,0.07
11,11,,0.0,0.035,0.0,0.02,0.01,0.005,0.0,0.1,0.0,0.0,0.0,0.675,0.0,0.0,0.005,0.005,0.0,0.0,0.0,0.055,0.0,0.025,0.0,0.065,0.0
11,7,,0.08,0.105,0.005,0.015,0.02,0.01,0.01,0.145,0.015,0.045,0.0,0.095,0.005,0.04,0.025,0.03,0.02,0.01,0.015,0.145,0.01,0.085,0.015,0.015,0.04
11,11,,0.0,0.01,0.0,0.0,0.005,0.0,0.0,0.005,0.0,0.0,0.0,0.94,0.0,0.0,0.0,0.0,0.0,0.0,0.0,0.035,0.0,0.0,0.0,0.005,0.0
11,11,,0.015,0.05,0.0,0.02,0.045,0.005,0.0,0.04,0.0,0.02,0.01,0.28,0.015,0.01,0.045,0.045,0.025,0.02,0.01,0.16,0.025,0.035,0.01,0.035,0.08
11,11,,0.0,0.005,0.02,0.045,0.0,0.0,0.005,0.03,0.0,0.0,0.005,0.795,0.02,0.005,0.01,0.0,0.0,0.0,0.0,0.03,0.0,0.0,0.0,0.03,0.0
11,11,,0.0,0.0,0.0,0.01,0.005,0.0,0.0,0.01,0.0,0.0,0.0,0.955,0.005,0.0,0.005,0.0,0.0,0.0,0.0,0.0,0.0,0.0,0.0,0.01,0.0
11,11,,0.0,0.0,0.0,0.005,0.0,0.005,0.0,0.0,0.0,0.0,0.0,0.965,0.0,0.0,0.0,0.0,0.0,0.0,0.0,0.015,0.0,0.005,0.0,0.005,0.0
11,11,,0.0,0.01,0.07,0.025,0.005,0.005,0.005,0.135,0.005,0.01,0.02,0.235,0.085,0.0,0.0,0.005,0.0,0.01,0.0,0.07,0.02,0.21,0.005,0.065,0.005
11,19,,0.035,0.035,0.01,0.03,0.055,0.005,0.03,0.07,0.005,0.025,0.005,0.175,0.035,0.025,0.015,0.03,0.015,0.05,0.005,0.235,0.0,0.05,0.03,0.005,0.025
11,11,,0.005,0.005,0.01,0.01,0.005,0.0,0.0,0.0,0.0,0.0,0.0,0.925,0.0,0.0,0.0,0.0,0.0,0.005,0.0,0.02,0.0,0.005,0.0,0.01,0.0
11,11,,0.0,0.005,0.0,0.005,0.005,0.0,0.0,0.0,0.0,0.0,0.0,0.965,0.0,0.0,0.0,0.0,0.0,0.0,0.0,0.01,0.0,0.005,0.0,0.005,0.0
11,11,,0.0,0.0,0.0,0.005,0.005,0.0,0.0,0.005,0.0,0.0,0.0,0.975,0.01,0.0,0.0,0.0,0.0,0.0,0.0,0.0,0.0,0.0,0.0,0.0,0.0
11,11,,0.0,0.005,0.0,0.04,0.0,0.0,0.0,0.01,0.0,0.0,0.0,0.935,0.005,0.0,0.0,0.0,0.0,0.0,0.0,0.005,0.0,0.0,0.0,0.0,0.0
11,11,,0.01,0.005,0.015,0.03,0.01,0.005,0.04,0.075,0.025,0.02,0.025,0.375,0.035,0.02,0.06,0.04,0.005,0.02,0.0,0.03,0.035,0.055,0.03,0.025,0.01
11,11,,0.0,0.0,0.0,0.015,0.01,0.005,0.0,0.005,0.0,0.0,0.0,0.87,0.005,0.0,0.0,0.005,0.0,0.005,0.0,0.075,0.0,0.0,0.0,0.005,0.0
11,11,,0.0,0.0,0.0,0.0,0.0,0.0,0.0,0.005,0.0,0.0,0.0,0.995,0.0,0.0,0.0,0.0,0.0,0.0,0.0,0.0,0.0,0.0,0.0,0.0,0.0
11,11,,0.0,0.0,0.0,0.0,0.0,0.0,0.0,0.0,0.0,0.0,0.0,0.99,0.005,0.0,0.0,0.0,0.0,0.0,0.0,0.005,0.0,0.0,0.0,0.0,0.0
11,11,,0.0,0.01,0.0,0.03,0.0,0.0,0.0,0.0,0.0,0.0,0.0,0.93,0.01,0.0,0.0,0.0,0.0,0.0,0.0,0.015,0.0,0.0,0.005,0.0,0.0
11,7,,0.0,0.01,0.03,0.045,0.01,0.0,0.0,0.245,0.005,0.035,0.005,0.185,0.07,0.0,0.0,0.02,0.01,0.025,0.005,0.175,0.0,0.095,0.0,0.02,0.01
11,11,,0.0,0.0,0.0,0.0,0.0,0.0,0.0,0.0,0.0,0.0,0.0,0.98,0.0,0.0,0.0,0.0,0.0,0.0,0.0,0.02,0.0,0.0,0.0,0.0,0.0
11,7,,0.0,0.005,0.045,0.01,0.005,0.0,0.01,0.29,0.005,0.005,0.0,0.29,0.15,0.0,0.005,0.0,0.0,0.0,0.005,0.04,0.005,0.095,0.0,0.035,0.0
11,11,,0.0,0.0,0.0,0.015,0.005,0.0,0.0,0.01,0.0,0.0,0.0,0.925,0.005,0.0,0.0,0.0,0.0,0.005,0.0,0.03,0.0,0.0,0.0,0.005,0.0
11,11,,0.0,0.0,0.0,0.0,0.0,0.0,0.0,0.0,0.0,0.0,0.0,1.0,0.0,0.0,0.0,0.0,0.0,0.0,0.0,0.0,0.0,0.0,0.0,0.0,0.0
11,23,,0.005,0.02,0.045,0.025,0.025,0.0,0.01,0.035,0.025,0.0,0.13,0.11,0.035,0.015,0.01,0.025,0.02,0.0,0.005,0.145,0.05,0.04,0.0,0.21,0.015
11,11,,0.0,0.01,0.0,0.03,0.0,0.0,0.0,0.01,0.0,0.0,0.0,0.94,0.005,0.0,0.0,0.0,0.0,0.0,0.0,0.0,0.0,0.005,0.0,0.0,0.0
11,11,,0.0,0.0,0.005,0.045,0.0,0.0,0.0,0.005,0.0,0.0,0.0,0.87,0.0,0.005,0.0,0.0,0.0,0.0,0.0,0.06,0.0,0.005,0.0,0.0,0.005
11,11,,0.055,0.085,0.03,0.025,0.035,0.0,0.01,0.09,0.005,0.005,0.02,0.33,0.0,0.02,0.025,0.015,0.015,0.015,0.005,0.07,0.01,0.065,0.005,0.015,0.05
11,11,,0.0,0.0,0.0,0.005,0.005,0.0,0.0,0.005,0.0,0.0,0.0,0.965,0.015,0.0,0.0,0.0,0.0,0.0,0.0,0.0,0.0,0.005,0.0,0.0,0.0
11,19,,0.045,0.055,0.055,0.05,0.04,0.0,0.015,0.035,0.08,0.01,0.035,0.055,0.035,0.0,0.045,0.08,0.02,0.01,0.005,0.115,0.0,0.05,0.015,0.09,0.06
11,11,,0.0,0.0,0.01,0.015,0.005,0.0,0.0,0.015,0.0,0.0,0.0,0.875,0.005,0.005,0.0,0.0,0.0,0.005,0.0,0.04,0.0,0.025,0.0,0.0,0.0
11,11,,0.0,0.0,0.0,0.01,0.0,0.0,0.0,0.0,0.0,0.0,0.0,0.985,0.0,0.0,0.0,0.0,0.0,0.0,0.0,0.005,0.0,0.0,0.0,0.0,0.0
11,11,,0.0,0.0,0.0,0.01,0.005,0.0,0.0,0.0,0.0,0.0,0.0,0.95,0.005,0.0,0.0,0.0,0.0,0.0,0.0,0.025,0.0,0.0,0.0,0.005,0.0
11,11,,0.0,0.01,0.02,0.02,0.005,0.015,0.005,0.12,0.005,0.01,0.02,0.61,0.015,0.005,0.005,0.01,0.005,0.0,0.0,0.05,0.03,0.015,0.0,0.01,0.015
11,11,,0.0,0.005,0.005,0.025,0.015,0.0,0.0,0.035,0.0,0.0,0.0,0.795,0.01,0.0,0.005,0.005,0.0,0.005,0.0,0.05,0.0,0.005,0.0,0.04,0.0
11,11,,0.005,0.01,0.02,0.03,0.01,0.005,0.0,0.075,0.0,0.0,0.01,0.78,0.005,0.0,0.005,0.005,0.0,0.005,0.0,0.01,0.005,0.015,0.0,0.0,0.005
11,11,,0.0,0.0,0.0,0.0,0.005,0.0,0.0,0.0,0.0,0.0,0.0,0.97,0.0,0.0,0.0,0.0,0.0,0.0,0.0,0.025,0.0,0.0,0.0,0.0,0.0
11,11,,0.0,0.0,0.0,0.0,0.005,0.0,0.0,0.01,0.0,0.0,0.0,0.955,0.005,0.0,0.0,0.0,0.0,0.0,0.0,0.02,0.0,0.005,0.0,0.0,0.0
11,11,,0.0,0.0,0.0,0.005,0.0,0.0,0.0,0.005,0.0,0.0,0.0,0.97,0.005,0.0,0.0,0.0,0.0,0.0,0.0,0.0,0.0,0.005,0.0,0.01,0.0
11,11,,0.0,0.0,0.0,0.0,0.0,0.0,0.0,0.0,0.0,0.0,0.0,0.995,0.0,0.0,0.0,0.0,0.0,0.0,0.0,0.005,0.0,0.0,0.0,0.0,0.0
11,11,,0.0,0.0,0.0,0.0,0.0,0.0,0.0,0.01,0.005,0.0,0.0,0.965,0.0,0.0,0.0,0.0,0.0,0.0,0.0,0.005,0.005,0.0,0.0,0.01,0.0
11,11,,0.0,0.0,0.0,0.015,0.0,0.0,0.0,0.0,0.0,0.0,0.0,0.97,0.01,0.0,0.0,0.0,0.0,0.0,0.0,0.0,0.0,0.005,0.0,0.0,0.0
11,11,,0.0,0.005,0.005,0.015,0.0,0.0,0.0,0.015,0.005,0.0,0.0,0.885,0.02,0.0,0.0,0.0,0.0,0.0,0.005,0.025,0.0,0.0,0.0,0.02,0.0
11,11,,0.0,0.0,0.0,0.005,0.0,0.0,0.0,0.0,0.0,0.0,0.0,0.995,0.0,0.0,0.0,0.0,0.0,0.0,0.0,0.0,0.0,0.0,0.0,0.0,0.0
12,12,,0.01,0.0,0.055,0.09,0.0,0.0,0.005,0.12,0.035,0.005,0.02,0.01,0.21,0.0,0.045,0.04,0.05,0.01,0.01,0.145,0.005,0.03,0.0,0.08,0.025
12,12,,0.0,0.01,0.035,0.03,0.01,0.005,0.005,0.11,0.01,0.035,0.005,0.145,0.305,0.0,0.005,0.02,0.005,0.02,0.0,0.08,0.005,0.055,0.0,0.095,0.01
12,12,,0.005,0.005,0.055,0.02,0.005,0.01,0.05,0.08,0.01,0.02,0.01,0.07,0.35,0.005,0.02,0.015,0.0,0.055,0.0,0.04,0.005,0.105,0.0,0.04,0.025
12,23,,0.01,0.01,0.115,0.045,0.005,0.0,0.025,0.095,0.04,0.0,0.015,0.015,0.025,0.0,0.03,0.04,0.02,0.005,0.01,0.12,0.02,0.085,0.005,0.25,0.015
12,19,,0.005,0.03,0.045,0.055,0.025,0.005,0.03,0.07,0.015,0.02,0.015,0.025,0.1,0.0,0.025,0.065,0.02,0.02,0.015,0.225,0.005,0.07,0.005,0.08,0.03
12,11,,0.0,0.055,0.095,0.055,0.005,0.005,0.0,0.02,0.0,0.0,0.01,0.315,0.125,0.005,0.01,0.005,0.0,0.0,0.0,0.085,0.01,0.12,0.0,0.055,0.025
12,7,,0.005,0.02,0.04,0.01,0.005,0.0,0.005,0.26,0.01,0.08,0.015,0.09,0.16,0.0,0.005,0.01,0.005,0.005,0.0,0.11,0.005,0.08,0.0,0.08,0.0
12,12,,0.025,0.01,0.035,0.015,0.01,0.035,0.11,0.01,0.04,0.01,0.015,0.03,0.31,0.01,0.035,0.015,0.0,0.01,0.005,0.005,0.02,0.215,0.005,0.015,0.01
12,19,,0.01,0.04,0.065,0.1,0.01,0.0,0.0,0.025,0.02,0.01,0.035,0.015,0.095,0.0,0.035,0.07,0.045,0.005,0.005,0.19,0.005,0.04,0.005,0.105,0.07
12,23,,0.005,0.035,0.09,0.075,0.0,0.01,0.0,0.18,0.015,0.005,0.03,0.035,0.02,0.01,0.015,0.015,0.0,0.0,0.005,0.065,0.02,0.11,0.0,0.245,0.015
12,12,,0.01,0.015,0.02,0.015,0.005,0.0,0.0,0.12,0.005,0.05,0.005,0.215,0.24,0.0,0.005,0.03,0.0,0.01,0.005,0.095,0.005,0.065,0.0,0.08,0.005
12,2,,0.0,0.025,0.21,0.045,0.005,0.01,0.015,0.085,0.03,0.0,0.015,0.055,0.035,0.0,0.01,0.01,0.01,0.01,0.0,0.065,0.03,0.17,0.005,0.155,0.005
12,12,,0.015,0.0,0.02,0.0,0.025,0.01,0.075,0.085,0.015,0.04,0.0,0.1,0.195,0.01,0.035,0.02,0.0,0.145,0.015,0.085,0.01,0.065,0.015,0.02,0.0
12,23,,0.0,0.02,0.18,0.07,0.0,0.0,0.01,0.075,0.03,0.005,0.045,0.015,0.045,0.01,0.015,0.035,0.0,0.0,0.01,0.07,0.02,0.105,0.01,0.215,0.015
12,21,,0.025,0.03,0.115,0.04,0.01,0.035,0.105,0.06,0.05,0.01,0.015,0.085,0.075,0.005,0.035,0.02,0.005,0.02,0.02,0.03,0.025,0.12,0.015,0.035,0.015
12,19,,0.0,0.01,0.055,0.105,0.005,0.0,0.005,0.065,0.025,0.0,0.04,0.025,0.07,0.0,0.02,0.045,0.02,0.0,0.0,0.225,0.01,0.045,0.0,0.22,0.01
12,23,,0.0,0.03,0.07,0.085,0.005,0.005,0.02,0.08,0.035,0.0,0.02,0.035,0.04,0.0,0.03,0.07,0.03,0.01,0.015,0.1,0.03,0.095,0.0,0.155,0.04
12,12,,0.03,0.025,0.015,0.015,0.005,0.01,0.11,0.01,0.02,0.025,0.02,0.03,0.42,0.005,0.03,0.02,0.0,0.05,0.01,0.02,0.01,0.09,0.02,0.01,0.0
12,12,,0.005,0.015,0.08,0.105,0.01,0.0,0.005,0.08,0.015,0.005,0.045,0.02,0.18,0.005,0.045,0.035,0.0,0.0,0.005,0.115,0.005,0.06,0.0,0.145,0.02
13,24,,0.015,0.05,0.02,0.06,0.02,0.075,0.015,0.055,0.025,0.04,0.005,0.04,0.005,0.05,0.05,0.03,0.015,0.005,0.01,0.095,0.035,0.065,0.02,0.035,0.165
13,5,,0.02,0.025,0.025,0.025,0.0,0.335,0.015,0.005,0.015,0.04,0.015,0.045,0.005,0.075,0.15,0.02,0.0,0.0,0.0,0.015,0.06,0.03,0.05,0.0,0.03
13,5,,0.16,0.015,0.0,0.0,0.0,0.315,0.035,0.005,0.03,0.075,0.015,0.015,0.0,0.07,0.06,0.005,0.005,0.005,0.0,0.02,0.07,0.01,0.05,0.0,0.04
13,13,,0.045,0.025,0.015,0.015,0.01,0.155,0.06,0.02,0.06,0.06,0.005,0.045,0.01,0.175,0.035,0.005,0.01,0.015,0.005,0.05,0.03,0.055,0.07,0.005,0.02
13,20,,0.08,0.04,0.01,0.0,0.005,0.1,0.03,0.0,0.015,0.06,0.095,0.01,0.005,0.15,0.04,0.0,0.005,0.0,0.0,0.015,0.21,0.015,0.035,0.055,0.025
13,5,,0.06,0.045,0.01,0.065,0.01,0.165,0.02,0.025,0.035,0.035,0.01,0.015,0.0,0.14,0.05,0.035,0.0,0.01,0.005,0.055,0.045,0.07,0.05,0.01,0.035
13,13,,0.095,0.04,0.015,0.0,0.005,0.125,0.015,0.01,0.015,0.065,0.04,0.01,0.01,0.255,0.01,0.0,0.005,0.0,0.0,0.02,0.145,0.05,0.05,0.01,0.01
13,10,,0.075,0.07,0.03,0.015,0.01,0.075,0.035,0.02,0.04,0.025,0.115,0.02,0.02,0.105,0.08,0.005,0.06,0.0,0.005,0.045,0.05,0.015,0.025,0.04,0.02
13,13,,0.155,0.025,0.005,0.0,0.0,0.23,0.015,0.0,0.06,0.06,0.045,0.005,0.005,0.245,0.015,0.005,0.0,0.0,0.005,0.015,0.05,0.015,0.035,0.005,0.005
13,13,,0.03,0.03,0.0,0.005,0.01,0.215,0.015,0.03,0.03,0.03,0.0,0.015,0.0,0.28,0.055,0.01,0.0,0.01,0.0,0.055,0.03,0.02,0.1,0.0,0.03
14,11,,0.0,0.0,0.0,0.005,0.005,0.0,0.0,0.0,0.0,0.0,0.0,0.955,0.005,0.0,0.005,0.0,0.0,0.0,0.0,0.02,0.0,0.0,0.0,0.005,0.0
14,21,,0.04,0.045,0.045,0.01,0.015,0.045,0.03,0.04,0.04,0.01,0.0,0.02,0.01,0.05,0.035,0.045,0.01,0.01,0.025,0.045,0.04,0.265,0.03,0.06,0.035
14,1,,0.01,0.285,0.0,0.005,0.03,0.0,0.0,0.0,0.02,0.02,0.02,0.015,0.0,0.005,0.14,0.015,0.145,0.005,0.02,0.175,0.0,0.015,0.015,0.01,0.05
14,1,,0.01,0.19,0.055,0.04,0.0,0.045,0.02,0.03,0.025,0.015,0.035,0.095,0.03,0.01,0.1,0.025,0.0,0.0,0.005,0.045,0.04,0.145,0.02,0.015,0.005
14,14,,0.02,0.095,0.045,0.025,0.0,0.085,0.055,0.035,0.02,0.025,0.005,0.1,0.02,0.01,0.285,0.03,0.0,0.01,0.0,0.03,0.02,0.05,0.01,0.0,0.025
14,19,,0.02,0.095,0.0,0.025,0.05,0.0,0.01,0.005,0.045,0.01,0.0,0.015,0.005,0.0,0.175,0.04,0.135,0.005,0.005,0.3,0.005,0.005,0.025,0.01,0.015
14,3,,0.02,0.045,0.035,0.205,0.02,0.005,0.0,0.065,0.04,0.01,0.02,0.045,0.02,0.02,0.06,0.04,0.005,0.0,0.0,0.095,0.045,0.09,0.025,0.045,0.045
14,1,,0.01,0.265,0.0,0.02,0.035,0.015,0.0,0.01,0.045,0.025,0.035,0.025,0.0,0.01,0.095,0.025,0.065,0.0,0.025,0.1,0.015,0.01,0.005,0.105,0.06
14,19,,0.0,0.085,0.005,0.02,0.04,0.005,0.005,0.0,0.065,0.005,0.005,0.02,0.015,0.0,0.1,0.02,0.135,0.0,0.0,0.39,0.005,0.02,0.02,0.02,0.02
14,1,,0.02,0.185,0.01,0.02,0.035,0.04,0.02,0.04,0.01,0.08,0.005,0.05,0.005,0.035,0.045,0.04,0.045,0.02,0.025,0.14,0.015,0.04,0.01,0.02,0.045
14,1,,0.045,0.16,0.07,0.015,0.0,0.14,0.03,0.02,0.035,0.01,0.04,0.03,0.01,0.04,0.105,0.02,0.005,0.0,0.0,0.025,0.04,0.12,0.01,0.02,0.01
14,19,,0.005,0.05,0.0,0.01,0.02,0.0,0.0,0.005,0.07,0.0,0.005,0.0,0.005,0.0,0.135,0.01,0.215,0.0,0.005,0.435,0.0,0.0,0.005,0.01,0.015
14,19,,0.005,0.12,0.005,0.055,0.105,0.0,0.0,0.015,0.01,0.05,0.02,0.035,0.015,0.005,0.065,0.09,0.055,0.005,0.015,0.155,0.005,0.035,0.005,0.035,0.095
14,1,,0.0,0.155,0.095,0.005,0.0,0.115,0.06,0.01,0.03,0.01,0.025,0.04,0.035,0.005,0.155,0.005,0.005,0.0,0.0,0.02,0.05,0.145,0.02,0.005,0.01
14,11,,0.01,0.015,0.045,0.075,0.01,0.015,0.065,0.06,0.015,0.015,0.0,0.24,0.11,0.005,0.075,0.05,0.0,0.045,0.0,0.055,0.0,0.06,0.005,0.02,0.01
15,19,,0.025,0.035,0.04,0.185,0.025,0.0,0.01,0.01,0.06,0.035,0.025,0.01,0.035,0.0,0.03,0.13,0.03,0.005,0.005,0.19,0.0,0.01,0.015,0.035,0.055
15,15,,0.025,0.035,0.005,0.025,0.0,0.0,0.01,0.005,0.025,0.025,0.0,0.005,0.0,0.015,0.015,0.36,0.055,0.005,0.24,0.05,0.01,0.05,0.005,0.005,0.03
15,15,,0.06,0.015,0.015,0.01,0.0,0.01,0.03,0.01,0.025,0.02,0.0,0.005,0.02,0.055,0.015,0.315,0.035,0.0,0.195,0.025,0.02,0.05,0.05,0.005,0.015
15,19,,0.015,0.02,0.01,0.175,0.04,0.0,0.0,0.02,0.025,0.03,0.02,0.01,0.135,0.0,0.015,0.055,0.03,0.005,0.005,0.295,0.0,0.03,0.0,0.03,0.035
15,18,,0.035,0.045,0.0,0.0,0.0,0.005,0.01,0.015,0.01,0.015,0.005,0.005,0.01,0.005,0.01,0.28,0.06,0.005,0.3,0.065,0.015,0.05,0.04,0.005,0.01
15,19,,0.015,0.08,0.015,0.015,0.035,0.01,0.0,0.12,0.01,0.025,0.01,0.05,0.0,0.025,0.025,0.025,0.035,0.005,0.04,0.235,0.015,0.135,0.005,0.035,0.035
15,18,,0.045,0.045,0.0,0.0,0.0,0.005,0.005,0.02,0.02,0.015,0.0,0.01,0.015,0.035,0.01,0.165,0.095,0.005,0.3,0.06,0.015,0.05,0.045,0.01,0.03
15,18,,0.04,0.045,0.005,0.005,0.0,0.005,0.01,0.015,0.025,0.035,0.0,0.0,0.01,0.03,0.0,0.24,0.05,0.01,0.26,0.055,0.015,0.08,0.035,0.02,0.01
16,19,,0.03,0.045,0.03,0.04,0.005,0.005,0.0,0.03,0.055,0.005,0.005,0.015,0.035,0.0,0.055,0.025,0.19,0.0,0.01,0.21,0.02,0.1,0.01,0.045,0.035
16,16,,0.03,0.06,0.0,0.0,0.0,0.005,0.02,0.0,0.005,0.015,0.0,0.01,0.01,0.015,0.03,0.04,0.525,0.005,0.085,0.075,0.0,0.015,0.045,0.0,0.01
16,0,,0.14,0.045,0.005,0.005,0.005,0.095,0.03,0.0,0.095,0.03,0.005,0.015,0.01,0.095,0.065,0.02,0.135,0.005,0.01,0.035,0.01,0.02,0.11,0.0,0.015
16,19,,0.005,0.075,0.015,0.035,0.01,0.0,0.0,0.03,0.04,0.02,0.015,0.01,0.015,0.0,0.03,0.015,0.27,0.005,0.0,0.275,0.0,0.08,0.005,0.02,0.03
16,19,,0.005,0.17,0.01,0.03,0.01,0.0,0.005,0.025,0.01,0.0,0.01,0.005,0.015,0.005,0.06,0.02,0.19,0.0,0.01,0.205,0.01,0.065,0.0,0.105,0.035
16,16,,0.04,0.06,0.0,0.0,0.005,0.0,0.02,0.01,0.025,0.03,0.005,0.005,0.005,0.02,0.09,0.035,0.3,0.01,0.14,0.105,0.01,0.015,0.04,0.0,0.03
16,16,,0.045,0.09,0.005,0.005,0.0,0.005,0.02,0.005,0.02,0.025,0.005,0.005,0.0,0.01,0.075,0.055,0.375,0.0,0.095,0.07,0.005,0.02,0.04,0.005,0.02
16,16,,0.005,0.135,0.0,0.0,0.0,0.0,0.005,0.0,0.0,0.02,0.0,0.0,0.0,0.0,0.035,0.025,0.51,0.005,0.1,0.095,0.0,0.01,0.03,0.0,0.025
16,21,,0.02,0.055,0.05,0.035,0.005,0.015,0.0,0.015,0.075,0.015,0.02,0.03,0.025,0.015,0.07,0.015,0.155,0.005,0.0,0.135,0.015,0.195,0.0,0.01,0.025
16,19,,0.01,0.03,0.09,0.08,0.005,0.0,0.005,0.03,0.035,0.005,0.015,0.015,0.035,0.0,0.07,0.035,0.13,0.005,0.005,0.165,0.01,0.12,0.015,0.045,0.045
16,16,,0.11,0.02,0.005,0.005,0.005,0.02,0.02,0.0,0.075,0.05,0.015,0.01,0.01,0.035,0.03,0.025,0.27,0.0,0.115,0.04,0.005,0.01,0.095,0.01,0.02
16,19,,0.01,0.01,0.045,0.075,0.02,0.005,0.005,0.085,0.06,0.01,0.02,0.015,0.06,0.0,0.065,0.045,0.055,0.02,0.0,0.19,0.005,0.095,0.01,0.08,0.015
16,16,,0.005,0.135,0.0,0.0,0.015,0.015,0.0,0.0,0.005,0.01,0.0,0.0,0.0,0.0,0.045,0.035,0.385,0.0,0.24,0.075,0.005,0.0,0.025,0.0,0.005
17,11,,0.01,0.025,0.02,0.105,0.025,0.0,0.025,0.035,0.03,0.03,0.04,0.115,0.035,0.02,0.045,0.07,0.02,0.08,0.01,0.09,0.01,0.03,0.025,0.03,0.075
17,19,,0.065,0.055,0.0,0.025,0.02,0.01,0.01,0.005,0.075,0.015,0.005,0.005,0.005,0.015,0.045,0.005,0.115,0.01,0.005,0.385,0.005,0.06,0.01,0.01,0.04
17,19,,0.055,0.12,0.005,0.01,0.03,0.0,0.005,0.0,0.05,0.03,0.0,0.015,0.0,0.0,0.075,0.0,0.165,0.01,0.025,0.32,0.0,0.02,0.015,0.01,0.04
17,0,,0.155,0.04,0.025,0.02,0.01,0.005,0.05,0.04,0.05,0.005,0.03,0.005,0.015,0.04,0.035,0.03,0.055,0.0,0.085,0.06,0.045,0.055,0.035,0.08,0.03
17,16,,0.105,0.145,0.005,0.005,0.01,0.01,0.055,0.0,0.03,0.025,0.005,0.01,0.0,0.02,0.08,0.01,0.18,0.0,0.035,0.165,0.005,0.015,0.05,0.01,0.025
17,7,,0.0,0.01,0.025,0.08,0.0,0.0,0.0,0.295,0.02,0.07,0.0,0.035,0.04,0.0,0.01,0.03,0.03,0.025,0.005,0.2,0.015,0.05,0.0,0.035,0.025
17,11,,0.0,0.015,0.015,0.045,0.015,0.005,0.01,0.05,0.01,0.015,0.0,0.385,0.03,0.01,0.025,0.025,0.0,0.015,0.0,0.25,0.01,0.035,0.005,0.02,0.01
17,19,,0.0,0.015,0.01,0.01,0.01,0.0,0.005,0.03,0.06,0.025,0.005,0.0,0.01,0.0,0.035,0.015,0.105,0.005,0.005,0.58,0.0,0.04,0.0,0.015,0.02
17,19,,0.025,0.1,0.0,0.005,0.005,0.005,0.01,0.025,0.025,0.015,0.01,0.005,0.005,0.015,0.04,0.03,0.215,0.0,0.025,0.375,0.01,0.01,0.0,0.01,0.035
17,19,,0.015,0.02,0.005,0.005,0.03,0.0,0.01,0.055,0.025,0.215,0.0,0.025,0.025,0.0,0.005,0.05,0.01,0.21,0.005,0.24,0.005,0.005,0.005,0.01,0.025
18,18,,0.035,0.055,0.005,0.005,0.0,0.0,0.0,0.03,0.015,0.025,0.0,0.0,0.01,0.0,0.01,0.11,0.085,0.005,0.48,0.035,0.0,0.02,0.055,0.005,0.015
18,18,,0.065,0.06,0.005,0.0,0.005,0.015,0.015,0.025,0.02,0.04,0.0,0.0,0.01,0.02,0.035,0.14,0.06,0.01,0.3,0.03,0.005,0.02,0.095,0.0,0.025
18,18,,0.065,0.05,0.015,0.015,0.0,0.005,0.01,0.025,0.03,0.07,0.0,0.005,0.01,0.035,0.045,0.035,0.045,0.005,0.235,0.04,0.025,0.11,0.03,0.015,0.08
18,18,,0.01,0.04,0.01,0.0,0.005,0.0,0.005,0.005,0.005,0.01,0.0,0.0,0.0,0.0,0.02,0.09,0.15,0.005,0.51,0.09,0.0,0.01,0.03,0.0,0.005
18,18,,0.035,0.045,0.01,0.01,0.0,0.02,0.0,0.015,0.015,0.035,0.015,0.005,0.01,0.01,0.03,0.015,0.05,0.0,0.25,0.1,0.025,0.245,0.005,0.02,0.035
18,23,,0.015,0.055,0.035,0.025,0.0,0.0,0.0,0.01,0.02,0.01,0.045,0.05,0.01,0.0,0.045,0.03,0.075,0.0,0.04,0.145,0.025,0.08,0.01,0.24,0.035
18,18,,0.0,0.065,0.01,0.015,0.005,0.005,0.0,0.015,0.02,0.05,0.0,0.0,0.005,0.035,0.02,0.045,0.06,0.005,0.335,0.04,0.04,0.135,0.02,0.015,0.06
18,18,,0.03,0.03,0.005,0.0,0.005,0.01,0.01,0.025,0.015,0.02,0.01,0.005,0.01,0.005,0.01,0.075,0.08,0.005,0.48,0.045,0.01,0.025,0.06,0.02,0.01
18,21,,0.035,0.08,0.015,0.015,0.005,0.005,0.01,0.03,0.04,0.005,0.02,0.03,0.005,0.025,0.04,0.01,0.115,0.0,0.05,0.105,0.065,0.215,0.0,0.04,0.04
18,18,,0.01,0.03,0.005,0.0,0.005,0.015,0.015,0.035,0.01,0.01,0.0,0.01,0.0,0.005,0.03,0.13,0.105,0.01,0.39,0.075,0.01,0.0,0.06,0.015,0.025
18,18,,0.015,0.04,0.005,0.0,0.005,0.01,0.025,0.01,0.01,0.02,0.0,0.01,0.005,0.005,0.03,0.11,0.07,0.01,0.445,0.045,0.01,0.01,0.085,0.015,0.01
18,21,,0.015,0.02,0.01,0.01,0.005,0.015,0.015,0.04,0.02,0.05,0.015,0.035,0.01,0.015,0.02,0.045,0.045,0.0,0.175,0.035,0.04,0.305,0.015,0.005,0.04
18,21,,0.02,0.05,0.01,0.045,0.0,0.01,0.005,0.03,0.05,0.04,0.02,0.005,0.015,0.01,0.045,0.025,0.07,0.005,0.115,0.095,0.025,0.18,0.01,0.015,0.105
18,0,,0.195,0.025,0.005,0.0,0.0,0.01,0.12,0.005,0.035,0.055,0.01,0.0,0.01,0.025,0.025,0.085,0.04,0.005,0.115,0.005,0.01,0.015,0.195,0.0,0.01
19,19,,0.005,0.005,0.02,0.255,0.03,0.0,0.0,0.025,0.03,0.005,0.0,0.005,0.03,0.0,0.015,0.05,0.025,0.0,0.0,0.4,0.0,0.01,0.0,0.055,0.035
19,19,,0.005,0.02,0.03,0.095,0.01,0.005,0.005,0.1,0.005,0.01,0.005,0.105,0.0,0.01,0.025,0.04,0.015,0.0,0.005,0.31,0.01,0.14,0.01,0.01,0.03
19,19,,0.0,0.02,0.0,0.01,0.005,0.0,0.0,0.0,0.005,0.01,0.015,0.0,0.0,0.0,0.005,0.01,0.06,0.0,0.01,0.805,0.0,0.015,0.005,0.015,0.01
19,19,,0.0,0.005,0.015,0.185,0.025,0.0,0.0,0.025,0.025,0.03,0.005,0.005,0.03,0.0,0.03,0.03,0.015,0.015,0.0,0.465,0.005,0.01,0.0,0.025,0.055
19,19,,0.01,0.05,0.005,0.02,0.03,0.0,0.0,0.005,0.05,0.02,0.025,0.0,0.005,0.01,0.04,0.02,0.15,0.0,0.0,0.46,0.015,0.045,0.0,0.02,0.02
19,11,,0.0,0.01,0.0,0.115,0.005,0.005,0.015,0.1,0.0,0.0,0.005,0.495,0.005,0.0,0.015,0.005,0.0,0.0,0.0,0.185,0.005,0.02,0.0,0.015,0.0
19,19,,0.0,0.025,0.0,0.005,0.02,0.0,0.0,0.005,0.0,0.01,0.0,0.0,0.0,0.0,0.005,0.02,0.095,0.0,0.005,0.77,0.0,0.015,0.005,0.005,0.015
19,19,,0.005,0.075,0.005,0.005,0.0,0.0,0.0,0.02,0.005,0.01,0.0,0.0,0.0,0.0,0.02,0.02,0.095,0.005,0.045,0.625,0.005,0.03,0.005,0.01,0.015
19,19,,0.01,0.01,0.005,0.01,0.01,0.0,0.005,0.02,0.01,0.12,0.005,0.015,0.01,0.0,0.005,0.015,0.02,0.09,0.0,0.61,0.0,0.015,0.0,0.0,0.015
19,19,,0.0,0.035,0.01,0.04,0.025,0.02,0.005,0.06,0.0,0.01,0.0,0.27,0.0,0.005,0.015,0.0,0.0,0.0,0.0,0.44,0.0,0.03,0.005,0.025,0.005
19,3,,0.005,0.045,0.025,0.24,0.01,0.0,0.0,0.015,0.025,0.01,0.01,0.05,0.045,0.015,0.025,0.04,0.025,0.005,0.01,0.22,0.01,0.12,0.005,0.025,0.02
19,19,,0.0,0.04,0.02,0.185,0.015,0.01,0.0,0.085,0.015,0.01,0.0,0.035,0.05,0.0,0.01,0.055,0.035,0.01,0.015,0.205,0.02,0.12,0.005,0.02,0.04
19,19,,0.0,0.005,0.005,0.0,0.01,0.0,0.005,0.005,0.0,0.0,0.01,0.0,0.0,0.0,0.015,0.005,0.03,0.01,0.005,0.855,0.01,0.015,0.0,0.01,0.005
19,0,,0.13,0.04,0.015,0.03,0.0,0.085,0.02,0.0,0.065,0.06,0.075,0.0,0.005,0.12,0.04,0.025,0.02,0.0,0.0,0.08,0.075,0.04,0.025,0.03,0.02
19,19,,0.0,0.01,0.025,0.03,0.005,0.0,0.005,0.22,0.0,0.035,0.005,0.005,0.04,0.0,0.01,0.075,0.015,0.015,0.0,0.46,0.0,0.015,0.0,0.03,0.0
19,19,,0.0,0.005,0.005,0.055,0.01,0.015,0.0,0.035,0.005,0.005,0.0,0.34,0.01,0.0,0.01,0.015,0.005,0.0,0.0,0.425,0.01,0.025,0.0,0.02,0.005
19,16,,0.05,0.09,0.0,0.02,0.015,0.01,0.01,0.0,0.01,0.02,0.0,0.0,0.0,0.01,0.08,0.025,0.265,0.02,0.045,0.185,0.0,0.075,0.045,0.01,0.015
19,19,,0.005,0.035,0.005,0.005,0.005,0.005,0.005,0.01,0.0,0.005,0.0,0.0,0.0,0.005,0.01,0.02,0.105,0.0,0.025,0.69,0.015,0.03,0.01,0.01,0.0
19,19,,0.0,0.005,0.03,0.07,0.015,0.0,0.0,0.085,0.025,0.02,0.02,0.015,0.045,0.0,0.0,0.06,0.03,0.01,0.0,0.455,0.0,0.03,0.0,0.06,0.025
19,11,,0.025,0.06,0.015,0.06,0.01,0.045,0.005,0.085,0.035,0.02,0.01,0.175,0.02,0.03,0.065,0.035,0.01,0.01,0.01,0.085,0.025,0.115,0.025,0.015,0.01
19,19,,0.0,0.025,0.005,0.025,0.01,0.0,0.0,0.085,0.01,0.04,0.005,0.005,0.03,0.0,0.01,0.035,0.025,0.015,0.0,0.63,0.01,0.0,0.0,0.01,0.025
19,19,,0.03,0.03,0.01,0.01,0.03,0.01,0.015,0.015,0.045,0.01,0.025,0.015,0.01,0.0,0.04,0.04,0.055,0.005,0.04,0.475,0.015,0.03,0.005,0.025,0.015
19,19,,0.0,0.015,0.015,0.18,0.03,0.0,0.01,0.025,0.035,0.045,0.0,0.01,0.065,0.0,0.035,0.075,0.015,0.01,0.0,0.225,0.005,0.015,0.0,0.04,0.15
19,19,,0.0,0.14,0.0,0.0,0.005,0.0,0.0,0.01,0.005,0.015,0.0,0.0,0.0,0.0,0.02,0.005,0.135,0.01,0.025,0.62,0.0,0.005,0.005,0.0,0.0
19,19,,0.015,0.01,0.005,0.06,0.03,0.01,0.015,0.055,0.025,0.03,0.005,0.06,0.045,0.0,0.02,0.055,0.0,0.025,0.005,0.48,0.0,0.0,0.0,0.01,0.04
19,19,,0.01,0.06,0.0,0.005,0.01,0.0,0.0,0.005,0.02,0.015,0.005,0.0,0.0,0.0,0.02,0.015,0.09,0.005,0.035,0.63,0.01,0.02,0.005,0.01,0.03
19,19,,0.01,0.01,0.015,0.1,0.01,0.0,0.0,0.125,0.01,0.015,0.005,0.005,0.03,0.0,0.015,0.065,0.035,0.01,0.005,0.485,0.005,0.005,0.01,0.015,0.015
19,19,,0.015,0.09,0.0,0.0,0.0,0.0,0.0,0.0,0.005,0.01,0.0,0.0,0.0,0.0,0.03,0.0,0.165,0.01,0.02,0.645,0.0,0.005,0.0,0.0,0.005
19,19,,0.02,0.145,0.0,0.005,0.04,0.0,0.005,0.01,0.01,0.005,0.005,0.005,0.0,0.005,0.015,0.015,0.125,0.01,0.015,0.535,0.01,0.005,0.005,0.01,0.0
19,11,,0.0,0.0,0.005,0.05,0.005,0.0,0.0,0.035,0.0,0.0,0.0,0.6,0.005,0.0,0.005,0.0,0.0,0.005,0.0,0.285,0.0,0.005,0.0,0.0,0.0
19,19,,0.035,0.05,0.005,0.025,0.015,0.0,0.0,0.005,0.02,0.025,0.0,0.0,0.0,0.01,0.025,0.015,0.095,0.01,0.055,0.535,0.0,0.04,0.005,0.005,0.025
19,19,,0.005,0.02,0.0,0.0,0.005,0.0,0.0,0.0,0.01,0.015,0.0,0.0,0.0,0.0,0.0,0.015,0.035,0.005,0.01,0.87,0.0,0.0,0.0,0.0,0.01
19,19,,0.0,0.02,0.0,0.035,0.005,0.0,0.0,0.115,0.015,0.03,0.015,0.005,0.03,0.0,0.005,0.045,0.02,0.01,0.0,0.6,0.0,0.01,0.0,0.02,0.02
19,19,,0.005,0.02,0.0,0.03,0.005,0.0,0.005,0.02,0.005,0.05,0.005,0.0,0.025,0.0,0.02,0.01,0.02,0.01,0.0,0.74,0.0,0.01,0.0,0.0,0.02
19,19,,0.005,0.025,0.005,0.01,0.015,0.0,0.0,0.01,0.02,0.005,0.0,0.0,0.005,0.005,0.025,0.025,0.045,0.0,0.03,0.66,0.005,0.06,0.0,0.035,0.01
19,19,,0.045,0.055,0.0,0.0,0.02,0.005,0.0,0.005,0.0,0.005,0.0,0.0,0.005,0.01,0.015,0.02,0.08,0.0,0.055,0.57,0.0,0.035,0.0,0.045,0.03
19,19,,0.0,0.01,0.01,0.03,0.04,0.005,0.0,0.03,0.015,0.045,0.0,0.11,0.04,0.0,0.015,0.035,0.005,0.015,0.0,0.37,0.0,0.035,0.01,0.105,0.075
19,19,,0.0,0.035,0.005,0.015,0.025,0.0,0.0,0.015,0.0,0.005,0.0,0.01,0.01,0.0,0.02,0.01,0.07,0.005,0.005,0.73,0.01,0.005,0.0,0.01,0.015
19,19,,0.035,0.16,0.0,0.025,0.06,0.01,0.005,0.02,0.015,0.015,0.0,0.015,0.01,0.03,0.09,0.04,0.14,0.005,0.015,0.21,0.005,0.015,0.035,0.015,0.03
19,19,,0.0,0.0,0.03,0.175,0.03,0.0,0.01,0.2,0.005,0.01,0.035,0.005,0.06,0.0,0.0,0.03,0.005,0.005,0.0,0.31,0.0,0.005,0.0,0.075,0.01
19,19,,0.015,0.025,0.045,0.02,0.01,0.015,0.015,0.015,0.05,0.015,0.115,0.02,0.01,0.02,0.065,0.015,0.05,0.0,0.0,0.225,0.065,0.045,0.01,0.115,0.02
19,19,,0.01,0.1,0.01,0.025,0.005,0.0,0.0,0.04,0.0,0.015,0.01,0.005,0.005,0.025,0.045,0.025,0.135,0.0,0.05,0.36,0.015,0.06,0.015,0.01,0.035
19,19,,0.015,0.025,0.0,0.01,0.025,0.0,0.0,0.005,0.025,0.015,0.005,0.005,0.0,0.0,0.02,0.015,0.08,0.01,0.015,0.715,0.005,0.0,0.0,0.005,0.005
19,19,,0.005,0.005,0.01,0.045,0.005,0.005,0.0,0.255,0.01,0.05,0.005,0.01,0.055,0.005,0.0,0.05,0.015,0.02,0.005,0.355,0.0,0.025,0.0,0.025,0.04
19,19,,0.01,0.005,0.015,0.225,0.03,0.0,0.0,0.005,0.025,0.02,0.01,0.0,0.05,0.0,0.02,0.045,0.01,0.015,0.005,0.445,0.0,0.005,0.0,0.015,0.045
19,19,,0.015,0.015,0.0,0.015,0.0,0.0,0.0,0.0,0.015,0.0,0.0,0.0,0.0,0.0,0.015,0.015,0.075,0.0,0.01,0.81,0.005,0.005,0.0,0.0,0.005
19,19,,0.01,0.015,0.02,0.05,0.03,0.0,0.02,0.105,0.015,0.04,0.005,0.085,0.085,0.005,0.015,0.02,0.0,0.02,0.0,0.35,0.0,0.015,0.0,0.045,0.05
19,19,,0.005,0.025,0.0,0.005,0.02,0.0,0.0,0.005,0.005,0.0,0.0,0.0,0.0,0.0,0.005,0.005,0.065,0.0,0.015,0.785,0.0,0.03,0.01,0.005,0.015
19,21,,0.04,0.05,0.075,0.03,0.01,0.085,0.035,0.0,0.04,0.035,0.065,0.01,0.005,0.05,0.055,0.01,0.0,0.0,0.0,0.045,0.05,0.165,0.035,0.11,0.0
19,19,,0.005,0.01,0.01,0.03,0.02,0.005,0.015,0.025,0.015,0.07,0.0,0.02,0.025,0.005,0.005,0.02,0.015,0.085,0.005,0.495,0.0,0.02,0.005,0.025,0.07
19,19,,0.0,0.02,0.0,0.01,0.0,0.0,0.0,0.0,0.005,0.01,0.0,0.0,0.0,0.0,0.01,0.01,0.045,0.0,0.0,0.885,0.0,0.0,0.0,0.0,0.005
19,19,,0.01,0.02,0.01,0.065,0.015,0.0,0.01,0.065,0.035,0.04,0.01,0.015,0.045,0.0,0.08,0.07,0.055,0.055,0.0,0.305,0.0,0.005,0.025,0.01,0.055
19,19,,0.0,0.01,0.0,0.015,0.01,0.0,0.0,0.035,0.0,0.04,0.005,0.0,0.01,0.0,0.005,0.05,0.0,0.005,0.0,0.77,0.0,0.005,0.0,0.015,0.025
19,19,,0.0,0.015,0.02,0.115,0.005,0.0,0.0,0.085,0.005,0.03,0.005,0.005,0.06,0.0,0.015,0.025,0.005,0.005,0.0,0.535,0.0,0.005,0.0,0.035,0.03
19,19,,0.005,0.01,0.005,0.09,0.035,0.0,0.01,0.0,0.075,0.05,0.0,0.0,0.01,0.0,0.015,0.05,0.04,0.02,0.0,0.49,0.0,0.005,0.01,0.0,0.08
19,19,,0.0,0.015,0.0,0.065,0.02,0.0,0.0,0.005,0.01,0.02,0.005,0.005,0.01,0.005,0.015,0.005,0.035,0.005,0.005,0.745,0.0,0.015,0.0,0.005,0.01
19,19,,0.03,0.035,0.005,0.01,0.035,0.01,0.01,0.005,0.035,0.005,0.03,0.005,0.005,0.0,0.03,0.01,0.065,0.005,0.015,0.575,0.01,0.025,0.0,0.04,0.005
19,19,,0.0,0.06,0.0,0.01,0.01,0.0,0.0,0.005,0.005,0.0,0.01,0.0,0.0,0.0,0.015,0.025,0.13,0.0,0.02,0.68,0.0,0.005,0.005,0.005,0.015
19,19,,0.005,0.085,0.005,0.005,0.015,0.0,0.0,0.02,0.025,0.005,0.0,0.0,0.01,0.005,0.015,0.025,0.105,0.005,0.035,0.57,0.01,0.025,0.0,0.005,0.025
19,19,,0.03,0.01,0.01,0.015,0.01,0.0,0.005,0.025,0.025,0.01,0.0,0.01,0.015,0.0,0.02,0.03,0.09,0.005,0.02,0.575,0.015,0.045,0.0,0.01,0.025
19,11,,0.0,0.005,0.0,0.025,0.01,0.0,0.0,0.075,0.0,0.005,0.0,0.43,0.005,0.0,0.005,0.01,0.0,0.0,0.0,0.395,0.0,0.015,0.0,0.015,0.005
19,19,,0.0,0.005,0.01,0.225,0.015,0.0,0.005,0.0,0.045,0.025,0.0,0.0,0.01,0.0,0.02,0.025,0.02,0.02,0.0,0.535,0.005,0.02,0.0,0.01,0.005
19,11,,0.0,0.06,0.025,0.1,0.015,0.025,0.0,0.12,0.005,0.005,0.005,0.285,0.025,0.0,0.0,0.03,0.01,0.0,0.0,0.235,0.0,0.035,0.0,0.015,0.005
19,19,,0.01,0.02,0.01,0.015,0.04,0.005,0.005,0.01,0.075,0.015,0.025,0.0,0.025,0.005,0.025,0.05,0.07,0.015,0.005,0.535,0.005,0.005,0.0,0.02,0.01
19,19,,0.0,0.04,0.005,0.205,0.02,0.0,0.0,0.04,0.015,0.015,0.005,0.12,0.02,0.0,0.03,0.045,0.005,0.0,0.0,0.275,0.01,0.11,0.005,0.015,0.02
19,19,,0.005,0.035,0.0,0.0,0.015,0.0,0.0,0.0,0.005,0.015,0.0,0.0,0.0,0.0,0.015,0.005,0.075,0.005,0.005,0.805,0.0,0.0,0.0,0.0,0.015
19,19,,0.015,0.02,0.005,0.03,0.03,0.005,0.0,0.015,0.02,0.0,0.005,0.005,0.015,0.005,0.025,0.02,0.035,0.0,0.02,0.635,0.015,0.035,0.0,0.02,0.025
19,19,,0.01,0.035,0.0,0.005,0.005,0.0,0.005,0.005,0.01,0.01,0.005,0.01,0.005,0.005,0.01,0.005,0.165,0.0,0.01,0.67,0.005,0.015,0.005,0.0,0.005
19,19,,0.015,0.045,0.015,0.03,0.02,0.0,0.0,0.01,0.035,0.0,0.045,0.005,0.01,0.0,0.025,0.025,0.03,0.0,0.015,0.435,0.03,0.045,0.0,0.14,0.025
19,19,,0.0,0.045,0.02,0.095,0.03,0.0,0.0,0.1,0.005,0.005,0.005,0.165,0.005,0.0,0.03,0.04,0.02,0.0,0.015,0.225,0.025,0.095,0.005,0.045,0.025
19,19,,0.065,0.055,0.015,0.015,0.025,0.005,0.01,0.03,0.055,0.005,0.04,0.0,0.005,0.01,0.05,0.015,0.095,0.0,0.005,0.28,0.01,0.075,0.01,0.05,0.075
19,19,,0.01,0.035,0.0,0.01,0.0,0.0,0.0,0.0,0.005,0.0,0.0,0.0,0.005,0.0,0.01,0.005,0.055,0.005,0.0,0.82,0.005,0.01,0.005,0.005,0.015
19,21,,0.02,0.045,0.06,0.02,0.045,0.055,0.005,0.025,0.055,0.015,0.01,0.09,0.05,0.0,0.06,0.02,0.015,0.01,0.0,0.08,0.0,0.25,0.005,0.04,0.025
19,19,,0.025,0.015,0.015,0.025,0.02,0.005,0.0,0.055,0.0,0.005,0.015,0.005,0.01,0.01,0.01,0.02,0.075,0.0,0.01,0.575,0.015,0.015,0.01,0.04,0.025
19,19,,0.005,0.02,0.005,0.025,0.005,0.0,0.005,0.02,0.01,0.0,0.0,0.0,0.005,0.005,0.025,0.015,0.065,0.0,0.005,0.725,0.0,0.015,0.005,0.015,0.025
19,19,,0.0,0.025,0.02,0.16,0.025,0.015,0.0,0.08,0.005,0.01,0.015,0.025,0.04,0.005,0.03,0.025,0.06,0.0,0.01,0.19,0.02,0.13,0.01,0.045,0.055
19,19,,0.005,0.02,0.01,0.025,0.02,0.0,0.0,0.025,0.02,0.01,0.015,0.0,0.025,0.005,0.01,0.02,0.045,0.005,0.005,0.56,0.025,0.075,0.0,0.055,0.02
19,19,,0.0,0.01,0.01,0.045,0.005,0.0,0.0,0.01,0.025,0.025,0.01,0.0,0.015,0.0,0.01,0.005,0.015,0.0,0.0,0.78,0.0,0.02,0.0,0.0,0.015
19,19,,0.02,0.04,0.0,0.015,0.005,0.0,0.0,0.0,0.01,0.005,0.0,0.0,0.0,0.01,0.005,0.015,0.215,0.005,0.025,0.555,0.01,0.045,0.015,0.0,0.005
19,19,,0.0,0.0,0.01,0.055,0.005,0.0,0.005,0.165,0.01,0.1,0.005,0.025,0.05,0.0,0.0,0.055,0.015,0.01,0.0,0.45,0.01,0.01,0.0,0.01,0.01
20,0,,0.17,0.035,0.01,0.015,0.005,0.005,0.045,0.005,0.075,0.06,0.025,0.03,0.005,0.095,0.08,0.02,0.02,0.005,0.01,0.03,0.06,0.02,0.145,0.01,0.02
20,23,,0.095,0.035,0.02,0.01,0.015,0.065,0.035,0.005,0.055,0.045,0.075,0.045,0.0,0.08,0.035,0.01,0.005,0.005,0.0,0.035,0.1,0.02,0.06,0.12,0.03
20,16,,0.07,0.055,0.01,0.015,0.01,0.01,0.035,0.005,0.075,0.03,0.01,0.01,0.005,0.06,0.08,0.035,0.145,0.0,0.1,0.09,0.01,0.03,0.03,0.03,0.05
20,0,,0.13,0.015,0.005,0.005,0.005,0.095,0.045,0.0,0.08,0.085,0.035,0.01,0.01,0.095,0.07,0.015,0.035,0.005,0.005,0.045,0.055,0.02,0.095,0.0,0.04
20,19,,0.075,0.06,0.015,0.01,0.07,0.025,0.045,0.04,0.015,0.015,0.01,0.005,0.01,0.015,0.075,0.04,0.08,0.01,0.02,0.245,0.01,0.015,0.05,0.015,0.03
20,0,,0.16,0.045,0.0,0.01,0.01,0.07,0.1,0.0,0.065,0.065,0.045,0.015,0.005,0.09,0.065,0.02,0.02,0.0,0.005,0.025,0.05,0.005,0.115,0.0,0.015
20,23,,0.025,0.125,0.035,0.02,0.01,0.005,0.005,0.03,0.04,0.01,0.01,0.015,0.01,0.04,0.065,0.055,0.04,0.0,0.02,0.1,0.05,0.035,0.005,0.21,0.04
20,20,,0.09,0.03,0.04,0.01,0.0,0.05,0.07,0.005,0.09,0.02,0.08,0.01,0.005,0.055,0.055,0.005,0.01,0.0,0.005,0.035,0.135,0.015,0.09,0.075,0.02
20,23,,0.05,0.045,0.02,0.035,0.005,0.01,0.01,0.025,0.05,0.005,0.06,0.01,0.0,0.005,0.01,0.03,0.02,0.0,0.015,0.065,0.07,0.065,0.015,0.345,0.035
20,21,,0.025,0.09,0.11,0.015,0.005,0.015,0.065,0.015,0.03,0.01,0.04,0.04,0.08,0.015,0.035,0.0,0.0,0.005,0.0,0.01,0.1,0.21,0.0,0.08,0.005
20,13,,0.055,0.025,0.005,0.005,0.01,0.135,0.015,0.0,0.08,0.09,0.04,0.0,0.0,0.15,0.085,0.005,0.045,0.0,0.015,0.045,0.05,0.045,0.075,0.0,0.025
20,0,,0.225,0.035,0.005,0.0,0.005,0.1,0.04,0.0,0.03,0.105,0.03,0.01,0.01,0.115,0.085,0.01,0.02,0.0,0.005,0.02,0.025,0.01,0.105,0.005,0.005
20,24,,0.07,0.04,0.015,0.025,0.01,0.05,0.015,0.01,0.07,0.005,0.035,0.02,0.025,0.055,0.115,0.025,0.025,0.0,0.02,0.05,0.06,0.06,0.04,0.04,0.12
21,21,,0.0,0.01,0.125,0.005,0.0,0.0,0.01,0.02,0.0,0.005,0.02,0.02,0.025,0.0,0.0,0.005,0.005,0.0,0.005,0.02,0.01,0.655,0.0,0.06,0.0
21,21,,0.005,0.035,0.025,0.005,0.0,0.0,0.0,0.03,0.0,0.02,0.03,0.02,0.01,0.01,0.03,0.01,0.045,0.015,0.025,0.11,0.025,0.44,0.01,0.03,0.07
21,21,,0.01,0.01,0.03,0.025,0.005,0.025,0.0,0.055,0.01,0.0,0.025,0.04,0.01,0.005,0.02,0.015,0.025,0.005,0.02,0.04,0.045,0.45,0.0,0.07,0.06
21,21,,0.01,0.09,0.11,0.0,0.0,0.025,0.04,0.005,0.0,0.0,0.025,0.015,0.03,0.01,0.045,0.005,0.005,0.0,0.005,0.015,0.005,0.535,0.01,0.015,0.0
21,14,,0.005,0.03,0.065,0.015,0.0,0.045,0.125,0.03,0.03,0.005,0.01,0.085,0.095,0.025,0.18,0.015,0.005,0.015,0.0,0.025,0.035,0.12,0.015,0.005,0.02
21,21,,0.0,0.005,0.1,0.005,0.0,0.0,0.01,0.055,0.01,0.0,0.01,0.045,0.04,0.005,0.0,0.0,0.0,0.0,0.0,0.035,0.005,0.595,0.0,0.08,0.0
21,21,,0.005,0.01,0.11,0.015,0.0,0.0,0.005,0.03,0.015,0.0,0.0,0.01,0.015,0.0,0.01,0.005,0.0,0.0,0.0,0.05,0.01,0.68,0.0,0.015,0.015
21,11,,0.0,0.015,0.01,0.07,0.015,0.005,0.0,0.14,0.005,0.0,0.015,0.36,0.01,0.005,0.015,0.01,0.015,0.0,0.0,0.065,0.025,0.16,0.0,0.025,0.035
21,21,,0.01,0.03,0.005,0.035,0.0,0.02,0.0,0.02,0.03,0.025,0.005,0.015,0.005,0.01,0.035,0.02,0.035,0.0,0.055,0.095,0.025,0.43,0.0,0.055,0.04
21,21,,0.005,0.01,0.08,0.015,0.0,0.005,0.005,0.07,0.005,0.005,0.005,0.025,0.025,0.005,0.005,0.005,0.0,0.0,0.0,0.025,0.005,0.475,0.0,0.22,0.005
21,21,,0.005,0.02,0.02,0.055,0.005,0.005,0.0,0.02,0.03,0.0,0.02,0.025,0.01,0.015,0.035,0.015,0.02,0.0,0.02,0.06,0.05,0.465,0.0,0.06,0.045
21,21,,0.01,0.205,0.135,0.0,0.0,0.005,0.005,0.01,0.02,0.01,0.005,0.06,0.035,0.0,0.04,0.005,0.005,0.005,0.0,0.025,0.02,0.375,0.005,0.015,0.005
21,21,,0.005,0.035,0.095,0.0,0.0,0.015,0.03,0.0,0.01,0.0,0.01,0.03,0.03,0.0,0.02,0.025,0.0,0.005,0.0,0.015,0.02,0.635,0.0,0.02,0.0
21,21,,0.005,0.04,0.01,0.055,0.01,0.02,0.0,0.06,0.005,0.01,0.02,0.035,0.015,0.01,0.01,0.02,0.025,0.005,0.01,0.13,0.05,0.38,0.0,0.025,0.05
21,21,,0.02,0.055,0.005,0.03,0.005,0.01,0.01,0.025,0.02,0.005,0.005,0.0,0.005,0.025,0.015,0.02,0.06,0.0,0.095,0.045,0.035,0.445,0.03,0.005,0.03
21,21,,0.015,0.01,0.015,0.03,0.01,0.0,0.0,0.025,0.015,0.005,0.015,0.005,0.025,0.0,0.005,0.025,0.04,0.005,0.065,0.115,0.02,0.495,0.01,0.025,0.025
21,21,,0.005,0.025,0.09,0.01,0.0,0.005,0.035,0.045,0.005,0.01,0.02,0.07,0.13,0.015,0.015,0.005,0.0,0.0,0.0,0.015,0.015,0.43,0.005,0.05,0.0
21,21,,0.015,0.03,0.015,0.04,0.0,0.025,0.0,0.05,0.025,0.0,0.015,0.01,0.0,0.005,0.02,0.015,0.03,0.0,0.01,0.035,0.015,0.59,0.005,0.015,0.035
21,21,,0.0,0.025,0.11,0.0,0.0,0.0,0.015,0.125,0.0,0.005,0.0,0.02,0.035,0.0,0.005,0.005,0.005,0.0,0.0,0.06,0.005,0.45,0.0,0.13,0.005
21,21,,0.005,0.035,0.075,0.02,0.01,0.005,0.01,0.035,0.02,0.0,0.045,0.025,0.03,0.0,0.025,0.0,0.005,0.0,0.0,0.04,0.005,0.55,0.0,0.055,0.005
21,21,,0.0,0.03,0.115,0.0,0.0,0.0,0.005,0.09,0.005,0.005,0.005,0.03,0.015,0.005,0.0,0.005,0.015,0.0,0.005,0.055,0.0,0.49,0.0,0.125,0.0
21,11,,0.0,0.045,0.01,0.02,0.02,0.035,0.0,0.215,0.01,0.0,0.0,0.305,0.005,0.0,0.005,0.015,0.01,0.0,0.015,0.11,0.0,0.155,0.01,0.01,0.005
21,21,,0.005,0.02,0.01,0.015,0.01,0.02,0.0,0.16,0.015,0.0,0.005,0.12,0.0,0.015,0.015,0.01,0.02,0.0,0.02,0.135,0.01,0.37,0.0,0.005,0.02
21,21,,0.0,0.03,0.14,0.01,0.005,0.0,0.005,0.015,0.0,0.0,0.005,0.265,0.135,0.0,0.005,0.0,0.005,0.0,0.0,0.025,0.0,0.345,0.0,0.01,0.0
21,21,,0.005,0.005,0.005,0.045,0.005,0.015,0.0,0.055,0.02,0.0,0.02,0.03,0.015,0.015,0.03,0.035,0.02,0.0,0.0,0.065,0.04,0.515,0.015,0.015,0.03
21,21,,0.005,0.03,0.015,0.01,0.005,0.01,0.005,0.045,0.015,0.01,0.015,0.015,0.02,0.01,0.025,0.025,0.04,0.0,0.02,0.07,0.025,0.51,0.01,0.03,0.035
21,21,,0.0,0.02,0.075,0.01,0.0,0.0,0.005,0.2,0.005,0.005,0.02,0.05,0.055,0.0,0.0,0.005,0.0,0.0,0.0,0.05,0.0,0.37,0.0,0.125,0.005
21,21,,0.005,0.02,0.01,0.02,0.0,0.01,0.0,0.085,0.01,0.025,0.0,0.06,0.01,0.01,0.03,0.02,0.03,0.0,0.05,0.09,0.025,0.395,0.005,0.03,0.06
21,21,,0.02,0.05,0.075,0.005,0.005,0.03,0.125,0.015,0.035,0.02,0.025,0.02,0.1,0.015,0.045,0.015,0.0,0.01,0.0,0.0,0.035,0.35,0.005,0.0,0.0
21,21,,0.01,0.05,0.17,0.005,0.0,0.01,0.03,0.035,0.01,0.01,0.015,0.025,0.045,0.0,0.02,0.015,0.0,0.0,0.005,0.025,0.02,0.435,0.005,0.05,0.01
21,21,,0.005,0.005,0.09,0.01,0.005,0.0,0.0,0.055,0.0,0.0,0.02,0.02,0.02,0.0,0.005,0.005,0.01,0.005,0.0,0.045,0.0,0.57,0.0,0.12,0.01
21,21,,0.04,0.03,0.0,0.035,0.015,0.005,0.02,0.02,0.035,0.03,0.02,0.02,0.01,0.045,0.065,0.035,0.065,0.0,0.04,0.065,0.05,0.23,0.05,0.015,0.06
21,23,,0.0,0.045,0.05,0.025,0.02,0.0,0.0,0.065,0.01,0.005,0.03,0.01,0.01,0.005,0.025,0.01,0.03,0.005,0.015,0.14,0.015,0.21,0.0,0.265,0.01
21,21,,0.005,0.015,0.225,0.0,0.005,0.0,0.03,0.07,0.005,0.005,0.01,0.07,0.135,0.0,0.02,0.005,0.0,0.02,0.005,0.005,0.005,0.335,0.01,0.02,0.0
21,21,,0.0,0.005,0.065,0.01,0.0,0.005,0.005,0.14,0.0,0.005,0.005,0.09,0.05,0.0,0.01,0.015,0.0,0.005,0.0,0.05,0.005,0.43,0.0,0.1,0.005
21,19,,0.0,0.04,0.05,0.05,0.005,0.0,0.0,0.045,0.01,0.005,0.0,0.0,0.02,0.005,0.045,0.015,0.07,0.0,0.005,0.405,0.01,0.11,0.005,0.085,0.02
21,21,,0.005,0.01,0.03,0.02,0.015,0.005,0.01,0.055,0.025,0.005,0.0,0.015,0.015,0.0,0.01,0.005,0.005,0.0,0.0,0.085,0.0,0.5,0.0,0.175,0.01
21,21,,0.0,0.025,0.105,0.04,0.0,0.005,0.0,0.0,0.015,0.0,0.01,0.08,0.005,0.0,0.005,0.02,0.015,0.0,0.0,0.05,0.02,0.45,0.0,0.135,0.02
21,21,,0.005,0.04,0.005,0.07,0.01,0.005,0.005,0.035,0.015,0.02,0.03,0.025,0.015,0.005,0.04,0.035,0.05,0.0,0.015,0.105,0.03,0.34,0.01,0.06,0.03
21,21,,0.0,0.025,0.125,0.005,0.005,0.0,0.0,0.06,0.0,0.005,0.01,0.035,0.04,0.005,0.0,0.0,0.005,0.005,0.0,0.035,0.005,0.59,0.0,0.04,0.005
21,21,,0.04,0.02,0.015,0.025,0.0,0.025,0.015,0.03,0.055,0.015,0.015,0.04,0.025,0.025,0.095,0.025,0.015,0.0,0.005,0.04,0.05,0.295,0.04,0.035,0.055
21,7,,0.005,0.025,0.03,0.105,0.03,0.005,0.0,0.185,0.005,0.0,0.005,0.065,0.0,0.01,0.06,0.025,0.02,0.005,0.025,0.115,0.045,0.17,0.015,0.01,0.04
21,21,,0.005,0.09,0.035,0.02,0.02,0.005,0.01,0.06,0.02,0.01,0.03,0.025,0.02,0.005,0.035,0.005,0.02,0.0,0.005,0.085,0.01,0.435,0.0,0.035,0.015
21,21,,0.0,0.035,0.01,0.02,0.015,0.025,0.0,0.03,0.005,0.045,0.005,0.015,0.0,0.01,0.01,0.02,0.06,0.0,0.08,0.03,0.025,0.505,0.01,0.0,0.045
21,21,,0.025,0.01,0.015,0.035,0.005,0.01,0.005,0.035,0.01,0.02,0.005,0.025,0.005,0.015,0.02,0.015,0.03,0.0,0.005,0.06,0.015,0.58,0.02,0.005,0.03
21,21,,0.015,0.04,0.115,0.025,0.0,0.02,0.015,0.045,0.02,0.005,0.015,0.04,0.035,0.005,0.05,0.0,0.005,0.01,0.005,0.02,0.025,0.46,0.0,0.025,0.005
21,11,,0.005,0.02,0.03,0.05,0.01,0.005,0.0,0.135,0.0,0.0,0.005,0.53,0.01,0.0,0.01,0.005,0.005,0.0,0.0,0.075,0.005,0.075,0.0,0.015,0.01
21,11,,0.005,0.03,0.01,0.025,0.045,0.035,0.0,0.145,0.005,0.005,0.0,0.305,0.01,0.02,0.02,0.005,0.015,0.0,0.0,0.17,0.005,0.12,0.01,0.01,0.005
21,21,,0.0,0.015,0.1,0.02,0.005,0.0,0.015,0.16,0.01,0.0,0.01,0.02,0.015,0.005,0.0,0.0,0.0,0.0,0.0,0.035,0.005,0.31,0.0,0.27,0.005
21,21,,0.005,0.12,0.105,0.015,0.0,0.005,0.005,0.015,0.035,0.005,0.015,0.03,0.01,0.005,0.035,0.01,0.015,0.0,0.0,0.005,0.03,0.445,0.0,0.065,0.025
21,21,,0.0,0.045,0.03,0.015,0.03,0.03,0.0,0.07,0.01,0.005,0.005,0.04,0.01,0.0,0.02,0.02,0.02,0.0,0.0,0.1,0.03,0.475,0.005,0.015,0.025
21,21,,0.01,0.055,0.005,0.035,0.005,0.01,0.0,0.03,0.02,0.005,0.005,0.02,0.015,0.01,0.03,0.02,0.055,0.0,0.035,0.145,0.03,0.355,0.0,0.035,0.07
21,21,,0.0,0.115,0.13,0.03,0.005,0.03,0.05,0.015,0.02,0.015,0.015,0.015,0.045,0.01,0.055,0.0,0.0,0.005,0.0,0.01,0.02,0.395,0.005,0.015,0.0
21,21,,0.005,0.03,0.07,0.005,0.0,0.005,0.0,0.02,0.01,0.005,0.005,0.035,0.01,0.0,0.005,0.0,0.01,0.0,0.0,0.015,0.005,0.67,0.0,0.085,0.01
21,21,,0.03,0.02,0.005,0.0,0.0,0.005,0.0,0.015,0.02,0.005,0.005,0.0,0.01,0.01,0.005,0.0,0.06,0.0,0.09,0.065,0.025,0.565,0.01,0.02,0.035
22,22,,0.05,0.0,0.005,0.0,0.01,0.025,0.09,0.025,0.015,0.03,0.015,0.015,0.035,0.005,0.015,0.065,0.025,0.03,0.075,0.005,0.02,0.025,0.42,0.0,0.0
22,22,,0.065,0.115,0.005,0.02,0.005,0.03,0.025,0.01,0.04,0.01,0.01,0.055,0.0,0.07,0.12,0.01,0.01,0.0,0.005,0.03,0.045,0.025,0.26,0.01,0.025
22,22,,0.055,0.005,0.0,0.0,0.005,0.015,0.045,0.015,0.035,0.025,0.005,0.01,0.005,0.01,0.015,0.1,0.02,0.005,0.135,0.005,0.005,0.01,0.47,0.0,0.005
22,22,,0.05,0.005,0.0,0.01,0.005,0.02,0.08,0.02,0.02,0.015,0.0,0.0,0.03,0.015,0.025,0.07,0.03,0.02,0.085,0.0,0.015,0.025,0.46,0.0,0.0
22,19,,0.055,0.095,0.0,0.035,0.04,0.005,0.005,0.015,0.07,0.02,0.025,0.015,0.01,0.01,0.06,0.025,0.105,0.0,0.015,0.18,0.015,0.06,0.07,0.01,0.06
22,22,,0.045,0.0,0.0,0.0,0.01,0.01,0.055,0.01,0.02,0.015,0.005,0.0,0.02,0.0,0.015,0.095,0.015,0.03,0.095,0.005,0.02,0.01,0.51,0.005,0.01
22,22,,0.055,0.03,0.005,0.025,0.005,0.045,0.03,0.03,0.03,0.03,0.01,0.045,0.0,0.15,0.105,0.03,0.01,0.005,0.005,0.045,0.015,0.025,0.23,0.0,0.04
22,22,,0.05,0.0,0.015,0.01,0.005,0.005,0.045,0.015,0.015,0.01,0.0,0.0,0.015,0.025,0.02,0.135,0.02,0.01,0.18,0.02,0.015,0.015,0.365,0.0,0.01
22,22,,0.15,0.025,0.005,0.015,0.015,0.085,0.01,0.0,0.09,0.03,0.01,0.035,0.0,0.06,0.12,0.005,0.01,0.015,0.005,0.03,0.03,0.035,0.165,0.015,0.04
22,22,,0.055,0.01,0.0,0.0,0.005,0.005,0.02,0.015,0.02,0.015,0.005,0.01,0.0,0.015,0.01,0.16,0.02,0.015,0.19,0.01,0.015,0.01,0.375,0.0,0.02
22,22,,0.06,0.025,0.0,0.005,0.005,0.02,0.085,0.01,0.015,0.02,0.005,0.01,0.005,0.01,0.015,0.085,0.02,0.02,0.115,0.005,0.025,0.01,0.43,0.0,0.0
22,14,,0.055,0.04,0.005,0.005,0.015,0.1,0.045,0.015,0.045,0.025,0.05,0.05,0.01,0.065,0.185,0.01,0.0,0.005,0.0,0.025,0.04,0.025,0.13,0.005,0.05
22,22,,0.03,0.005,0.0,0.01,0.01,0.01,0.035,0.025,0.015,0.025,0.0,0.0,0.015,0.015,0.025,0.095,0.025,0.01,0.235,0.02,0.015,0.01,0.37,0.0,0.0
22,22,,0.05,0.02,0.005,0.015,0.005,0.095,0.035,0.015,0.06,0.01,0.045,0.03,0.01,0.06,0.155,0.01,0.015,0.005,0.0,0.04,0.04,0.04,0.22,0.0,0.02
23,7,,0.0,0.03,0.01,0.125,0.025,0.015,0.0,0.205,0.005,0.0,0.005,0.19,0.015,0.005,0.03,0.025,0.015,0.0,0.005,0.165,0.015,0.065,0.01,0.025,0.015
23,23,,0.005,0.015,0.01,0.01,0.0,0.005,0.0,0.005,0.01,0.005,0.02,0.0,0.0,0.005,0.0,0.01,0.005,0.0,0.005,0.025,0.0,0.03,0.0,0.83,0.005
23,23,,0.0,0.015,0.025,0.02,0.01,0.005,0.005,0.05,0.0,0.005,0.01,0.01,0.0,0.0,0.005,0.015,0.005,0.005,0.0,0.045,0.005,0.1,0.0,0.655,0.01
23,23,,0.01,0.02,0.045,0.02,0.01,0.0,0.005,0.08,0.01,0.0,0.025,0.005,0.015,0.0,0.005,0.02,0.02,0.005,0.005,0.065,0.01,0.07,0.0,0.535,0.02
23,23,,0.005,0.005,0.055,0.01,0.0,0.0,0.0,0.055,0.0,0.0,0.005,0.045,0.01,0.0,0.0,0.02,0.0,0.0,0.0,0.085,0.0,0.09,0.0,0.61,0.005
23,23,,0.0,0.005,0.02,0.02,0.01,0.0,0.0,0.045,0.0,0.0,0.025,0.015,0.02,0.0,0.005,0.005,0.015,0.0,0.0,0.065,0.0,0.075,0.0,0.67,0.005
23,23,,0.005,0.01,0.035,0.005,0.01,0.0,0.0,0.015,0.02,0.005,0.01,0.005,0.005,0.005,0.005,0.0,0.02,0.0,0.005,0.035,0.0,0.05,0.0,0.75,0.005
23,11,,0.0,0.015,0.0,0.015,0.005,0.0,0.005,0.055,0.0,0.01,0.01,0.465,0.02,0.0,0.005,0.005,0.005,0.005,0.0,0.16,0.0,0.03,0.0,0.17,0.02
23,23,,0.005,0.025,0.12,0.02,0.005,0.0,0.0,0.03,0.01,0.0,0.08,0.03,0.015,0.005,0.005,0.02,0.0,0.0,0.0,0.01,0.03,0.06,0.0,0.52,0.01
23,23,,0.005,0.02,0.045,0.035,0.015,0.0,0.005,0.05,0.005,0.025,0.0,0.2,0.025,0.0,0.01,0.01,0.01,0.035,0.005,0.205,0.0,0.035,0.0,0.22,0.04
23,23,,0.01,0.005,0.065,0.04,0.01,0.0,0.005,0.145,0.01,0.04,0.005,0.04,0.035,0.0,0.0,0.03,0.01,0.04,0.0,0.145,0.0,0.095,0.0,0.265,0.005
23,23,,0.0,0.005,0.055,0.01,0.0,0.005,0.005,0.0,0.01,0.0,0.05,0.005,0.005,0.0,0.0,0.015,0.0,0.0,0.005,0.03,0.015,0.03,0.0,0.75,0.005
23,12,,0.01,0.015,0.105,0.045,0.015,0.0,0.095,0.1,0.035,0.01,0.03,0.015,0.13,0.01,0.02,0.045,0.025,0.015,0.01,0.105,0.025,0.08,0.015,0.035,0.01
23,23,,0.0,0.01,0.045,0.02,0.005,0.005,0.0,0.11,0.0,0.015,0.0,0.155,0.085,0.005,0.005,0.045,0.0,0.0,0.0,0.145,0.0,0.075,0.0,0.27,0.005
23,23,,0.005,0.005,0.035,0.02,0.0,0.005,0.015,0.0,0.01,0.0,0.025,0.015,0.01,0.005,0.045,0.01,0.0,0.0,0.0,0.0,0.035,0.025,0.025,0.705,0.005
23,23,,0.005,0.015,0.02,0.03,0.005,0.0,0.015,0.06,0.0,0.005,0.0,0.115,0.005,0.0,0.01,0.02,0.0,0.005,0.0,0.095,0.005,0.03,0.0,0.55,0.01
23,23,,0.02,0.025,0.12,0.035,0.005,0.01,0.005,0.01,0.01,0.005,0.105,0.005,0.005,0.01,0.025,0.005,0.0,0.0,0.0,0.06,0.025,0.06,0.005,0.445,0.005
23,23,,0.0,0.0,0.015,0.015,0.01,0.0,0.0,0.04,0.005,0.02,0.02,0.235,0.05,0.005,0.01,0.065,0.005,0.0,0.0,0.12,0.0,0.025,0.0,0.305,0.055
23,23,,0.0,0.01,0.145,0.035,0.005,0.0,0.03,0.0,0.01,0.0,0.045,0.0,0.015,0.005,0.0,0.015,0.005,0.0,0.0,0.01,0.02,0.08,0.0,0.565,0.005
23,23,,0.01,0.0,0.0,0.005,0.005,0.0,0.0,0.005,0.0,0.0,0.02,0.0,0.0,0.0,0.005,0.0,0.0,0.0,0.0,0.005,0.0,0.02,0.0,0.925,0.0
23,11,,0.0,0.02,0.01,0.01,0.0,0.005,0.0,0.04,0.0,0.0,0.0,0.745,0.0,0.0,0.005,0.0,0.0,0.0,0.0,0.075,0.0,0.01,0.0,0.075,0.005
23,23,,0.0,0.005,0.085,0.0,0.01,0.01,0.005,0.0,0.01,0.0,0.025,0.0,0.0,0.0,0.0,0.005,0.005,0.0,0.0,0.035,0.01,0.05,0.0,0.74,0.005
23,23,,0.0,0.025,0.07,0.02,0.005,0.005,0.0,0.05,0.01,0.005,0.005,0.01,0.005,0.0,0.01,0.025,0.01,0.0,0.0,0.13,0.02,0.055,0.0,0.51,0.03
23,23,,0.025,0.035,0.09,0.0,0.0,0.01,0.025,0.01,0.015,0.0,0.055,0.015,0.015,0.01,0.025,0.005,0.0,0.0,0.005,0.015,0.035,0.11,0.01,0.49,0.0
23,23,,0.0,0.005,0.075,0.005,0.0,0.0,0.01,0.005,0.0,0.0,0.055,0.005,0.02,0.005,0.005,0.0,0.0,0.0,0.0,0.0,0.005,0.03,0.0,0.77,0.005
23,23,,0.0,0.0,0.045,0.005,0.005,0.005,0.005,0.015,0.0,0.0,0.02,0.0,0.0,0.0,0.01,0.015,0.0,0.0,0.0,0.045,0.0,0.02,0.0,0.81,0.0
23,23,,0.0,0.0,0.025,0.01,0.0,0.0,0.0,0.015,0.005,0.0,0.005,0.0,0.005,0.0,0.0,0.015,0.01,0.0,0.005,0.075,0.005,0.04,0.0,0.78,0.005
23,11,,0.0,0.02,0.02,0.04,0.005,0.0,0.005,0.065,0.0,0.0,0.005,0.365,0.02,0.0,0.0,0.01,0.0,0.0,0.0,0.075,0.0,0.01,0.0,0.36,0.0
23,23,,0.0,0.01,0.065,0.005,0.015,0.005,0.005,0.04,0.005,0.02,0.01,0.135,0.03,0.0,0.0,0.025,0.0,0.005,0.005,0.095,0.01,0.085,0.0,0.425,0.005
23,23,,0.0,0.005,0.045,0.01,0.01,0.0,0.0,0.07,0.01,0.025,0.015,0.12,0.03,0.0,0.0,0.02,0.01,0.005,0.005,0.095,0.0,0.115,0.0,0.395,0.015
23,23,,0.0,0.03,0.05,0.045,0.02,0.0,0.005,0.06,0.025,0.04,0.015,0.025,0.04,0.0,0.015,0.09,0.02,0.015,0.005,0.16,0.005,0.06,0.0,0.205,0.07
23,23,,0.005,0.015,0.085,0.015,0.02,0.005,0.005,0.03,0.005,0.005,0.06,0.035,0.045,0.005,0.01,0.03,0.005,0.01,0.005,0.02,0.015,0.06,0.0,0.505,0.005
24,24,,0.0,0.025,0.015,0.215,0.045,0.0,0.0,0.015,0.035,0.01,0.02,0.015,0.025,0.0,0.03,0.065,0.045,0.005,0.0,0.16,0.0,0.005,0.01,0.01,0.25
24,21,,0.03,0.045,0.015,0.025,0.01,0.01,0.0,0.015,0.03,0.035,0.03,0.0,0.015,0.025,0.055,0.035,0.035,0.0,0.08,0.07,0.035,0.26,0.03,0.06,0.055
24,5,,0.095,0.02,0.005,0.0,0.005,0.255,0.03,0.005,0.055,0.08,0.01,0.01,0.015,0.06,0.065,0.005,0.0,0.0,0.01,0.01,0.08,0.01,0.02,0.005,0.15
24,5,,0.045,0.025,0.01,0.0,0.0,0.265,0.025,0.02,0.005,0.075,0.025,0.01,0.0,0.085,0.035,0.005,0.025,0.0,0.02,0.04,0.045,0.05,0.005,0.02,0.165
24,19,,0.01,0.09,0.015,0.025,0.05,0.015,0.0,0.085,0.01,0.03,0.0,0.095,0.0,0.035,0.025,0.055,0.025,0.01,0.03,0.235,0.0,0.045,0.015,0.04,0.06
24,21,,0.01,0.045,0.025,0.035,0.0,0.01,0.015,0.025,0.095,0.015,0.03,0.01,0.02,0.01,0.1,0.015,0.035,0.0,0.01,0.04,0.12,0.17,0.01,0.06,0.095
24,19,,0.0,0.06,0.01,0.08,0.05,0.0,0.0,0.015,0.04,0.02,0.03,0.015,0.04,0.0,0.065,0.04,0.055,0.005,0.0,0.255,0.005,0.0,0.005,0.01,0.2
24,24,,0.005,0.015,0.005,0.105,0.03,0.0,0.0,0.005,0.045,0.04,0.015,0.0,0.025,0.0,0.065,0.055,0.025,0.02,0.0,0.195,0.005,0.0,0.0,0.005,0.34
24,19,,0.005,0.015,0.01,0.235,0.025,0.0,0.0,0.005,0.05,0.03,0.01,0.01,0.03,0.0,0.055,0.07,0.01,0.005,0.0,0.245,0.0,0.005,0.005,0.025,0.155
24,5,,0.065,0.03,0.005,0.01,0.0,0.18,0.02,0.0,0.045,0.16,0.01,0.025,0.005,0.06,0.14,0.0,0.005,0.005,0.0,0.005,0.105,0.01,0.055,0.0,0.06
