Wafer,STC,TEST,0,MILLISECONDS,Generated by run_classification_experiment on 08/14/2024, 15:28:57. Encoder dictionary: {'-1': 0, '1': 1}
{'batch_size': 100, 'contract_max_n_shapelet_samples': inf, 'estimator': None, 'max_shapelet_length': None, 'max_shapelets': None, 'n_jobs': 1, 'n_shapelet_samples': 5000, 'random_state': 0, 'shapelet_quality': 'INFO_GAIN', 'time_limit_in_minutes': 0, 'transform_limit_in_minutes': 0}
1.0,377395,163008,-1,109043712,2,N/A,-1,-1
1,1,,0.0,1.0
1,1,,0.0,1.0
1,1,,0.0,1.0
1,1,,0.0,1.0
1,1,,0.0,1.0
1,1,,0.0,1.0
0,0,,1.0,0.0
1,1,,0.0,1.0
1,1,,0.0,1.0
1,1,,0.0,1.0
1,1,,0.0,1.0
1,1,,0.0,1.0
1,1,,0.0,1.0
1,1,,0.0,1.0
1,1,,0.0,1.0
1,1,,0.0,1.0
1,1,,0.0,1.0
1,1,,0.0,1.0
1,1,,0.005,0.995
1,1,,0.0,1.0
1,1,,0.0,1.0
1,1,,0.0,1.0
1,1,,0.0,1.0
1,1,,0.0,1.0
1,1,,0.0,1.0
1,1,,0.0,1.0
1,1,,0.0,1.0
1,1,,0.0,1.0
1,1,,0.0,1.0
1,1,,0.0,1.0
1,1,,0.0,1.0
1,1,,0.0,1.0
1,1,,0.0,1.0
1,1,,0.0,1.0
1,1,,0.0,1.0
1,1,,0.0,1.0
1,1,,0.0,1.0
1,1,,0.0,1.0
1,1,,0.0,1.0
1,1,,0.0,1.0
1,1,,0.0,1.0
1,1,,0.0,1.0
1,1,,0.0,1.0
1,1,,0.0,1.0
1,1,,0.0,1.0
1,1,,0.0,1.0
1,1,,0.0,1.0
1,1,,0.0,1.0
1,1,,0.0,1.0
1,1,,0.0,1.0
1,1,,0.0,1.0
1,1,,0.0,1.0
1,1,,0.0,1.0
1,1,,0.0,1.0
1,1,,0.0,1.0
1,1,,0.0,1.0
1,1,,0.0,1.0
1,1,,0.0,1.0
1,1,,0.0,1.0
1,1,,0.0,1.0
0,0,,1.0,0.0
1,1,,0.0,1.0
1,1,,0.0,1.0
1,1,,0.0,1.0
1,1,,0.0,1.0
1,1,,0.0,1.0
1,1,,0.0,1.0
1,1,,0.0,1.0
1,1,,0.09,0.91
1,1,,0.0,1.0
1,1,,0.0,1.0
1,1,,0.0,1.0
1,1,,0.0,1.0
1,1,,0.0,1.0
1,1,,0.0,1.0
0,0,,1.0,0.0
1,1,,0.0,1.0
1,1,,0.0,1.0
1,1,,0.0,1.0
1,1,,0.0,1.0
1,1,,0.0,1.0
1,1,,0.0,1.0
1,1,,0.0,1.0
0,0,,1.0,0.0
1,1,,0.0,1.0
1,1,,0.0,1.0
1,1,,0.0,1.0
1,1,,0.0,1.0
0,0,,1.0,0.0
1,1,,0.0,1.0
1,1,,0.0,1.0
1,1,,0.0,1.0
1,1,,0.0,1.0
1,1,,0.0,1.0
1,1,,0.0,1.0
1,1,,0.0,1.0
1,1,,0.0,1.0
1,1,,0.0,1.0
1,1,,0.0,1.0
1,1,,0.0,1.0
1,1,,0.0,1.0
1,1,,0.0,1.0
1,1,,0.0,1.0
1,1,,0.0,1.0
0,0,,1.0,0.0
1,1,,0.0,1.0
1,1,,0.0,1.0
1,1,,0.0,1.0
1,1,,0.0,1.0
1,1,,0.0,1.0
0,0,,1.0,0.0
1,1,,0.0,1.0
1,1,,0.0,1.0
1,1,,0.0,1.0
1,1,,0.0,1.0
1,1,,0.0,1.0
1,1,,0.0,1.0
1,1,,0.0,1.0
1,1,,0.0,1.0
1,1,,0.0,1.0
1,1,,0.0,1.0
1,1,,0.0,1.0
0,0,,1.0,0.0
1,1,,0.0,1.0
1,1,,0.0,1.0
1,1,,0.0,1.0
1,1,,0.0,1.0
1,1,,0.0,1.0
1,1,,0.0,1.0
1,1,,0.0,1.0
1,1,,0.0,1.0
0,0,,1.0,0.0
1,1,,0.0,1.0
1,1,,0.0,1.0
1,1,,0.0,1.0
0,0,,1.0,0.0
1,1,,0.0,1.0
1,1,,0.0,1.0
1,1,,0.0,1.0
1,1,,0.0,1.0
1,1,,0.0,1.0
1,1,,0.0,1.0
1,1,,0.0,1.0
1,1,,0.0,1.0
1,1,,0.0,1.0
1,1,,0.0,1.0
1,1,,0.0,1.0
0,0,,1.0,0.0
1,1,,0.0,1.0
1,1,,0.0,1.0
1,1,,0.0,1.0
1,1,,0.0,1.0
1,1,,0.0,1.0
1,1,,0.0,1.0
0,0,,1.0,0.0
1,1,,0.0,1.0
1,1,,0.0,1.0
1,1,,0.0,1.0
1,1,,0.0,1.0
1,1,,0.0,1.0
1,1,,0.0,1.0
1,1,,0.0,1.0
1,1,,0.0,1.0
0,0,,1.0,0.0
1,1,,0.0,1.0
1,1,,0.0,1.0
1,1,,0.0,1.0
1,1,,0.0,1.0
1,1,,0.0,1.0
1,1,,0.0,1.0
1,1,,0.0,1.0
1,1,,0.0,1.0
1,1,,0.0,1.0
1,1,,0.0,1.0
1,1,,0.0,1.0
1,1,,0.0,1.0
1,1,,0.0,1.0
1,1,,0.0,1.0
1,1,,0.0,1.0
1,1,,0.0,1.0
1,1,,0.0,1.0
1,1,,0.0,1.0
1,1,,0.0,1.0
1,1,,0.0,1.0
1,1,,0.0,1.0
1,1,,0.0,1.0
1,1,,0.0,1.0
1,1,,0.0,1.0
1,1,,0.0,1.0
1,1,,0.0,1.0
1,1,,0.0,1.0
1,1,,0.0,1.0
1,1,,0.0,1.0
1,1,,0.0,1.0
1,1,,0.0,1.0
1,1,,0.0,1.0
1,1,,0.0,1.0
1,1,,0.0,1.0
1,1,,0.0,1.0
1,1,,0.0,1.0
1,1,,0.0,1.0
0,0,,1.0,0.0
1,1,,0.0,1.0
0,0,,1.0,0.0
0,0,,1.0,0.0
1,1,,0.0,1.0
1,1,,0.0,1.0
1,1,,0.0,1.0
1,1,,0.0,1.0
1,1,,0.0,1.0
1,1,,0.0,1.0
1,1,,0.0,1.0
1,1,,0.0,1.0
1,1,,0.0,1.0
1,1,,0.0,1.0
1,1,,0.0,1.0
0,0,,1.0,0.0
1,1,,0.0,1.0
1,1,,0.0,1.0
1,1,,0.0,1.0
0,0,,1.0,0.0
1,1,,0.0,1.0
1,1,,0.0,1.0
0,0,,1.0,0.0
1,1,,0.0,1.0
1,1,,0.0,1.0
1,1,,0.0,1.0
1,1,,0.0,1.0
0,0,,0.995,0.005
1,1,,0.0,1.0
1,1,,0.0,1.0
1,1,,0.0,1.0
1,1,,0.0,1.0
1,1,,0.0,1.0
1,1,,0.0,1.0
1,1,,0.0,1.0
0,0,,1.0,0.0
1,1,,0.0,1.0
1,1,,0.0,1.0
1,1,,0.0,1.0
1,1,,0.0,1.0
0,0,,1.0,0.0
1,1,,0.0,1.0
1,1,,0.0,1.0
1,1,,0.0,1.0
1,1,,0.0,1.0
0,0,,1.0,0.0
1,1,,0.0,1.0
1,1,,0.0,1.0
1,1,,0.0,1.0
1,1,,0.0,1.0
1,1,,0.0,1.0
1,1,,0.0,1.0
1,1,,0.0,1.0
0,0,,1.0,0.0
1,1,,0.0,1.0
1,1,,0.0,1.0
1,1,,0.0,1.0
1,1,,0.0,1.0
1,1,,0.0,1.0
1,1,,0.0,1.0
1,1,,0.0,1.0
1,1,,0.0,1.0
0,0,,1.0,0.0
1,1,,0.0,1.0
1,1,,0.0,1.0
1,1,,0.0,1.0
0,0,,1.0,0.0
1,1,,0.0,1.0
0,0,,1.0,0.0
1,1,,0.0,1.0
1,1,,0.0,1.0
1,1,,0.0,1.0
1,1,,0.0,1.0
1,1,,0.0,1.0
1,1,,0.0,1.0
1,1,,0.0,1.0
1,1,,0.0,1.0
1,1,,0.0,1.0
1,1,,0.0,1.0
1,1,,0.0,1.0
1,1,,0.0,1.0
1,1,,0.0,1.0
1,1,,0.0,1.0
1,1,,0.0,1.0
1,1,,0.0,1.0
1,1,,0.0,1.0
1,1,,0.0,1.0
0,0,,1.0,0.0
1,1,,0.0,1.0
1,1,,0.0,1.0
1,1,,0.0,1.0
1,1,,0.0,1.0
1,1,,0.0,1.0
1,1,,0.0,1.0
1,1,,0.0,1.0
1,1,,0.0,1.0
0,0,,1.0,0.0
1,1,,0.0,1.0
1,1,,0.0,1.0
1,1,,0.0,1.0
1,1,,0.0,1.0
1,1,,0.0,1.0
1,1,,0.0,1.0
1,1,,0.0,1.0
1,1,,0.0,1.0
1,1,,0.0,1.0
1,1,,0.0,1.0
1,1,,0.0,1.0
1,1,,0.0,1.0
1,1,,0.0,1.0
1,1,,0.0,1.0
1,1,,0.0,1.0
1,1,,0.0,1.0
1,1,,0.0,1.0
1,1,,0.0,1.0
0,0,,1.0,0.0
1,1,,0.0,1.0
1,1,,0.0,1.0
1,1,,0.0,1.0
1,1,,0.0,1.0
1,1,,0.0,1.0
1,1,,0.0,1.0
1,1,,0.0,1.0
1,1,,0.0,1.0
1,1,,0.0,1.0
1,1,,0.0,1.0
1,1,,0.0,1.0
1,1,,0.0,1.0
1,1,,0.0,1.0
1,1,,0.0,1.0
1,1,,0.0,1.0
1,1,,0.0,1.0
1,1,,0.0,1.0
0,0,,1.0,0.0
1,1,,0.0,1.0
1,1,,0.0,1.0
1,1,,0.0,1.0
1,1,,0.0,1.0
1,1,,0.0,1.0
1,1,,0.0,1.0
1,1,,0.0,1.0
1,1,,0.0,1.0
1,1,,0.0,1.0
1,1,,0.0,1.0
0,0,,1.0,0.0
1,1,,0.0,1.0
1,1,,0.0,1.0
1,1,,0.0,1.0
1,1,,0.0,1.0
1,1,,0.0,1.0
1,1,,0.0,1.0
0,0,,0.91,0.09
1,1,,0.0,1.0
1,1,,0.0,1.0
0,0,,1.0,0.0
1,1,,0.0,1.0
1,1,,0.0,1.0
1,1,,0.0,1.0
1,1,,0.0,1.0
1,1,,0.0,1.0
1,1,,0.0,1.0
1,1,,0.0,1.0
1,1,,0.0,1.0
1,1,,0.0,1.0
0,0,,1.0,0.0
1,1,,0.0,1.0
0,0,,1.0,0.0
1,1,,0.0,1.0
1,1,,0.0,1.0
1,1,,0.0,1.0
0,0,,1.0,0.0
0,0,,0.995,0.005
0,0,,1.0,0.0
1,1,,0.0,1.0
1,1,,0.0,1.0
1,1,,0.0,1.0
1,1,,0.0,1.0
1,1,,0.0,1.0
1,1,,0.0,1.0
1,1,,0.0,1.0
0,0,,1.0,0.0
0,0,,1.0,0.0
0,0,,0.955,0.045
0,0,,1.0,0.0
1,1,,0.0,1.0
1,1,,0.0,1.0
1,1,,0.0,1.0
1,1,,0.0,1.0
1,1,,0.0,1.0
0,0,,1.0,0.0
1,1,,0.0,1.0
1,1,,0.0,1.0
1,1,,0.0,1.0
1,1,,0.0,1.0
1,1,,0.0,1.0
1,1,,0.0,1.0
1,1,,0.0,1.0
1,1,,0.0,1.0
1,1,,0.0,1.0
1,1,,0.0,1.0
1,1,,0.0,1.0
1,1,,0.0,1.0
1,1,,0.0,1.0
1,1,,0.0,1.0
1,1,,0.0,1.0
1,1,,0.0,1.0
1,1,,0.0,1.0
1,1,,0.0,1.0
1,1,,0.0,1.0
1,1,,0.0,1.0
1,1,,0.0,1.0
1,1,,0.0,1.0
1,1,,0.0,1.0
1,1,,0.0,1.0
1,1,,0.0,1.0
1,1,,0.0,1.0
0,0,,1.0,0.0
0,0,,1.0,0.0
0,0,,1.0,0.0
1,1,,0.0,1.0
1,1,,0.0,1.0
1,1,,0.0,1.0
0,0,,1.0,0.0
1,1,,0.0,1.0
1,1,,0.0,1.0
1,1,,0.0,1.0
1,1,,0.0,1.0
0,0,,1.0,0.0
1,1,,0.0,1.0
1,1,,0.0,1.0
1,1,,0.0,1.0
1,1,,0.0,1.0
0,0,,1.0,0.0
1,1,,0.0,1.0
1,1,,0.0,1.0
1,1,,0.0,1.0
1,1,,0.0,1.0
1,1,,0.0,1.0
1,1,,0.0,1.0
1,1,,0.0,1.0
1,1,,0.0,1.0
0,0,,0.97,0.03
0,0,,1.0,0.0
0,0,,1.0,0.0
1,1,,0.0,1.0
1,1,,0.0,1.0
1,1,,0.0,1.0
1,1,,0.0,1.0
1,1,,0.0,1.0
1,1,,0.0,1.0
1,1,,0.0,1.0
1,1,,0.0,1.0
1,1,,0.0,1.0
1,1,,0.0,1.0
1,1,,0.0,1.0
1,1,,0.0,1.0
1,1,,0.0,1.0
1,1,,0.0,1.0
1,1,,0.0,1.0
1,1,,0.0,1.0
1,1,,0.0,1.0
1,1,,0.0,1.0
1,1,,0.0,1.0
1,1,,0.0,1.0
1,1,,0.005,0.995
1,1,,0.0,1.0
1,1,,0.0,1.0
1,1,,0.0,1.0
1,1,,0.0,1.0
1,1,,0.0,1.0
1,1,,0.0,1.0
1,1,,0.0,1.0
1,1,,0.0,1.0
1,1,,0.0,1.0
1,1,,0.0,1.0
1,1,,0.0,1.0
1,1,,0.005,0.995
1,1,,0.0,1.0
0,0,,1.0,0.0
1,1,,0.0,1.0
1,1,,0.0,1.0
1,1,,0.0,1.0
1,1,,0.0,1.0
1,1,,0.0,1.0
1,1,,0.0,1.0
1,1,,0.0,1.0
1,1,,0.0,1.0
1,1,,0.0,1.0
1,1,,0.0,1.0
0,0,,1.0,0.0
1,1,,0.0,1.0
1,1,,0.0,1.0
1,1,,0.0,1.0
1,1,,0.0,1.0
0,0,,1.0,0.0
1,1,,0.0,1.0
1,1,,0.0,1.0
1,1,,0.0,1.0
1,1,,0.0,1.0
1,1,,0.0,1.0
1,1,,0.0,1.0
1,1,,0.0,1.0
1,1,,0.0,1.0
1,1,,0.0,1.0
1,1,,0.0,1.0
1,1,,0.0,1.0
1,1,,0.0,1.0
1,1,,0.0,1.0
1,1,,0.0,1.0
1,1,,0.0,1.0
1,1,,0.0,1.0
1,1,,0.0,1.0
1,1,,0.0,1.0
1,1,,0.0,1.0
0,0,,1.0,0.0
1,1,,0.0,1.0
1,1,,0.0,1.0
0,0,,1.0,0.0
1,1,,0.0,1.0
0,0,,1.0,0.0
0,0,,1.0,0.0
1,1,,0.0,1.0
1,1,,0.0,1.0
1,1,,0.0,1.0
0,0,,1.0,0.0
0,0,,1.0,0.0
1,1,,0.0,1.0
1,1,,0.0,1.0
1,1,,0.0,1.0
1,1,,0.0,1.0
1,1,,0.0,1.0
1,1,,0.09,0.91
1,1,,0.0,1.0
1,1,,0.0,1.0
1,1,,0.0,1.0
1,1,,0.0,1.0
1,1,,0.0,1.0
1,1,,0.0,1.0
1,1,,0.0,1.0
1,1,,0.0,1.0
1,1,,0.0,1.0
1,1,,0.0,1.0
1,1,,0.0,1.0
1,1,,0.0,1.0
1,1,,0.0,1.0
1,1,,0.0,1.0
1,1,,0.0,1.0
1,1,,0.0,1.0
1,1,,0.0,1.0
1,1,,0.0,1.0
1,1,,0.0,1.0
1,1,,0.0,1.0
1,1,,0.0,1.0
1,1,,0.0,1.0
1,1,,0.005,0.995
1,1,,0.0,1.0
1,1,,0.0,1.0
1,1,,0.0,1.0
1,1,,0.0,1.0
1,1,,0.0,1.0
1,1,,0.0,1.0
1,1,,0.0,1.0
1,1,,0.0,1.0
1,1,,0.0,1.0
1,1,,0.0,1.0
1,1,,0.0,1.0
1,1,,0.0,1.0
1,1,,0.0,1.0
1,1,,0.0,1.0
1,1,,0.0,1.0
1,1,,0.0,1.0
1,1,,0.0,1.0
1,1,,0.0,1.0
1,1,,0.0,1.0
1,1,,0.0,1.0
1,1,,0.0,1.0
1,1,,0.0,1.0
1,1,,0.0,1.0
1,1,,0.0,1.0
1,1,,0.0,1.0
1,1,,0.0,1.0
0,0,,1.0,0.0
1,1,,0.0,1.0
1,1,,0.0,1.0
1,1,,0.0,1.0
1,1,,0.0,1.0
1,1,,0.0,1.0
1,1,,0.0,1.0
1,1,,0.0,1.0
1,1,,0.0,1.0
1,1,,0.0,1.0
1,1,,0.0,1.0
1,1,,0.0,1.0
1,1,,0.0,1.0
1,1,,0.0,1.0
1,1,,0.0,1.0
1,1,,0.0,1.0
1,1,,0.0,1.0
1,1,,0.0,1.0
1,1,,0.0,1.0
1,1,,0.0,1.0
1,1,,0.0,1.0
1,1,,0.0,1.0
1,1,,0.0,1.0
1,1,,0.0,1.0
1,1,,0.0,1.0
0,0,,1.0,0.0
1,1,,0.0,1.0
1,1,,0.0,1.0
1,1,,0.0,1.0
1,1,,0.0,1.0
1,1,,0.0,1.0
1,1,,0.0,1.0
0,0,,1.0,0.0
1,1,,0.0,1.0
1,1,,0.0,1.0
1,1,,0.0,1.0
1,1,,0.0,1.0
1,1,,0.0,1.0
1,1,,0.0,1.0
0,0,,1.0,0.0
1,1,,0.0,1.0
1,1,,0.0,1.0
1,1,,0.0,1.0
0,0,,1.0,0.0
1,1,,0.0,1.0
1,1,,0.0,1.0
1,1,,0.0,1.0
1,1,,0.0,1.0
1,1,,0.0,1.0
1,1,,0.0,1.0
0,0,,1.0,0.0
1,1,,0.0,1.0
1,1,,0.0,1.0
1,1,,0.0,1.0
1,1,,0.0,1.0
1,1,,0.0,1.0
1,1,,0.0,1.0
1,1,,0.0,1.0
0,0,,1.0,0.0
1,1,,0.0,1.0
1,1,,0.0,1.0
1,1,,0.0,1.0
1,1,,0.0,1.0
1,1,,0.0,1.0
1,1,,0.0,1.0
1,1,,0.0,1.0
0,0,,0.995,0.005
1,1,,0.0,1.0
1,1,,0.0,1.0
1,1,,0.0,1.0
1,1,,0.0,1.0
1,1,,0.0,1.0
1,1,,0.0,1.0
0,0,,1.0,0.0
1,1,,0.0,1.0
1,1,,0.0,1.0
1,1,,0.0,1.0
1,1,,0.0,1.0
1,1,,0.0,1.0
1,1,,0.0,1.0
1,1,,0.0,1.0
1,1,,0.0,1.0
1,1,,0.0,1.0
1,1,,0.0,1.0
1,1,,0.0,1.0
1,1,,0.0,1.0
1,1,,0.0,1.0
1,1,,0.0,1.0
1,1,,0.0,1.0
1,1,,0.0,1.0
0,0,,1.0,0.0
0,0,,1.0,0.0
1,1,,0.0,1.0
1,1,,0.0,1.0
1,1,,0.0,1.0
1,1,,0.0,1.0
1,1,,0.0,1.0
1,1,,0.0,1.0
1,1,,0.0,1.0
1,1,,0.0,1.0
1,1,,0.0,1.0
1,1,,0.0,1.0
1,1,,0.0,1.0
1,1,,0.0,1.0
1,1,,0.0,1.0
1,1,,0.0,1.0
1,1,,0.0,1.0
1,1,,0.0,1.0
0,0,,1.0,0.0
1,1,,0.0,1.0
1,1,,0.0,1.0
1,1,,0.0,1.0
1,1,,0.0,1.0
1,1,,0.0,1.0
1,1,,0.0,1.0
1,1,,0.0,1.0
1,1,,0.0,1.0
1,1,,0.0,1.0
1,1,,0.0,1.0
1,1,,0.0,1.0
1,1,,0.0,1.0
0,0,,0.995,0.005
1,1,,0.0,1.0
1,1,,0.0,1.0
1,1,,0.0,1.0
1,1,,0.0,1.0
1,1,,0.0,1.0
1,1,,0.0,1.0
1,1,,0.0,1.0
1,1,,0.0,1.0
1,1,,0.0,1.0
1,1,,0.0,1.0
1,1,,0.0,1.0
1,1,,0.0,1.0
1,1,,0.0,1.0
0,0,,1.0,0.0
1,1,,0.0,1.0
1,1,,0.0,1.0
1,1,,0.0,1.0
1,1,,0.0,1.0
1,1,,0.0,1.0
1,1,,0.0,1.0
1,1,,0.0,1.0
1,1,,0.0,1.0
1,1,,0.0,1.0
1,1,,0.0,1.0
1,1,,0.0,1.0
1,1,,0.0,1.0
1,1,,0.0,1.0
1,1,,0.0,1.0
1,1,,0.0,1.0
1,1,,0.0,1.0
1,1,,0.0,1.0
0,0,,1.0,0.0
1,1,,0.0,1.0
1,1,,0.0,1.0
1,1,,0.0,1.0
1,1,,0.0,1.0
1,1,,0.0,1.0
1,1,,0.0,1.0
1,1,,0.0,1.0
1,1,,0.0,1.0
1,1,,0.0,1.0
1,1,,0.0,1.0
1,1,,0.0,1.0
1,1,,0.0,1.0
1,1,,0.0,1.0
0,0,,1.0,0.0
1,1,,0.0,1.0
1,1,,0.0,1.0
1,1,,0.0,1.0
1,1,,0.0,1.0
1,1,,0.0,1.0
1,1,,0.0,1.0
1,1,,0.0,1.0
1,1,,0.0,1.0
1,1,,0.0,1.0
1,1,,0.0,1.0
1,1,,0.0,1.0
1,1,,0.0,1.0
0,0,,1.0,0.0
1,1,,0.0,1.0
1,1,,0.0,1.0
1,1,,0.0,1.0
1,1,,0.0,1.0
1,1,,0.0,1.0
1,1,,0.0,1.0
1,1,,0.0,1.0
1,1,,0.0,1.0
1,1,,0.0,1.0
1,1,,0.0,1.0
1,1,,0.0,1.0
1,1,,0.0,1.0
1,1,,0.0,1.0
1,1,,0.0,1.0
0,0,,1.0,0.0
1,1,,0.0,1.0
1,1,,0.0,1.0
1,1,,0.0,1.0
0,0,,1.0,0.0
1,1,,0.0,1.0
1,1,,0.0,1.0
1,1,,0.0,1.0
1,1,,0.0,1.0
1,1,,0.0,1.0
1,1,,0.0,1.0
1,1,,0.0,1.0
1,1,,0.0,1.0
1,1,,0.0,1.0
1,1,,0.0,1.0
0,0,,1.0,0.0
1,1,,0.0,1.0
1,1,,0.0,1.0
1,1,,0.0,1.0
1,1,,0.0,1.0
1,1,,0.0,1.0
1,1,,0.0,1.0
1,1,,0.0,1.0
1,1,,0.0,1.0
1,1,,0.0,1.0
1,1,,0.0,1.0
0,0,,1.0,0.0
1,1,,0.0,1.0
1,1,,0.0,1.0
1,1,,0.0,1.0
1,1,,0.0,1.0
1,1,,0.0,1.0
1,1,,0.0,1.0
1,1,,0.0,1.0
1,1,,0.0,1.0
1,1,,0.0,1.0
0,0,,1.0,0.0
0,0,,1.0,0.0
1,1,,0.0,1.0
1,1,,0.0,1.0
0,0,,1.0,0.0
1,1,,0.0,1.0
1,1,,0.0,1.0
1,1,,0.0,1.0
1,1,,0.0,1.0
1,1,,0.0,1.0
1,1,,0.0,1.0
1,1,,0.0,1.0
1,1,,0.0,1.0
1,1,,0.0,1.0
1,1,,0.0,1.0
1,1,,0.0,1.0
1,1,,0.0,1.0
1,1,,0.0,1.0
1,1,,0.0,1.0
1,1,,0.0,1.0
1,1,,0.0,1.0
1,1,,0.0,1.0
1,1,,0.0,1.0
1,1,,0.0,1.0
1,1,,0.0,1.0
1,1,,0.05,0.95
1,1,,0.0,1.0
1,1,,0.0,1.0
1,1,,0.0,1.0
1,1,,0.0,1.0
1,1,,0.0,1.0
1,1,,0.0,1.0
1,1,,0.0,1.0
1,1,,0.0,1.0
1,1,,0.0,1.0
1,1,,0.0,1.0
1,1,,0.0,1.0
1,1,,0.0,1.0
1,1,,0.0,1.0
1,1,,0.0,1.0
1,1,,0.0,1.0
1,1,,0.0,1.0
1,1,,0.0,1.0
1,1,,0.0,1.0
1,1,,0.0,1.0
0,0,,1.0,0.0
0,0,,1.0,0.0
1,1,,0.0,1.0
0,0,,0.995,0.005
1,1,,0.0,1.0
1,1,,0.0,1.0
1,1,,0.0,1.0
1,1,,0.0,1.0
1,1,,0.0,1.0
1,1,,0.0,1.0
0,0,,1.0,0.0
1,1,,0.0,1.0
1,1,,0.0,1.0
1,1,,0.0,1.0
1,1,,0.0,1.0
1,1,,0.0,1.0
1,1,,0.0,1.0
1,1,,0.0,1.0
0,0,,1.0,0.0
1,1,,0.0,1.0
1,1,,0.0,1.0
0,0,,1.0,0.0
1,1,,0.0,1.0
1,1,,0.0,1.0
1,1,,0.0,1.0
1,1,,0.0,1.0
1,1,,0.0,1.0
1,1,,0.0,1.0
1,1,,0.0,1.0
1,1,,0.0,1.0
1,1,,0.0,1.0
1,1,,0.0,1.0
1,1,,0.0,1.0
1,1,,0.0,1.0
1,1,,0.0,1.0
1,1,,0.0,1.0
1,1,,0.0,1.0
1,1,,0.0,1.0
1,1,,0.0,1.0
1,1,,0.0,1.0
0,0,,1.0,0.0
1,1,,0.0,1.0
1,1,,0.0,1.0
1,1,,0.0,1.0
1,1,,0.0,1.0
1,1,,0.0,1.0
1,1,,0.0,1.0
1,1,,0.0,1.0
1,1,,0.0,1.0
1,1,,0.0,1.0
1,1,,0.0,1.0
1,1,,0.0,1.0
1,1,,0.0,1.0
1,1,,0.0,1.0
1,1,,0.0,1.0
1,1,,0.0,1.0
1,1,,0.0,1.0
1,1,,0.0,1.0
1,1,,0.0,1.0
1,1,,0.0,1.0
0,0,,1.0,0.0
0,0,,0.995,0.005
1,1,,0.0,1.0
1,1,,0.0,1.0
1,1,,0.0,1.0
1,1,,0.0,1.0
0,0,,1.0,0.0
0,0,,1.0,0.0
1,1,,0.0,1.0
1,1,,0.0,1.0
1,1,,0.0,1.0
1,1,,0.0,1.0
1,1,,0.0,1.0
1,1,,0.0,1.0
1,1,,0.0,1.0
0,0,,1.0,0.0
1,1,,0.0,1.0
0,0,,1.0,0.0
1,1,,0.0,1.0
1,1,,0.0,1.0
1,1,,0.0,1.0
1,1,,0.0,1.0
1,1,,0.0,1.0
1,1,,0.0,1.0
1,1,,0.0,1.0
1,1,,0.0,1.0
1,1,,0.0,1.0
1,1,,0.0,1.0
1,1,,0.0,1.0
1,1,,0.0,1.0
1,1,,0.0,1.0
1,1,,0.0,1.0
1,1,,0.0,1.0
1,1,,0.0,1.0
1,1,,0.0,1.0
1,1,,0.0,1.0
0,0,,1.0,0.0
1,1,,0.0,1.0
0,0,,1.0,0.0
1,1,,0.0,1.0
1,1,,0.0,1.0
1,1,,0.0,1.0
1,1,,0.0,1.0
1,1,,0.0,1.0
1,1,,0.0,1.0
1,1,,0.0,1.0
1,1,,0.0,1.0
1,1,,0.0,1.0
1,1,,0.0,1.0
1,1,,0.0,1.0
1,1,,0.03,0.97
1,1,,0.0,1.0
1,1,,0.0,1.0
1,1,,0.0,1.0
1,1,,0.0,1.0
1,1,,0.0,1.0
1,1,,0.0,1.0
1,1,,0.0,1.0
1,1,,0.0,1.0
1,1,,0.0,1.0
1,1,,0.0,1.0
1,1,,0.0,1.0
1,1,,0.0,1.0
1,1,,0.0,1.0
1,1,,0.0,1.0
1,1,,0.0,1.0
1,1,,0.0,1.0
1,1,,0.005,0.995
1,1,,0.0,1.0
1,1,,0.0,1.0
0,0,,1.0,0.0
1,1,,0.0,1.0
1,1,,0.0,1.0
1,1,,0.0,1.0
1,1,,0.0,1.0
1,1,,0.0,1.0
0,0,,1.0,0.0
1,1,,0.0,1.0
1,1,,0.0,1.0
1,1,,0.0,1.0
1,1,,0.0,1.0
1,1,,0.0,1.0
1,1,,0.0,1.0
1,1,,0.0,1.0
1,1,,0.0,1.0
1,1,,0.0,1.0
1,1,,0.0,1.0
0,0,,1.0,0.0
1,1,,0.0,1.0
1,1,,0.0,1.0
1,1,,0.0,1.0
1,1,,0.0,1.0
1,1,,0.0,1.0
1,1,,0.0,1.0
0,0,,1.0,0.0
1,1,,0.0,1.0
1,1,,0.0,1.0
1,1,,0.0,1.0
1,1,,0.0,1.0
1,1,,0.0,1.0
1,1,,0.0,1.0
0,0,,1.0,0.0
1,1,,0.0,1.0
0,0,,1.0,0.0
1,1,,0.0,1.0
1,1,,0.0,1.0
1,1,,0.0,1.0
1,1,,0.0,1.0
1,1,,0.0,1.0
1,1,,0.0,1.0
1,1,,0.0,1.0
1,1,,0.0,1.0
1,1,,0.0,1.0
1,1,,0.0,1.0
1,1,,0.0,1.0
1,1,,0.0,1.0
1,1,,0.0,1.0
1,1,,0.0,1.0
1,1,,0.0,1.0
1,1,,0.0,1.0
1,1,,0.0,1.0
1,1,,0.0,1.0
1,1,,0.0,1.0
1,1,,0.0,1.0
0,0,,1.0,0.0
1,1,,0.005,0.995
1,1,,0.0,1.0
1,1,,0.0,1.0
1,1,,0.0,1.0
1,1,,0.0,1.0
0,0,,1.0,0.0
1,1,,0.0,1.0
1,1,,0.0,1.0
1,1,,0.0,1.0
0,0,,1.0,0.0
1,1,,0.0,1.0
1,1,,0.0,1.0
1,1,,0.0,1.0
0,0,,1.0,0.0
1,1,,0.0,1.0
1,1,,0.0,1.0
1,1,,0.0,1.0
1,1,,0.0,1.0
1,1,,0.0,1.0
1,1,,0.0,1.0
1,1,,0.0,1.0
1,1,,0.0,1.0
1,1,,0.0,1.0
1,1,,0.0,1.0
0,0,,1.0,0.0
1,1,,0.0,1.0
1,1,,0.0,1.0
1,1,,0.0,1.0
1,1,,0.0,1.0
1,1,,0.0,1.0
1,1,,0.0,1.0
1,1,,0.0,1.0
1,1,,0.0,1.0
1,1,,0.0,1.0
1,1,,0.0,1.0
1,1,,0.0,1.0
1,1,,0.0,1.0
1,1,,0.0,1.0
1,1,,0.0,1.0
1,1,,0.0,1.0
1,1,,0.0,1.0
1,1,,0.0,1.0
1,1,,0.0,1.0
1,1,,0.0,1.0
1,1,,0.005,0.995
1,1,,0.0,1.0
1,1,,0.0,1.0
1,1,,0.0,1.0
1,1,,0.0,1.0
1,1,,0.0,1.0
1,1,,0.0,1.0
1,1,,0.0,1.0
1,1,,0.0,1.0
1,1,,0.0,1.0
1,1,,0.0,1.0
1,1,,0.0,1.0
0,0,,1.0,0.0
1,1,,0.0,1.0
1,1,,0.0,1.0
1,1,,0.0,1.0
1,1,,0.0,1.0
1,1,,0.0,1.0
1,1,,0.0,1.0
1,1,,0.0,1.0
1,1,,0.0,1.0
1,1,,0.0,1.0
0,0,,1.0,0.0
1,1,,0.0,1.0
1,1,,0.0,1.0
1,1,,0.0,1.0
1,1,,0.0,1.0
1,1,,0.0,1.0
1,1,,0.0,1.0
1,1,,0.0,1.0
1,1,,0.0,1.0
1,1,,0.0,1.0
1,1,,0.09,0.91
1,1,,0.0,1.0
1,1,,0.0,1.0
1,1,,0.0,1.0
1,1,,0.0,1.0
1,1,,0.0,1.0
1,1,,0.0,1.0
1,1,,0.0,1.0
1,1,,0.0,1.0
1,1,,0.0,1.0
1,1,,0.0,1.0
1,1,,0.0,1.0
1,1,,0.0,1.0
1,1,,0.0,1.0
1,1,,0.0,1.0
0,0,,1.0,0.0
0,0,,1.0,0.0
1,1,,0.0,1.0
1,1,,0.0,1.0
1,1,,0.0,1.0
1,1,,0.0,1.0
1,1,,0.0,1.0
1,1,,0.0,1.0
1,1,,0.0,1.0
1,1,,0.0,1.0
1,1,,0.0,1.0
0,0,,0.91,0.09
1,1,,0.0,1.0
1,1,,0.0,1.0
1,1,,0.0,1.0
0,0,,1.0,0.0
1,1,,0.005,0.995
1,1,,0.0,1.0
1,1,,0.0,1.0
1,1,,0.0,1.0
1,1,,0.0,1.0
1,1,,0.0,1.0
0,0,,0.995,0.005
1,1,,0.0,1.0
1,1,,0.0,1.0
1,1,,0.0,1.0
1,1,,0.0,1.0
1,1,,0.0,1.0
1,1,,0.0,1.0
1,1,,0.0,1.0
1,1,,0.0,1.0
0,0,,1.0,0.0
1,1,,0.0,1.0
1,1,,0.0,1.0
0,0,,0.995,0.005
1,1,,0.0,1.0
1,1,,0.0,1.0
1,1,,0.0,1.0
1,1,,0.0,1.0
0,0,,1.0,0.0
1,1,,0.0,1.0
1,1,,0.0,1.0
1,1,,0.0,1.0
1,1,,0.0,1.0
1,1,,0.0,1.0
1,1,,0.0,1.0
0,0,,1.0,0.0
1,1,,0.0,1.0
1,1,,0.0,1.0
1,1,,0.0,1.0
1,1,,0.0,1.0
1,1,,0.0,1.0
1,1,,0.0,1.0
1,1,,0.0,1.0
1,1,,0.0,1.0
1,1,,0.0,1.0
1,1,,0.0,1.0
1,1,,0.0,1.0
1,1,,0.0,1.0
1,1,,0.0,1.0
1,1,,0.0,1.0
0,0,,1.0,0.0
1,1,,0.0,1.0
1,1,,0.005,0.995
1,1,,0.0,1.0
1,1,,0.0,1.0
0,0,,1.0,0.0
1,1,,0.0,1.0
1,1,,0.06,0.94
1,1,,0.0,1.0
1,1,,0.0,1.0
1,1,,0.0,1.0
1,1,,0.0,1.0
1,1,,0.0,1.0
1,1,,0.0,1.0
1,1,,0.0,1.0
1,1,,0.0,1.0
1,1,,0.0,1.0
1,1,,0.0,1.0
0,0,,1.0,0.0
1,1,,0.0,1.0
1,1,,0.0,1.0
1,1,,0.0,1.0
1,1,,0.0,1.0
1,1,,0.0,1.0
1,1,,0.0,1.0
1,1,,0.0,1.0
1,1,,0.0,1.0
1,1,,0.0,1.0
0,0,,1.0,0.0
0,0,,1.0,0.0
1,1,,0.0,1.0
0,0,,1.0,0.0
1,1,,0.0,1.0
1,1,,0.0,1.0
1,1,,0.0,1.0
1,1,,0.0,1.0
1,1,,0.0,1.0
1,1,,0.0,1.0
1,1,,0.0,1.0
1,1,,0.0,1.0
1,1,,0.0,1.0
1,1,,0.0,1.0
1,1,,0.0,1.0
1,1,,0.0,1.0
1,1,,0.0,1.0
1,1,,0.0,1.0
1,1,,0.0,1.0
1,1,,0.0,1.0
1,1,,0.0,1.0
1,1,,0.0,1.0
0,0,,1.0,0.0
1,1,,0.0,1.0
1,1,,0.0,1.0
1,1,,0.0,1.0
1,1,,0.0,1.0
1,1,,0.0,1.0
1,1,,0.0,1.0
1,1,,0.0,1.0
1,1,,0.0,1.0
1,1,,0.0,1.0
1,1,,0.0,1.0
1,1,,0.0,1.0
0,0,,1.0,0.0
1,1,,0.0,1.0
0,0,,1.0,0.0
1,1,,0.0,1.0
1,1,,0.0,1.0
1,1,,0.0,1.0
1,1,,0.0,1.0
1,1,,0.0,1.0
1,1,,0.0,1.0
1,1,,0.0,1.0
1,1,,0.0,1.0
1,1,,0.0,1.0
1,1,,0.0,1.0
1,1,,0.0,1.0
1,1,,0.0,1.0
1,1,,0.0,1.0
1,1,,0.0,1.0
0,0,,1.0,0.0
1,1,,0.0,1.0
1,1,,0.0,1.0
1,1,,0.0,1.0
1,1,,0.0,1.0
1,1,,0.0,1.0
1,1,,0.0,1.0
1,1,,0.0,1.0
1,1,,0.0,1.0
1,1,,0.0,1.0
1,1,,0.0,1.0
1,1,,0.0,1.0
1,1,,0.0,1.0
1,1,,0.0,1.0
1,1,,0.0,1.0
1,1,,0.0,1.0
1,1,,0.0,1.0
1,1,,0.0,1.0
1,1,,0.0,1.0
1,1,,0.0,1.0
1,1,,0.0,1.0
1,1,,0.0,1.0
1,1,,0.005,0.995
1,1,,0.0,1.0
1,1,,0.0,1.0
1,1,,0.0,1.0
1,1,,0.0,1.0
1,1,,0.0,1.0
1,1,,0.0,1.0
1,1,,0.0,1.0
1,1,,0.0,1.0
1,1,,0.0,1.0
1,1,,0.0,1.0
1,1,,0.0,1.0
1,1,,0.0,1.0
1,1,,0.0,1.0
0,0,,1.0,0.0
1,1,,0.0,1.0
1,1,,0.0,1.0
1,1,,0.0,1.0
1,1,,0.0,1.0
1,1,,0.0,1.0
1,1,,0.0,1.0
1,1,,0.0,1.0
1,1,,0.0,1.0
1,1,,0.0,1.0
1,1,,0.0,1.0
1,1,,0.0,1.0
1,1,,0.0,1.0
1,1,,0.0,1.0
1,1,,0.0,1.0
1,1,,0.0,1.0
1,1,,0.0,1.0
1,1,,0.0,1.0
1,1,,0.0,1.0
1,1,,0.0,1.0
1,1,,0.0,1.0
0,0,,1.0,0.0
0,0,,1.0,0.0
1,1,,0.0,1.0
1,1,,0.0,1.0
1,1,,0.0,1.0
1,1,,0.0,1.0
1,1,,0.0,1.0
1,1,,0.0,1.0
1,1,,0.0,1.0
1,1,,0.0,1.0
1,1,,0.0,1.0
1,1,,0.0,1.0
1,1,,0.0,1.0
1,1,,0.0,1.0
1,1,,0.0,1.0
1,1,,0.0,1.0
1,1,,0.0,1.0
1,1,,0.0,1.0
0,0,,1.0,0.0
1,1,,0.0,1.0
1,1,,0.0,1.0
1,1,,0.0,1.0
1,1,,0.0,1.0
1,1,,0.0,1.0
1,1,,0.0,1.0
1,1,,0.0,1.0
0,0,,0.995,0.005
1,1,,0.0,1.0
1,1,,0.0,1.0
1,1,,0.0,1.0
1,1,,0.0,1.0
1,1,,0.0,1.0
1,1,,0.0,1.0
1,1,,0.0,1.0
0,0,,1.0,0.0
0,0,,1.0,0.0
1,1,,0.0,1.0
1,1,,0.0,1.0
1,1,,0.0,1.0
0,0,,1.0,0.0
1,1,,0.0,1.0
1,1,,0.0,1.0
1,1,,0.0,1.0
1,1,,0.0,1.0
1,1,,0.0,1.0
1,1,,0.0,1.0
1,1,,0.0,1.0
1,1,,0.0,1.0
1,1,,0.0,1.0
1,1,,0.0,1.0
1,1,,0.0,1.0
1,1,,0.0,1.0
1,1,,0.0,1.0
1,1,,0.0,1.0
1,1,,0.0,1.0
1,1,,0.0,1.0
1,1,,0.0,1.0
1,1,,0.0,1.0
1,1,,0.0,1.0
1,1,,0.0,1.0
1,1,,0.0,1.0
1,1,,0.0,1.0
0,0,,0.995,0.005
1,1,,0.0,1.0
0,0,,1.0,0.0
1,1,,0.0,1.0
1,1,,0.0,1.0
1,1,,0.0,1.0
1,1,,0.0,1.0
0,0,,1.0,0.0
1,1,,0.0,1.0
1,1,,0.0,1.0
1,1,,0.0,1.0
1,1,,0.0,1.0
1,1,,0.0,1.0
1,1,,0.0,1.0
1,1,,0.0,1.0
1,1,,0.0,1.0
0,0,,1.0,0.0
1,1,,0.0,1.0
0,0,,1.0,0.0
1,1,,0.0,1.0
1,1,,0.0,1.0
1,1,,0.01,0.99
1,1,,0.0,1.0
1,1,,0.0,1.0
1,1,,0.0,1.0
1,1,,0.0,1.0
1,1,,0.0,1.0
1,1,,0.0,1.0
1,1,,0.005,0.995
1,1,,0.0,1.0
1,1,,0.0,1.0
1,1,,0.0,1.0
1,1,,0.0,1.0
1,1,,0.0,1.0
1,1,,0.0,1.0
1,1,,0.0,1.0
1,1,,0.005,0.995
1,1,,0.0,1.0
1,1,,0.0,1.0
1,1,,0.0,1.0
1,1,,0.0,1.0
1,1,,0.0,1.0
1,1,,0.0,1.0
1,1,,0.0,1.0
0,0,,1.0,0.0
1,1,,0.0,1.0
1,1,,0.0,1.0
1,1,,0.0,1.0
1,1,,0.0,1.0
1,1,,0.0,1.0
1,1,,0.0,1.0
1,1,,0.0,1.0
1,1,,0.0,1.0
1,1,,0.0,1.0
1,1,,0.0,1.0
1,1,,0.0,1.0
1,1,,0.0,1.0
1,1,,0.0,1.0
1,1,,0.0,1.0
1,1,,0.0,1.0
1,1,,0.0,1.0
1,1,,0.0,1.0
1,1,,0.0,1.0
1,1,,0.0,1.0
1,1,,0.0,1.0
1,1,,0.0,1.0
1,1,,0.0,1.0
1,1,,0.0,1.0
1,1,,0.0,1.0
1,1,,0.0,1.0
1,1,,0.0,1.0
1,1,,0.0,1.0
1,1,,0.0,1.0
1,1,,0.0,1.0
1,1,,0.0,1.0
1,1,,0.0,1.0
1,1,,0.0,1.0
1,1,,0.0,1.0
1,1,,0.0,1.0
1,1,,0.0,1.0
1,1,,0.0,1.0
1,1,,0.0,1.0
1,1,,0.0,1.0
1,1,,0.0,1.0
1,1,,0.0,1.0
1,1,,0.0,1.0
1,1,,0.0,1.0
1,1,,0.0,1.0
1,1,,0.0,1.0
1,1,,0.0,1.0
1,1,,0.0,1.0
0,0,,1.0,0.0
1,1,,0.0,1.0
1,1,,0.0,1.0
1,1,,0.0,1.0
0,0,,1.0,0.0
1,1,,0.0,1.0
1,1,,0.0,1.0
0,0,,1.0,0.0
1,1,,0.0,1.0
1,1,,0.0,1.0
1,1,,0.0,1.0
1,1,,0.0,1.0
1,1,,0.0,1.0
1,1,,0.0,1.0
1,1,,0.0,1.0
1,1,,0.0,1.0
1,1,,0.0,1.0
1,1,,0.0,1.0
1,1,,0.0,1.0
0,0,,1.0,0.0
1,1,,0.0,1.0
1,1,,0.0,1.0
1,1,,0.0,1.0
1,1,,0.0,1.0
0,0,,1.0,0.0
1,1,,0.0,1.0
1,1,,0.0,1.0
1,1,,0.0,1.0
1,1,,0.0,1.0
1,1,,0.0,1.0
0,0,,1.0,0.0
1,1,,0.0,1.0
1,1,,0.0,1.0
1,1,,0.0,1.0
1,1,,0.0,1.0
1,1,,0.0,1.0
1,1,,0.0,1.0
1,1,,0.0,1.0
1,1,,0.0,1.0
0,0,,1.0,0.0
1,1,,0.0,1.0
1,1,,0.0,1.0
1,1,,0.0,1.0
1,1,,0.0,1.0
1,1,,0.0,1.0
1,1,,0.0,1.0
1,1,,0.0,1.0
1,1,,0.0,1.0
1,1,,0.0,1.0
1,1,,0.0,1.0
1,1,,0.0,1.0
1,1,,0.0,1.0
1,1,,0.0,1.0
1,1,,0.0,1.0
1,1,,0.0,1.0
1,1,,0.0,1.0
1,1,,0.0,1.0
1,1,,0.0,1.0
1,1,,0.0,1.0
0,0,,1.0,0.0
0,0,,1.0,0.0
1,1,,0.0,1.0
1,1,,0.0,1.0
1,1,,0.0,1.0
1,1,,0.0,1.0
1,1,,0.0,1.0
1,1,,0.0,1.0
0,0,,1.0,0.0
1,1,,0.0,1.0
1,1,,0.0,1.0
1,1,,0.0,1.0
1,1,,0.0,1.0
1,1,,0.0,1.0
1,1,,0.0,1.0
1,1,,0.0,1.0
1,1,,0.0,1.0
1,1,,0.0,1.0
0,0,,1.0,0.0
1,1,,0.0,1.0
1,1,,0.0,1.0
1,1,,0.09,0.91
0,0,,1.0,0.0
1,1,,0.0,1.0
1,1,,0.0,1.0
1,1,,0.0,1.0
1,1,,0.0,1.0
1,1,,0.0,1.0
1,1,,0.0,1.0
0,0,,1.0,0.0
1,1,,0.0,1.0
1,1,,0.0,1.0
1,1,,0.0,1.0
1,1,,0.0,1.0
1,1,,0.0,1.0
1,1,,0.0,1.0
1,1,,0.0,1.0
1,1,,0.0,1.0
0,0,,1.0,0.0
0,0,,1.0,0.0
1,1,,0.0,1.0
1,1,,0.0,1.0
1,1,,0.0,1.0
1,1,,0.0,1.0
1,1,,0.0,1.0
1,1,,0.0,1.0
1,1,,0.0,1.0
1,1,,0.0,1.0
1,1,,0.0,1.0
0,0,,1.0,0.0
1,1,,0.0,1.0
1,1,,0.0,1.0
1,1,,0.0,1.0
0,0,,1.0,0.0
1,1,,0.0,1.0
1,1,,0.0,1.0
1,1,,0.0,1.0
1,1,,0.0,1.0
1,1,,0.0,1.0
1,1,,0.0,1.0
0,0,,1.0,0.0
1,1,,0.0,1.0
1,1,,0.0,1.0
1,1,,0.0,1.0
1,1,,0.0,1.0
1,1,,0.0,1.0
1,1,,0.0,1.0
1,1,,0.0,1.0
1,1,,0.0,1.0
1,1,,0.0,1.0
1,1,,0.0,1.0
1,1,,0.0,1.0
1,1,,0.0,1.0
1,1,,0.0,1.0
0,0,,1.0,0.0
1,1,,0.0,1.0
0,0,,1.0,0.0
1,1,,0.0,1.0
1,1,,0.0,1.0
1,1,,0.0,1.0
0,0,,1.0,0.0
1,1,,0.0,1.0
0,0,,1.0,0.0
1,1,,0.0,1.0
1,1,,0.0,1.0
1,1,,0.0,1.0
1,1,,0.0,1.0
1,1,,0.0,1.0
1,1,,0.0,1.0
1,1,,0.0,1.0
1,1,,0.0,1.0
1,1,,0.0,1.0
1,1,,0.0,1.0
1,1,,0.0,1.0
1,1,,0.0,1.0
1,1,,0.0,1.0
1,1,,0.0,1.0
1,1,,0.0,1.0
1,1,,0.0,1.0
1,1,,0.0,1.0
1,1,,0.0,1.0
0,0,,1.0,0.0
1,1,,0.0,1.0
1,1,,0.0,1.0
1,1,,0.005,0.995
1,1,,0.0,1.0
1,1,,0.0,1.0
1,1,,0.0,1.0
1,1,,0.0,1.0
1,1,,0.0,1.0
0,0,,0.985,0.015
1,1,,0.09,0.91
0,0,,1.0,0.0
1,1,,0.0,1.0
0,0,,1.0,0.0
0,0,,1.0,0.0
1,1,,0.0,1.0
1,1,,0.0,1.0
1,1,,0.0,1.0
1,1,,0.0,1.0
0,0,,1.0,0.0
1,1,,0.0,1.0
1,1,,0.0,1.0
1,1,,0.0,1.0
1,1,,0.0,1.0
1,1,,0.0,1.0
1,1,,0.0,1.0
1,1,,0.0,1.0
1,1,,0.0,1.0
1,1,,0.0,1.0
1,1,,0.0,1.0
1,1,,0.0,1.0
1,1,,0.0,1.0
1,1,,0.0,1.0
1,1,,0.0,1.0
1,1,,0.0,1.0
1,1,,0.0,1.0
1,1,,0.0,1.0
1,1,,0.0,1.0
1,1,,0.0,1.0
1,1,,0.0,1.0
1,1,,0.0,1.0
1,1,,0.0,1.0
1,1,,0.0,1.0
1,1,,0.0,1.0
0,0,,1.0,0.0
1,1,,0.0,1.0
0,0,,1.0,0.0
1,1,,0.0,1.0
1,1,,0.0,1.0
1,1,,0.0,1.0
1,1,,0.0,1.0
1,1,,0.0,1.0
1,1,,0.0,1.0
1,1,,0.0,1.0
1,1,,0.0,1.0
1,1,,0.0,1.0
1,1,,0.0,1.0
1,1,,0.0,1.0
1,1,,0.0,1.0
1,1,,0.0,1.0
1,1,,0.0,1.0
1,1,,0.0,1.0
1,1,,0.0,1.0
1,1,,0.0,1.0
1,1,,0.0,1.0
1,1,,0.0,1.0
1,1,,0.0,1.0
1,1,,0.0,1.0
1,1,,0.0,1.0
1,1,,0.0,1.0
1,1,,0.0,1.0
1,1,,0.0,1.0
1,1,,0.0,1.0
1,1,,0.0,1.0
1,1,,0.0,1.0
1,1,,0.0,1.0
1,1,,0.0,1.0
1,1,,0.0,1.0
1,1,,0.0,1.0
1,1,,0.0,1.0
1,1,,0.0,1.0
1,1,,0.0,1.0
1,1,,0.0,1.0
1,1,,0.0,1.0
1,1,,0.0,1.0
1,1,,0.0,1.0
1,1,,0.0,1.0
1,1,,0.0,1.0
1,1,,0.0,1.0
0,0,,1.0,0.0
1,1,,0.0,1.0
1,1,,0.0,1.0
1,1,,0.0,1.0
1,1,,0.0,1.0
1,1,,0.0,1.0
1,1,,0.0,1.0
1,1,,0.0,1.0
1,1,,0.0,1.0
1,1,,0.0,1.0
1,1,,0.0,1.0
0,0,,1.0,0.0
1,1,,0.0,1.0
1,1,,0.0,1.0
1,1,,0.0,1.0
1,1,,0.0,1.0
1,1,,0.0,1.0
1,1,,0.0,1.0
0,0,,1.0,0.0
1,1,,0.0,1.0
0,0,,1.0,0.0
1,1,,0.0,1.0
1,1,,0.0,1.0
1,1,,0.0,1.0
1,1,,0.0,1.0
1,1,,0.0,1.0
1,1,,0.0,1.0
1,1,,0.0,1.0
1,1,,0.0,1.0
1,1,,0.0,1.0
1,1,,0.0,1.0
1,1,,0.0,1.0
1,1,,0.0,1.0
1,1,,0.0,1.0
1,1,,0.0,1.0
1,1,,0.0,1.0
1,1,,0.0,1.0
1,1,,0.0,1.0
1,1,,0.0,1.0
1,1,,0.0,1.0
1,1,,0.0,1.0
1,1,,0.0,1.0
1,1,,0.0,1.0
1,1,,0.0,1.0
1,1,,0.0,1.0
0,0,,1.0,0.0
1,1,,0.0,1.0
1,1,,0.0,1.0
1,1,,0.0,1.0
1,1,,0.0,1.0
1,1,,0.0,1.0
1,1,,0.0,1.0
1,1,,0.0,1.0
1,1,,0.0,1.0
1,1,,0.0,1.0
1,1,,0.0,1.0
0,0,,1.0,0.0
1,1,,0.0,1.0
1,1,,0.0,1.0
1,1,,0.0,1.0
1,1,,0.0,1.0
1,1,,0.0,1.0
1,1,,0.0,1.0
0,0,,1.0,0.0
1,1,,0.0,1.0
1,1,,0.0,1.0
1,1,,0.0,1.0
0,0,,1.0,0.0
1,1,,0.0,1.0
1,1,,0.0,1.0
1,1,,0.0,1.0
1,1,,0.0,1.0
1,1,,0.0,1.0
1,1,,0.0,1.0
1,1,,0.0,1.0
1,1,,0.0,1.0
1,1,,0.0,1.0
1,1,,0.0,1.0
1,1,,0.0,1.0
1,1,,0.0,1.0
1,1,,0.0,1.0
1,1,,0.0,1.0
1,1,,0.0,1.0
1,1,,0.0,1.0
1,1,,0.0,1.0
1,1,,0.0,1.0
1,1,,0.0,1.0
0,0,,1.0,0.0
1,1,,0.0,1.0
1,1,,0.0,1.0
1,1,,0.0,1.0
1,1,,0.0,1.0
1,1,,0.0,1.0
1,1,,0.0,1.0
1,1,,0.0,1.0
1,1,,0.0,1.0
1,1,,0.0,1.0
1,1,,0.0,1.0
1,1,,0.0,1.0
1,1,,0.0,1.0
1,1,,0.0,1.0
1,1,,0.0,1.0
1,1,,0.0,1.0
1,1,,0.0,1.0
1,1,,0.0,1.0
1,1,,0.0,1.0
1,1,,0.0,1.0
1,1,,0.0,1.0
1,1,,0.0,1.0
1,1,,0.0,1.0
1,1,,0.0,1.0
1,1,,0.005,0.995
1,1,,0.0,1.0
1,1,,0.0,1.0
1,1,,0.0,1.0
1,1,,0.0,1.0
1,1,,0.0,1.0
1,1,,0.0,1.0
1,1,,0.0,1.0
1,1,,0.0,1.0
1,1,,0.0,1.0
0,0,,1.0,0.0
1,1,,0.0,1.0
1,1,,0.0,1.0
1,1,,0.0,1.0
1,1,,0.0,1.0
1,1,,0.0,1.0
1,1,,0.0,1.0
1,1,,0.0,1.0
1,1,,0.0,1.0
1,1,,0.0,1.0
1,1,,0.0,1.0
1,1,,0.0,1.0
0,0,,1.0,0.0
1,1,,0.0,1.0
0,0,,1.0,0.0
1,1,,0.0,1.0
1,1,,0.0,1.0
1,1,,0.0,1.0
1,1,,0.0,1.0
1,1,,0.0,1.0
1,1,,0.0,1.0
1,1,,0.0,1.0
1,1,,0.0,1.0
1,1,,0.0,1.0
1,1,,0.0,1.0
1,1,,0.0,1.0
0,0,,1.0,0.0
1,1,,0.0,1.0
1,1,,0.0,1.0
1,1,,0.0,1.0
1,1,,0.0,1.0
0,0,,1.0,0.0
1,1,,0.0,1.0
1,1,,0.005,0.995
1,1,,0.0,1.0
1,1,,0.0,1.0
0,0,,1.0,0.0
1,1,,0.0,1.0
1,1,,0.0,1.0
1,1,,0.0,1.0
0,0,,1.0,0.0
1,1,,0.0,1.0
1,1,,0.0,1.0
1,1,,0.0,1.0
1,1,,0.0,1.0
1,1,,0.0,1.0
1,1,,0.0,1.0
1,1,,0.0,1.0
0,0,,1.0,0.0
1,1,,0.0,1.0
0,0,,1.0,0.0
0,0,,1.0,0.0
1,1,,0.0,1.0
1,1,,0.0,1.0
1,1,,0.0,1.0
1,1,,0.0,1.0
1,1,,0.0,1.0
1,1,,0.0,1.0
1,1,,0.0,1.0
1,1,,0.0,1.0
1,1,,0.0,1.0
1,1,,0.0,1.0
0,0,,1.0,0.0
1,1,,0.0,1.0
1,1,,0.0,1.0
1,1,,0.0,1.0
1,1,,0.0,1.0
1,1,,0.0,1.0
1,1,,0.0,1.0
1,1,,0.0,1.0
1,1,,0.0,1.0
1,1,,0.0,1.0
1,1,,0.0,1.0
1,1,,0.0,1.0
1,1,,0.0,1.0
0,0,,1.0,0.0
1,1,,0.0,1.0
1,1,,0.0,1.0
1,1,,0.0,1.0
1,1,,0.0,1.0
1,1,,0.0,1.0
1,1,,0.0,1.0
1,1,,0.0,1.0
1,1,,0.0,1.0
1,1,,0.0,1.0
1,1,,0.0,1.0
1,1,,0.0,1.0
1,1,,0.0,1.0
1,1,,0.0,1.0
1,1,,0.0,1.0
1,1,,0.0,1.0
1,1,,0.0,1.0
1,1,,0.0,1.0
1,1,,0.0,1.0
1,1,,0.0,1.0
1,1,,0.0,1.0
1,1,,0.0,1.0
0,0,,1.0,0.0
1,1,,0.0,1.0
1,1,,0.0,1.0
1,1,,0.0,1.0
0,0,,1.0,0.0
0,0,,1.0,0.0
1,1,,0.0,1.0
1,1,,0.0,1.0
1,1,,0.0,1.0
1,1,,0.0,1.0
1,1,,0.0,1.0
1,1,,0.0,1.0
1,1,,0.0,1.0
1,1,,0.0,1.0
1,1,,0.0,1.0
1,1,,0.0,1.0
1,1,,0.0,1.0
1,1,,0.0,1.0
1,1,,0.0,1.0
1,1,,0.0,1.0
1,1,,0.0,1.0
1,1,,0.0,1.0
0,0,,1.0,0.0
0,0,,1.0,0.0
1,1,,0.0,1.0
1,1,,0.0,1.0
0,0,,1.0,0.0
1,1,,0.0,1.0
1,1,,0.0,1.0
1,1,,0.0,1.0
1,1,,0.0,1.0
1,1,,0.0,1.0
1,1,,0.0,1.0
1,1,,0.0,1.0
1,1,,0.0,1.0
1,1,,0.0,1.0
1,1,,0.0,1.0
0,0,,1.0,0.0
1,1,,0.01,0.99
1,1,,0.0,1.0
1,1,,0.0,1.0
1,1,,0.0,1.0
1,1,,0.0,1.0
1,1,,0.0,1.0
1,1,,0.0,1.0
1,1,,0.0,1.0
1,1,,0.0,1.0
1,1,,0.0,1.0
1,1,,0.0,1.0
0,0,,1.0,0.0
1,1,,0.0,1.0
1,1,,0.0,1.0
1,1,,0.0,1.0
0,0,,1.0,0.0
1,1,,0.0,1.0
1,1,,0.0,1.0
1,1,,0.0,1.0
1,1,,0.0,1.0
1,1,,0.0,1.0
1,1,,0.0,1.0
1,1,,0.0,1.0
1,1,,0.0,1.0
1,1,,0.0,1.0
1,1,,0.0,1.0
1,1,,0.0,1.0
0,0,,0.995,0.005
1,1,,0.0,1.0
1,1,,0.0,1.0
1,1,,0.0,1.0
1,1,,0.0,1.0
1,1,,0.0,1.0
1,1,,0.0,1.0
1,1,,0.0,1.0
1,1,,0.0,1.0
1,1,,0.0,1.0
1,1,,0.0,1.0
1,1,,0.0,1.0
1,1,,0.0,1.0
0,0,,1.0,0.0
1,1,,0.0,1.0
1,1,,0.0,1.0
1,1,,0.0,1.0
1,1,,0.0,1.0
1,1,,0.0,1.0
1,1,,0.0,1.0
1,1,,0.0,1.0
1,1,,0.0,1.0
1,1,,0.0,1.0
1,1,,0.0,1.0
1,1,,0.0,1.0
1,1,,0.0,1.0
1,1,,0.0,1.0
1,1,,0.0,1.0
1,1,,0.0,1.0
1,1,,0.0,1.0
1,1,,0.0,1.0
0,0,,1.0,0.0
1,1,,0.0,1.0
1,1,,0.0,1.0
1,1,,0.0,1.0
1,1,,0.005,0.995
1,1,,0.0,1.0
1,1,,0.0,1.0
1,1,,0.0,1.0
1,1,,0.0,1.0
1,1,,0.0,1.0
0,0,,0.995,0.005
1,1,,0.0,1.0
1,1,,0.0,1.0
1,1,,0.0,1.0
1,1,,0.0,1.0
1,1,,0.0,1.0
1,1,,0.0,1.0
1,1,,0.0,1.0
1,1,,0.0,1.0
1,1,,0.0,1.0
1,1,,0.0,1.0
1,1,,0.0,1.0
0,0,,1.0,0.0
1,1,,0.0,1.0
1,1,,0.0,1.0
1,1,,0.0,1.0
1,1,,0.0,1.0
1,1,,0.0,1.0
1,1,,0.0,1.0
1,1,,0.0,1.0
1,1,,0.0,1.0
1,1,,0.0,1.0
1,1,,0.0,1.0
1,1,,0.0,1.0
1,1,,0.0,1.0
1,1,,0.0,1.0
1,1,,0.0,1.0
1,1,,0.0,1.0
1,1,,0.0,1.0
1,1,,0.0,1.0
1,1,,0.0,1.0
0,0,,1.0,0.0
1,1,,0.0,1.0
1,1,,0.0,1.0
1,1,,0.0,1.0
1,1,,0.0,1.0
1,1,,0.0,1.0
1,1,,0.0,1.0
1,1,,0.0,1.0
0,0,,1.0,0.0
1,1,,0.0,1.0
1,1,,0.0,1.0
1,1,,0.0,1.0
1,1,,0.0,1.0
1,1,,0.0,1.0
1,1,,0.0,1.0
1,1,,0.0,1.0
0,0,,0.995,0.005
0,0,,1.0,0.0
1,1,,0.0,1.0
1,1,,0.0,1.0
1,1,,0.0,1.0
1,1,,0.0,1.0
1,1,,0.0,1.0
1,1,,0.0,1.0
1,1,,0.0,1.0
1,1,,0.0,1.0
1,1,,0.0,1.0
1,1,,0.0,1.0
0,0,,1.0,0.0
1,1,,0.0,1.0
0,0,,1.0,0.0
1,1,,0.0,1.0
1,1,,0.0,1.0
1,1,,0.0,1.0
1,1,,0.0,1.0
1,1,,0.0,1.0
1,1,,0.0,1.0
1,1,,0.0,1.0
1,1,,0.0,1.0
1,1,,0.0,1.0
1,1,,0.0,1.0
0,0,,1.0,0.0
0,0,,1.0,0.0
1,1,,0.0,1.0
1,1,,0.0,1.0
1,1,,0.0,1.0
0,0,,1.0,0.0
1,1,,0.0,1.0
1,1,,0.0,1.0
1,1,,0.0,1.0
0,0,,1.0,0.0
1,1,,0.0,1.0
0,0,,0.995,0.005
1,1,,0.0,1.0
1,1,,0.0,1.0
0,0,,1.0,0.0
0,0,,1.0,0.0
0,0,,1.0,0.0
1,1,,0.0,1.0
1,1,,0.0,1.0
1,1,,0.0,1.0
1,1,,0.0,1.0
1,1,,0.0,1.0
1,1,,0.0,1.0
1,1,,0.0,1.0
1,1,,0.0,1.0
1,1,,0.0,1.0
1,1,,0.0,1.0
1,1,,0.0,1.0
1,1,,0.0,1.0
1,1,,0.0,1.0
1,1,,0.0,1.0
1,1,,0.0,1.0
1,1,,0.0,1.0
0,0,,1.0,0.0
1,1,,0.0,1.0
1,1,,0.0,1.0
1,1,,0.0,1.0
1,1,,0.0,1.0
0,0,,1.0,0.0
1,1,,0.0,1.0
1,1,,0.0,1.0
1,1,,0.0,1.0
1,1,,0.0,1.0
1,1,,0.0,1.0
0,0,,1.0,0.0
0,0,,1.0,0.0
0,0,,0.97,0.03
1,1,,0.0,1.0
1,1,,0.0,1.0
1,1,,0.0,1.0
0,0,,1.0,0.0
0,0,,1.0,0.0
1,1,,0.0,1.0
1,1,,0.0,1.0
0,0,,1.0,0.0
1,1,,0.0,1.0
1,1,,0.0,1.0
1,1,,0.0,1.0
1,1,,0.0,1.0
1,1,,0.0,1.0
1,1,,0.0,1.0
1,1,,0.0,1.0
1,1,,0.0,1.0
1,1,,0.0,1.0
1,1,,0.0,1.0
1,1,,0.0,1.0
1,1,,0.0,1.0
1,1,,0.0,1.0
1,1,,0.0,1.0
1,1,,0.0,1.0
1,1,,0.0,1.0
1,1,,0.0,1.0
1,1,,0.0,1.0
1,1,,0.0,1.0
1,1,,0.0,1.0
1,1,,0.0,1.0
1,1,,0.0,1.0
1,1,,0.0,1.0
1,1,,0.0,1.0
0,0,,1.0,0.0
1,1,,0.0,1.0
0,0,,1.0,0.0
1,1,,0.0,1.0
0,0,,1.0,0.0
1,1,,0.0,1.0
1,1,,0.0,1.0
1,1,,0.0,1.0
1,1,,0.0,1.0
1,1,,0.0,1.0
1,1,,0.0,1.0
1,1,,0.0,1.0
1,1,,0.0,1.0
1,1,,0.0,1.0
0,0,,1.0,0.0
1,1,,0.0,1.0
1,1,,0.0,1.0
1,1,,0.0,1.0
1,1,,0.0,1.0
1,1,,0.0,1.0
1,1,,0.0,1.0
1,1,,0.0,1.0
1,1,,0.0,1.0
1,1,,0.0,1.0
0,0,,1.0,0.0
1,1,,0.0,1.0
1,1,,0.0,1.0
1,1,,0.0,1.0
1,1,,0.0,1.0
1,1,,0.0,1.0
1,1,,0.0,1.0
1,1,,0.0,1.0
1,1,,0.0,1.0
1,1,,0.0,1.0
1,1,,0.0,1.0
1,1,,0.0,1.0
0,0,,1.0,0.0
1,1,,0.0,1.0
0,0,,1.0,0.0
1,1,,0.0,1.0
1,1,,0.0,1.0
1,1,,0.0,1.0
1,1,,0.0,1.0
1,1,,0.0,1.0
1,1,,0.0,1.0
1,1,,0.0,1.0
1,1,,0.0,1.0
1,1,,0.0,1.0
1,1,,0.0,1.0
1,1,,0.0,1.0
1,1,,0.0,1.0
1,1,,0.0,1.0
1,1,,0.0,1.0
0,0,,1.0,0.0
0,0,,1.0,0.0
1,1,,0.0,1.0
1,1,,0.0,1.0
1,1,,0.0,1.0
1,1,,0.0,1.0
1,1,,0.0,1.0
0,0,,1.0,0.0
1,1,,0.0,1.0
1,1,,0.0,1.0
1,1,,0.0,1.0
1,1,,0.0,1.0
1,1,,0.0,1.0
1,1,,0.0,1.0
1,1,,0.0,1.0
1,1,,0.0,1.0
1,1,,0.0,1.0
0,0,,1.0,0.0
1,1,,0.0,1.0
1,1,,0.0,1.0
1,1,,0.0,1.0
1,1,,0.0,1.0
1,1,,0.0,1.0
1,1,,0.0,1.0
1,1,,0.0,1.0
1,1,,0.0,1.0
1,1,,0.0,1.0
1,1,,0.0,1.0
1,1,,0.0,1.0
1,1,,0.0,1.0
1,1,,0.0,1.0
1,1,,0.0,1.0
1,1,,0.0,1.0
0,0,,1.0,0.0
1,1,,0.0,1.0
1,1,,0.0,1.0
1,1,,0.0,1.0
1,1,,0.0,1.0
1,1,,0.0,1.0
1,1,,0.0,1.0
1,1,,0.0,1.0
1,1,,0.0,1.0
0,0,,1.0,0.0
1,1,,0.0,1.0
1,1,,0.0,1.0
1,1,,0.0,1.0
1,1,,0.0,1.0
1,1,,0.0,1.0
0,0,,1.0,0.0
0,0,,1.0,0.0
1,1,,0.0,1.0
1,1,,0.0,1.0
1,1,,0.0,1.0
1,1,,0.0,1.0
1,1,,0.0,1.0
0,0,,1.0,0.0
1,1,,0.0,1.0
1,1,,0.0,1.0
1,1,,0.0,1.0
1,1,,0.0,1.0
1,1,,0.0,1.0
1,1,,0.0,1.0
1,1,,0.0,1.0
1,1,,0.0,1.0
1,1,,0.0,1.0
1,1,,0.0,1.0
1,1,,0.0,1.0
1,1,,0.0,1.0
1,1,,0.0,1.0
1,1,,0.0,1.0
1,1,,0.0,1.0
0,0,,1.0,0.0
1,1,,0.0,1.0
1,1,,0.0,1.0
1,1,,0.0,1.0
1,1,,0.0,1.0
1,1,,0.0,1.0
1,1,,0.0,1.0
1,1,,0.0,1.0
1,1,,0.0,1.0
1,1,,0.0,1.0
1,1,,0.0,1.0
0,0,,1.0,0.0
1,1,,0.0,1.0
1,1,,0.0,1.0
0,0,,1.0,0.0
1,1,,0.0,1.0
1,1,,0.0,1.0
1,1,,0.0,1.0
1,1,,0.0,1.0
1,1,,0.0,1.0
1,1,,0.0,1.0
1,1,,0.0,1.0
1,1,,0.0,1.0
1,1,,0.0,1.0
0,0,,1.0,0.0
1,1,,0.0,1.0
1,1,,0.0,1.0
1,1,,0.0,1.0
1,1,,0.0,1.0
1,1,,0.0,1.0
1,1,,0.0,1.0
0,0,,1.0,0.0
1,1,,0.0,1.0
1,1,,0.0,1.0
1,1,,0.0,1.0
1,1,,0.0,1.0
1,1,,0.0,1.0
1,1,,0.0,1.0
1,1,,0.0,1.0
1,1,,0.0,1.0
1,1,,0.0,1.0
1,1,,0.0,1.0
1,1,,0.0,1.0
1,1,,0.0,1.0
1,1,,0.0,1.0
0,0,,0.995,0.005
1,1,,0.0,1.0
1,1,,0.0,1.0
1,1,,0.0,1.0
1,1,,0.0,1.0
1,1,,0.0,1.0
1,1,,0.0,1.0
1,1,,0.0,1.0
1,1,,0.0,1.0
0,0,,1.0,0.0
0,0,,1.0,0.0
1,1,,0.0,1.0
1,1,,0.0,1.0
1,1,,0.0,1.0
1,1,,0.0,1.0
1,1,,0.0,1.0
1,1,,0.0,1.0
1,1,,0.0,1.0
1,1,,0.0,1.0
1,1,,0.0,1.0
0,0,,1.0,0.0
1,1,,0.0,1.0
1,1,,0.0,1.0
1,1,,0.0,1.0
1,1,,0.0,1.0
1,1,,0.0,1.0
1,1,,0.0,1.0
1,1,,0.0,1.0
1,1,,0.0,1.0
1,1,,0.0,1.0
1,1,,0.0,1.0
1,1,,0.0,1.0
1,1,,0.0,1.0
1,1,,0.0,1.0
1,1,,0.0,1.0
1,1,,0.0,1.0
1,1,,0.0,1.0
1,1,,0.0,1.0
1,1,,0.0,1.0
1,1,,0.0,1.0
1,1,,0.0,1.0
1,1,,0.0,1.0
1,1,,0.0,1.0
1,1,,0.0,1.0
1,1,,0.0,1.0
1,1,,0.0,1.0
1,1,,0.0,1.0
1,1,,0.0,1.0
0,0,,1.0,0.0
1,1,,0.0,1.0
1,1,,0.0,1.0
1,1,,0.0,1.0
1,1,,0.0,1.0
1,1,,0.0,1.0
0,0,,1.0,0.0
1,1,,0.0,1.0
0,0,,1.0,0.0
1,1,,0.0,1.0
1,1,,0.0,1.0
1,1,,0.0,1.0
1,1,,0.0,1.0
1,1,,0.0,1.0
1,1,,0.0,1.0
1,1,,0.0,1.0
1,1,,0.0,1.0
1,1,,0.0,1.0
1,1,,0.0,1.0
1,1,,0.0,1.0
1,1,,0.0,1.0
1,1,,0.0,1.0
0,0,,1.0,0.0
1,1,,0.0,1.0
1,1,,0.0,1.0
1,1,,0.0,1.0
1,1,,0.0,1.0
1,1,,0.0,1.0
1,1,,0.0,1.0
1,1,,0.0,1.0
1,1,,0.0,1.0
1,1,,0.0,1.0
1,1,,0.0,1.0
1,1,,0.0,1.0
1,1,,0.0,1.0
1,1,,0.0,1.0
1,1,,0.0,1.0
1,1,,0.0,1.0
1,1,,0.0,1.0
1,1,,0.0,1.0
1,1,,0.0,1.0
1,1,,0.0,1.0
0,0,,1.0,0.0
1,1,,0.0,1.0
1,1,,0.0,1.0
1,1,,0.0,1.0
1,1,,0.0,1.0
1,1,,0.0,1.0
1,1,,0.0,1.0
1,1,,0.0,1.0
1,1,,0.0,1.0
1,1,,0.0,1.0
1,1,,0.0,1.0
0,0,,1.0,0.0
1,1,,0.0,1.0
1,1,,0.0,1.0
1,1,,0.0,1.0
1,1,,0.0,1.0
1,1,,0.0,1.0
1,1,,0.0,1.0
0,0,,1.0,0.0
1,1,,0.0,1.0
0,0,,1.0,0.0
1,1,,0.0,1.0
1,1,,0.0,1.0
1,1,,0.0,1.0
1,1,,0.0,1.0
1,1,,0.0,1.0
1,1,,0.0,1.0
1,1,,0.0,1.0
1,1,,0.0,1.0
1,1,,0.0,1.0
1,1,,0.0,1.0
1,1,,0.0,1.0
1,1,,0.0,1.0
1,1,,0.0,1.0
1,1,,0.0,1.0
1,1,,0.0,1.0
1,1,,0.0,1.0
1,1,,0.0,1.0
1,1,,0.0,1.0
1,1,,0.0,1.0
1,1,,0.0,1.0
1,1,,0.0,1.0
1,1,,0.0,1.0
1,1,,0.0,1.0
1,1,,0.0,1.0
1,1,,0.0,1.0
1,1,,0.0,1.0
1,1,,0.0,1.0
1,1,,0.0,1.0
1,1,,0.0,1.0
1,1,,0.0,1.0
1,1,,0.0,1.0
1,1,,0.0,1.0
0,0,,1.0,0.0
1,1,,0.0,1.0
1,1,,0.0,1.0
1,1,,0.0,1.0
1,1,,0.0,1.0
1,1,,0.0,1.0
1,1,,0.0,1.0
1,1,,0.0,1.0
1,1,,0.0,1.0
1,1,,0.0,1.0
1,1,,0.0,1.0
1,1,,0.0,1.0
0,0,,1.0,0.0
0,0,,1.0,0.0
1,1,,0.0,1.0
0,0,,1.0,0.0
1,1,,0.0,1.0
1,1,,0.0,1.0
1,1,,0.0,1.0
1,1,,0.0,1.0
1,1,,0.0,1.0
1,1,,0.0,1.0
1,1,,0.0,1.0
1,1,,0.0,1.0
1,1,,0.0,1.0
1,1,,0.0,1.0
1,1,,0.0,1.0
1,1,,0.0,1.0
1,1,,0.0,1.0
1,1,,0.0,1.0
1,1,,0.0,1.0
1,1,,0.0,1.0
0,0,,0.92,0.08
1,1,,0.0,1.0
1,1,,0.0,1.0
1,1,,0.0,1.0
1,1,,0.0,1.0
1,1,,0.0,1.0
0,0,,1.0,0.0
0,0,,0.995,0.005
1,1,,0.0,1.0
0,0,,1.0,0.0
1,1,,0.0,1.0
1,1,,0.0,1.0
1,1,,0.0,1.0
1,1,,0.0,1.0
0,0,,1.0,0.0
1,1,,0.0,1.0
0,0,,1.0,0.0
1,1,,0.0,1.0
1,1,,0.0,1.0
1,1,,0.0,1.0
1,1,,0.0,1.0
0,0,,1.0,0.0
1,1,,0.0,1.0
1,1,,0.0,1.0
1,1,,0.0,1.0
1,1,,0.0,1.0
1,1,,0.0,1.0
1,1,,0.0,1.0
0,0,,1.0,0.0
1,1,,0.0,1.0
1,1,,0.0,1.0
1,1,,0.0,1.0
1,1,,0.0,1.0
1,1,,0.0,1.0
1,1,,0.0,1.0
1,1,,0.0,1.0
1,1,,0.0,1.0
1,1,,0.0,1.0
1,1,,0.0,1.0
1,1,,0.0,1.0
1,1,,0.0,1.0
1,1,,0.0,1.0
1,1,,0.0,1.0
1,1,,0.0,1.0
1,1,,0.0,1.0
1,1,,0.0,1.0
1,1,,0.0,1.0
1,1,,0.0,1.0
0,0,,1.0,0.0
1,1,,0.0,1.0
1,1,,0.0,1.0
1,1,,0.0,1.0
1,1,,0.0,1.0
1,1,,0.0,1.0
1,1,,0.0,1.0
1,1,,0.0,1.0
1,1,,0.0,1.0
1,1,,0.0,1.0
1,1,,0.0,1.0
1,1,,0.0,1.0
0,0,,1.0,0.0
1,1,,0.0,1.0
1,1,,0.0,1.0
1,1,,0.0,1.0
1,1,,0.0,1.0
1,1,,0.0,1.0
1,1,,0.0,1.0
1,1,,0.0,1.0
1,1,,0.0,1.0
1,1,,0.0,1.0
1,1,,0.0,1.0
1,1,,0.0,1.0
1,1,,0.0,1.0
0,0,,1.0,0.0
1,1,,0.0,1.0
1,1,,0.0,1.0
1,1,,0.0,1.0
1,1,,0.0,1.0
1,1,,0.06,0.94
1,1,,0.0,1.0
1,1,,0.0,1.0
1,1,,0.0,1.0
1,1,,0.0,1.0
1,1,,0.0,1.0
1,1,,0.0,1.0
1,1,,0.0,1.0
1,1,,0.0,1.0
1,1,,0.0,1.0
1,1,,0.0,1.0
1,1,,0.0,1.0
1,1,,0.0,1.0
1,1,,0.0,1.0
0,0,,1.0,0.0
1,1,,0.0,1.0
0,0,,1.0,0.0
1,1,,0.0,1.0
1,1,,0.0,1.0
1,1,,0.0,1.0
1,1,,0.0,1.0
1,1,,0.005,0.995
1,1,,0.0,1.0
1,1,,0.0,1.0
1,1,,0.0,1.0
1,1,,0.0,1.0
1,1,,0.0,1.0
1,1,,0.0,1.0
1,1,,0.0,1.0
1,1,,0.0,1.0
1,1,,0.0,1.0
0,0,,1.0,0.0
1,1,,0.0,1.0
1,1,,0.0,1.0
0,0,,1.0,0.0
1,1,,0.0,1.0
1,1,,0.0,1.0
1,1,,0.0,1.0
1,1,,0.06,0.94
1,1,,0.0,1.0
1,1,,0.0,1.0
1,1,,0.0,1.0
1,1,,0.0,1.0
1,1,,0.0,1.0
0,0,,1.0,0.0
1,1,,0.0,1.0
1,1,,0.0,1.0
1,1,,0.0,1.0
1,1,,0.0,1.0
1,1,,0.0,1.0
1,1,,0.0,1.0
1,1,,0.0,1.0
1,1,,0.0,1.0
1,1,,0.0,1.0
1,1,,0.0,1.0
1,1,,0.0,1.0
1,1,,0.0,1.0
1,1,,0.0,1.0
1,1,,0.0,1.0
1,1,,0.0,1.0
1,1,,0.0,1.0
1,1,,0.0,1.0
1,1,,0.0,1.0
1,1,,0.0,1.0
1,1,,0.0,1.0
1,1,,0.0,1.0
1,1,,0.0,1.0
1,1,,0.0,1.0
1,1,,0.0,1.0
0,0,,1.0,0.0
1,1,,0.0,1.0
1,1,,0.0,1.0
1,1,,0.0,1.0
1,1,,0.0,1.0
1,1,,0.0,1.0
1,1,,0.0,1.0
1,1,,0.0,1.0
1,1,,0.0,1.0
1,1,,0.0,1.0
0,0,,1.0,0.0
1,1,,0.0,1.0
1,1,,0.0,1.0
1,1,,0.0,1.0
1,1,,0.0,1.0
0,0,,1.0,0.0
0,0,,1.0,0.0
0,0,,1.0,0.0
1,1,,0.0,1.0
1,1,,0.0,1.0
1,1,,0.0,1.0
0,0,,1.0,0.0
1,1,,0.0,1.0
1,1,,0.0,1.0
1,1,,0.0,1.0
1,1,,0.0,1.0
1,1,,0.0,1.0
1,1,,0.0,1.0
1,1,,0.0,1.0
1,1,,0.0,1.0
1,1,,0.0,1.0
1,1,,0.0,1.0
1,1,,0.0,1.0
1,1,,0.0,1.0
1,1,,0.0,1.0
1,1,,0.0,1.0
1,1,,0.0,1.0
0,0,,1.0,0.0
1,1,,0.0,1.0
1,1,,0.0,1.0
0,0,,1.0,0.0
1,1,,0.0,1.0
1,1,,0.0,1.0
1,1,,0.0,1.0
1,1,,0.0,1.0
0,0,,0.985,0.015
1,1,,0.0,1.0
1,1,,0.0,1.0
1,1,,0.0,1.0
1,1,,0.0,1.0
1,1,,0.0,1.0
1,1,,0.0,1.0
1,1,,0.0,1.0
1,1,,0.0,1.0
1,1,,0.0,1.0
1,1,,0.0,1.0
1,1,,0.0,1.0
1,1,,0.0,1.0
1,1,,0.0,1.0
1,1,,0.0,1.0
1,1,,0.0,1.0
1,1,,0.0,1.0
1,1,,0.0,1.0
1,1,,0.0,1.0
1,1,,0.0,1.0
1,1,,0.0,1.0
1,1,,0.0,1.0
1,1,,0.0,1.0
1,1,,0.0,1.0
1,1,,0.0,1.0
1,1,,0.0,1.0
1,1,,0.0,1.0
1,1,,0.0,1.0
1,1,,0.0,1.0
1,1,,0.0,1.0
1,1,,0.0,1.0
1,1,,0.0,1.0
1,1,,0.0,1.0
0,0,,1.0,0.0
1,1,,0.0,1.0
1,1,,0.0,1.0
1,1,,0.0,1.0
1,1,,0.0,1.0
1,1,,0.0,1.0
1,1,,0.0,1.0
1,1,,0.0,1.0
1,1,,0.0,1.0
1,1,,0.0,1.0
0,0,,1.0,0.0
1,1,,0.0,1.0
1,1,,0.0,1.0
1,1,,0.0,1.0
0,0,,1.0,0.0
1,1,,0.0,1.0
1,1,,0.0,1.0
1,1,,0.0,1.0
1,1,,0.0,1.0
1,1,,0.0,1.0
1,1,,0.0,1.0
1,1,,0.0,1.0
1,1,,0.0,1.0
1,1,,0.0,1.0
1,1,,0.0,1.0
0,0,,1.0,0.0
1,1,,0.0,1.0
1,1,,0.0,1.0
1,1,,0.0,1.0
1,1,,0.0,1.0
1,1,,0.0,1.0
1,1,,0.0,1.0
1,1,,0.0,1.0
1,1,,0.0,1.0
1,1,,0.0,1.0
1,1,,0.0,1.0
1,1,,0.0,1.0
1,1,,0.0,1.0
1,1,,0.0,1.0
1,1,,0.0,1.0
0,0,,1.0,0.0
0,0,,1.0,0.0
1,1,,0.0,1.0
1,1,,0.0,1.0
1,1,,0.0,1.0
1,1,,0.0,1.0
1,1,,0.0,1.0
1,1,,0.0,1.0
1,1,,0.0,1.0
1,1,,0.0,1.0
1,1,,0.005,0.995
1,1,,0.0,1.0
1,1,,0.0,1.0
1,1,,0.0,1.0
1,1,,0.0,1.0
1,1,,0.0,1.0
1,1,,0.0,1.0
1,1,,0.0,1.0
1,1,,0.0,1.0
0,0,,1.0,0.0
1,1,,0.0,1.0
1,1,,0.0,1.0
1,1,,0.0,1.0
1,1,,0.0,1.0
1,1,,0.0,1.0
1,1,,0.0,1.0
1,1,,0.0,1.0
1,1,,0.0,1.0
1,1,,0.0,1.0
0,0,,1.0,0.0
1,1,,0.0,1.0
0,0,,0.99,0.01
0,0,,1.0,0.0
1,1,,0.0,1.0
1,1,,0.0,1.0
1,1,,0.0,1.0
1,1,,0.0,1.0
1,1,,0.0,1.0
1,1,,0.0,1.0
1,1,,0.0,1.0
1,1,,0.0,1.0
1,1,,0.0,1.0
1,1,,0.0,1.0
1,1,,0.0,1.0
1,1,,0.0,1.0
1,1,,0.0,1.0
1,1,,0.0,1.0
1,1,,0.0,1.0
1,1,,0.0,1.0
1,1,,0.0,1.0
1,1,,0.0,1.0
1,1,,0.0,1.0
1,1,,0.0,1.0
1,1,,0.0,1.0
1,1,,0.0,1.0
1,1,,0.0,1.0
1,1,,0.0,1.0
1,1,,0.0,1.0
1,1,,0.0,1.0
0,0,,1.0,0.0
1,1,,0.0,1.0
1,1,,0.0,1.0
1,1,,0.0,1.0
1,1,,0.0,1.0
1,1,,0.0,1.0
1,1,,0.0,1.0
1,1,,0.0,1.0
1,1,,0.0,1.0
1,1,,0.0,1.0
1,1,,0.0,1.0
1,1,,0.0,1.0
1,1,,0.0,1.0
1,1,,0.0,1.0
0,0,,1.0,0.0
1,1,,0.0,1.0
1,1,,0.0,1.0
0,0,,1.0,0.0
1,1,,0.0,1.0
1,1,,0.0,1.0
1,1,,0.0,1.0
1,1,,0.005,0.995
1,1,,0.0,1.0
1,1,,0.0,1.0
1,1,,0.0,1.0
1,1,,0.0,1.0
1,1,,0.0,1.0
1,1,,0.0,1.0
1,1,,0.0,1.0
1,1,,0.0,1.0
1,1,,0.0,1.0
1,1,,0.0,1.0
1,1,,0.0,1.0
1,1,,0.0,1.0
1,1,,0.0,1.0
1,1,,0.0,1.0
1,1,,0.0,1.0
1,1,,0.0,1.0
1,1,,0.0,1.0
0,0,,1.0,0.0
1,1,,0.005,0.995
1,1,,0.0,1.0
1,1,,0.0,1.0
0,0,,1.0,0.0
1,1,,0.0,1.0
1,1,,0.0,1.0
1,1,,0.0,1.0
1,1,,0.0,1.0
1,1,,0.0,1.0
1,1,,0.0,1.0
1,1,,0.0,1.0
1,1,,0.0,1.0
1,1,,0.0,1.0
1,1,,0.0,1.0
1,1,,0.0,1.0
1,1,,0.0,1.0
1,1,,0.0,1.0
1,1,,0.0,1.0
1,1,,0.0,1.0
0,0,,1.0,0.0
1,1,,0.0,1.0
1,1,,0.0,1.0
1,1,,0.0,1.0
1,1,,0.0,1.0
1,1,,0.0,1.0
1,1,,0.0,1.0
1,1,,0.0,1.0
1,1,,0.0,1.0
1,1,,0.0,1.0
1,1,,0.0,1.0
1,1,,0.0,1.0
1,1,,0.0,1.0
1,1,,0.0,1.0
1,1,,0.0,1.0
1,1,,0.0,1.0
1,1,,0.0,1.0
0,0,,1.0,0.0
1,1,,0.0,1.0
1,1,,0.0,1.0
1,1,,0.0,1.0
1,1,,0.0,1.0
1,1,,0.0,1.0
1,1,,0.0,1.0
1,1,,0.0,1.0
1,1,,0.0,1.0
1,1,,0.0,1.0
1,1,,0.0,1.0
1,1,,0.0,1.0
1,1,,0.0,1.0
1,1,,0.0,1.0
1,1,,0.0,1.0
1,1,,0.0,1.0
1,1,,0.0,1.0
1,1,,0.0,1.0
0,0,,0.985,0.015
1,1,,0.0,1.0
1,1,,0.0,1.0
1,1,,0.0,1.0
1,1,,0.0,1.0
0,0,,1.0,0.0
1,1,,0.0,1.0
0,0,,1.0,0.0
1,1,,0.0,1.0
1,1,,0.0,1.0
1,1,,0.0,1.0
0,0,,1.0,0.0
1,1,,0.0,1.0
0,0,,0.995,0.005
1,1,,0.0,1.0
1,1,,0.0,1.0
1,1,,0.0,1.0
0,0,,1.0,0.0
1,1,,0.0,1.0
1,1,,0.0,1.0
1,1,,0.0,1.0
1,1,,0.0,1.0
1,1,,0.0,1.0
1,1,,0.0,1.0
1,1,,0.0,1.0
1,1,,0.0,1.0
1,1,,0.0,1.0
1,1,,0.0,1.0
1,1,,0.0,1.0
1,1,,0.0,1.0
1,1,,0.0,1.0
1,1,,0.0,1.0
1,1,,0.0,1.0
1,1,,0.0,1.0
0,0,,1.0,0.0
1,1,,0.0,1.0
1,1,,0.0,1.0
0,0,,1.0,0.0
1,1,,0.0,1.0
1,1,,0.0,1.0
1,1,,0.0,1.0
1,1,,0.0,1.0
0,0,,1.0,0.0
1,1,,0.0,1.0
1,1,,0.0,1.0
1,1,,0.0,1.0
1,1,,0.0,1.0
1,1,,0.0,1.0
1,1,,0.0,1.0
1,1,,0.0,1.0
0,0,,1.0,0.0
1,1,,0.0,1.0
1,1,,0.0,1.0
0,0,,1.0,0.0
1,1,,0.0,1.0
1,1,,0.0,1.0
1,1,,0.0,1.0
0,0,,1.0,0.0
1,1,,0.0,1.0
0,0,,1.0,0.0
1,1,,0.0,1.0
0,0,,1.0,0.0
1,1,,0.0,1.0
1,1,,0.0,1.0
1,1,,0.0,1.0
1,1,,0.0,1.0
0,0,,1.0,0.0
0,0,,1.0,0.0
1,1,,0.0,1.0
1,1,,0.0,1.0
0,0,,1.0,0.0
1,1,,0.0,1.0
1,1,,0.0,1.0
1,1,,0.0,1.0
1,1,,0.0,1.0
1,1,,0.0,1.0
1,1,,0.0,1.0
1,1,,0.0,1.0
0,0,,1.0,0.0
1,1,,0.0,1.0
1,1,,0.0,1.0
1,1,,0.0,1.0
1,1,,0.0,1.0
1,1,,0.0,1.0
1,1,,0.0,1.0
1,1,,0.0,1.0
1,1,,0.0,1.0
1,1,,0.0,1.0
1,1,,0.0,1.0
1,1,,0.0,1.0
1,1,,0.0,1.0
1,1,,0.0,1.0
1,1,,0.0,1.0
1,1,,0.0,1.0
1,1,,0.0,1.0
1,1,,0.0,1.0
0,0,,1.0,0.0
1,1,,0.0,1.0
1,1,,0.0,1.0
1,1,,0.0,1.0
1,1,,0.0,1.0
1,1,,0.0,1.0
1,1,,0.0,1.0
1,1,,0.0,1.0
1,1,,0.0,1.0
1,1,,0.0,1.0
1,1,,0.0,1.0
1,1,,0.0,1.0
1,1,,0.0,1.0
1,1,,0.0,1.0
1,1,,0.0,1.0
1,1,,0.0,1.0
1,1,,0.0,1.0
1,1,,0.0,1.0
1,1,,0.0,1.0
1,1,,0.0,1.0
1,1,,0.0,1.0
1,1,,0.0,1.0
1,1,,0.0,1.0
1,1,,0.0,1.0
1,1,,0.0,1.0
1,1,,0.0,1.0
1,1,,0.0,1.0
1,1,,0.0,1.0
1,1,,0.0,1.0
1,1,,0.0,1.0
1,1,,0.0,1.0
1,1,,0.0,1.0
0,0,,1.0,0.0
1,1,,0.0,1.0
1,1,,0.0,1.0
1,1,,0.0,1.0
0,0,,1.0,0.0
1,1,,0.0,1.0
1,1,,0.0,1.0
1,1,,0.0,1.0
1,1,,0.0,1.0
1,1,,0.0,1.0
1,1,,0.0,1.0
1,1,,0.0,1.0
1,1,,0.0,1.0
1,1,,0.0,1.0
1,1,,0.0,1.0
1,1,,0.0,1.0
1,1,,0.0,1.0
1,1,,0.0,1.0
1,1,,0.0,1.0
1,1,,0.0,1.0
1,1,,0.0,1.0
0,0,,1.0,0.0
1,1,,0.0,1.0
1,1,,0.0,1.0
1,1,,0.0,1.0
0,0,,1.0,0.0
1,1,,0.0,1.0
1,1,,0.0,1.0
1,1,,0.0,1.0
1,1,,0.0,1.0
1,1,,0.0,1.0
1,1,,0.0,1.0
1,1,,0.0,1.0
1,1,,0.0,1.0
1,1,,0.0,1.0
1,1,,0.0,1.0
1,1,,0.0,1.0
1,1,,0.0,1.0
1,1,,0.0,1.0
1,1,,0.0,1.0
1,1,,0.0,1.0
1,1,,0.0,1.0
1,1,,0.0,1.0
1,1,,0.0,1.0
1,1,,0.0,1.0
1,1,,0.0,1.0
1,1,,0.0,1.0
1,1,,0.0,1.0
1,1,,0.0,1.0
1,1,,0.0,1.0
1,1,,0.0,1.0
1,1,,0.0,1.0
1,1,,0.0,1.0
0,0,,1.0,0.0
1,1,,0.0,1.0
1,1,,0.0,1.0
1,1,,0.0,1.0
0,0,,1.0,0.0
1,1,,0.0,1.0
1,1,,0.0,1.0
0,0,,1.0,0.0
1,1,,0.0,1.0
1,1,,0.0,1.0
1,1,,0.0,1.0
1,1,,0.0,1.0
1,1,,0.0,1.0
1,1,,0.0,1.0
1,1,,0.0,1.0
1,1,,0.0,1.0
1,1,,0.0,1.0
1,1,,0.0,1.0
1,1,,0.0,1.0
1,1,,0.0,1.0
1,1,,0.0,1.0
1,1,,0.0,1.0
1,1,,0.0,1.0
1,1,,0.0,1.0
1,1,,0.0,1.0
1,1,,0.0,1.0
1,1,,0.0,1.0
1,1,,0.0,1.0
1,1,,0.0,1.0
0,0,,1.0,0.0
1,1,,0.0,1.0
1,1,,0.0,1.0
1,1,,0.0,1.0
1,1,,0.0,1.0
1,1,,0.0,1.0
1,1,,0.0,1.0
1,1,,0.0,1.0
1,1,,0.0,1.0
1,1,,0.005,0.995
1,1,,0.0,1.0
1,1,,0.0,1.0
1,1,,0.0,1.0
1,1,,0.0,1.0
1,1,,0.0,1.0
1,1,,0.0,1.0
0,0,,1.0,0.0
1,1,,0.0,1.0
1,1,,0.0,1.0
1,1,,0.0,1.0
1,1,,0.0,1.0
0,0,,1.0,0.0
1,1,,0.0,1.0
1,1,,0.0,1.0
1,1,,0.0,1.0
0,0,,1.0,0.0
1,1,,0.0,1.0
1,1,,0.0,1.0
1,1,,0.0,1.0
1,1,,0.0,1.0
0,0,,1.0,0.0
1,1,,0.0,1.0
1,1,,0.005,0.995
1,1,,0.0,1.0
1,1,,0.0,1.0
1,1,,0.0,1.0
0,0,,1.0,0.0
0,0,,1.0,0.0
1,1,,0.0,1.0
1,1,,0.0,1.0
1,1,,0.0,1.0
1,1,,0.0,1.0
1,1,,0.0,1.0
0,0,,1.0,0.0
0,0,,1.0,0.0
1,1,,0.0,1.0
1,1,,0.0,1.0
1,1,,0.0,1.0
1,1,,0.0,1.0
1,1,,0.0,1.0
1,1,,0.0,1.0
0,0,,1.0,0.0
1,1,,0.0,1.0
1,1,,0.0,1.0
1,1,,0.0,1.0
1,1,,0.0,1.0
1,1,,0.0,1.0
1,1,,0.0,1.0
1,1,,0.0,1.0
1,1,,0.0,1.0
1,1,,0.0,1.0
1,1,,0.0,1.0
1,1,,0.0,1.0
1,1,,0.0,1.0
1,1,,0.0,1.0
1,1,,0.0,1.0
1,1,,0.0,1.0
1,1,,0.0,1.0
1,1,,0.0,1.0
1,1,,0.0,1.0
1,1,,0.0,1.0
1,1,,0.0,1.0
1,1,,0.0,1.0
0,0,,1.0,0.0
1,1,,0.0,1.0
0,0,,1.0,0.0
1,1,,0.0,1.0
1,1,,0.0,1.0
1,1,,0.0,1.0
1,1,,0.0,1.0
1,1,,0.0,1.0
1,1,,0.0,1.0
0,0,,1.0,0.0
1,1,,0.0,1.0
1,1,,0.0,1.0
1,1,,0.0,1.0
1,1,,0.0,1.0
1,1,,0.0,1.0
1,1,,0.0,1.0
1,1,,0.0,1.0
1,1,,0.0,1.0
0,0,,1.0,0.0
1,1,,0.0,1.0
1,1,,0.0,1.0
1,1,,0.0,1.0
1,1,,0.0,1.0
1,1,,0.0,1.0
1,1,,0.0,1.0
1,1,,0.0,1.0
1,1,,0.0,1.0
0,0,,1.0,0.0
1,1,,0.0,1.0
1,1,,0.0,1.0
1,1,,0.0,1.0
1,1,,0.0,1.0
0,0,,1.0,0.0
1,1,,0.0,1.0
1,1,,0.0,1.0
1,1,,0.0,1.0
1,1,,0.0,1.0
1,1,,0.0,1.0
1,1,,0.0,1.0
1,1,,0.0,1.0
1,1,,0.0,1.0
0,0,,1.0,0.0
1,1,,0.0,1.0
0,0,,1.0,0.0
1,1,,0.0,1.0
1,1,,0.0,1.0
1,1,,0.0,1.0
1,1,,0.0,1.0
1,1,,0.0,1.0
0,0,,1.0,0.0
1,1,,0.0,1.0
1,1,,0.0,1.0
1,1,,0.0,1.0
0,0,,1.0,0.0
0,0,,1.0,0.0
1,1,,0.0,1.0
1,1,,0.0,1.0
1,1,,0.0,1.0
1,1,,0.0,1.0
1,1,,0.0,1.0
1,1,,0.0,1.0
1,1,,0.0,1.0
1,1,,0.0,1.0
1,1,,0.0,1.0
0,0,,1.0,0.0
1,1,,0.0,1.0
1,1,,0.0,1.0
1,1,,0.0,1.0
0,0,,1.0,0.0
1,1,,0.0,1.0
1,1,,0.0,1.0
1,1,,0.0,1.0
1,1,,0.0,1.0
1,1,,0.0,1.0
1,1,,0.0,1.0
0,0,,1.0,0.0
1,1,,0.0,1.0
1,1,,0.0,1.0
1,1,,0.0,1.0
1,1,,0.0,1.0
1,1,,0.0,1.0
1,1,,0.0,1.0
1,1,,0.0,1.0
1,1,,0.0,1.0
1,1,,0.0,1.0
1,1,,0.0,1.0
1,1,,0.0,1.0
1,1,,0.0,1.0
1,1,,0.0,1.0
1,1,,0.0,1.0
1,1,,0.0,1.0
1,1,,0.0,1.0
1,1,,0.0,1.0
1,1,,0.0,1.0
1,1,,0.0,1.0
1,1,,0.0,1.0
1,1,,0.0,1.0
1,1,,0.0,1.0
1,1,,0.0,1.0
1,1,,0.0,1.0
1,1,,0.0,1.0
1,1,,0.0,1.0
0,0,,1.0,0.0
1,1,,0.0,1.0
1,1,,0.0,1.0
1,1,,0.0,1.0
1,1,,0.0,1.0
1,1,,0.0,1.0
1,1,,0.0,1.0
1,1,,0.0,1.0
0,0,,1.0,0.0
1,1,,0.0,1.0
1,1,,0.0,1.0
1,1,,0.0,1.0
1,1,,0.0,1.0
1,1,,0.0,1.0
1,1,,0.0,1.0
1,1,,0.0,1.0
1,1,,0.0,1.0
0,0,,1.0,0.0
0,0,,0.995,0.005
1,1,,0.0,1.0
1,1,,0.0,1.0
1,1,,0.0,1.0
1,1,,0.0,1.0
1,1,,0.0,1.0
1,1,,0.0,1.0
1,1,,0.0,1.0
1,1,,0.0,1.0
1,1,,0.0,1.0
0,0,,1.0,0.0
1,1,,0.0,1.0
1,1,,0.0,1.0
1,1,,0.0,1.0
1,1,,0.0,1.0
1,1,,0.0,1.0
1,1,,0.0,1.0
1,1,,0.0,1.0
1,1,,0.03,0.97
1,1,,0.0,1.0
1,1,,0.0,1.0
0,0,,1.0,0.0
1,1,,0.0,1.0
0,0,,1.0,0.0
0,0,,0.995,0.005
0,0,,1.0,0.0
0,0,,1.0,0.0
1,1,,0.0,1.0
1,1,,0.0,1.0
1,1,,0.0,1.0
1,1,,0.0,1.0
1,1,,0.0,1.0
1,1,,0.0,1.0
1,1,,0.0,1.0
1,1,,0.0,1.0
1,1,,0.0,1.0
1,1,,0.0,1.0
1,1,,0.0,1.0
1,1,,0.0,1.0
1,1,,0.0,1.0
1,1,,0.0,1.0
1,1,,0.0,1.0
1,1,,0.0,1.0
1,1,,0.0,1.0
1,1,,0.0,1.0
1,1,,0.0,1.0
1,1,,0.0,1.0
1,1,,0.0,1.0
1,1,,0.0,1.0
1,1,,0.0,1.0
1,1,,0.0,1.0
1,1,,0.0,1.0
1,1,,0.0,1.0
0,0,,0.995,0.005
1,1,,0.0,1.0
1,1,,0.0,1.0
1,1,,0.0,1.0
1,1,,0.0,1.0
1,1,,0.0,1.0
1,1,,0.0,1.0
1,1,,0.0,1.0
1,1,,0.0,1.0
1,1,,0.0,1.0
1,1,,0.0,1.0
1,1,,0.0,1.0
1,1,,0.0,1.0
1,1,,0.0,1.0
0,0,,1.0,0.0
1,1,,0.0,1.0
1,1,,0.0,1.0
1,1,,0.0,1.0
1,1,,0.0,1.0
1,1,,0.0,1.0
0,0,,1.0,0.0
1,1,,0.0,1.0
1,1,,0.0,1.0
0,0,,1.0,0.0
1,1,,0.0,1.0
1,1,,0.0,1.0
1,1,,0.0,1.0
1,1,,0.0,1.0
1,1,,0.0,1.0
1,1,,0.0,1.0
1,1,,0.0,1.0
0,0,,1.0,0.0
1,1,,0.0,1.0
1,1,,0.0,1.0
1,1,,0.0,1.0
1,1,,0.0,1.0
1,1,,0.0,1.0
1,1,,0.0,1.0
1,1,,0.0,1.0
0,0,,0.995,0.005
1,1,,0.0,1.0
1,1,,0.0,1.0
0,0,,1.0,0.0
1,1,,0.0,1.0
1,1,,0.0,1.0
1,1,,0.0,1.0
1,1,,0.0,1.0
1,1,,0.0,1.0
1,1,,0.0,1.0
1,1,,0.0,1.0
0,0,,1.0,0.0
1,1,,0.0,1.0
1,1,,0.0,1.0
1,1,,0.0,1.0
1,1,,0.0,1.0
1,1,,0.0,1.0
1,1,,0.0,1.0
1,1,,0.0,1.0
1,1,,0.0,1.0
1,1,,0.0,1.0
1,1,,0.0,1.0
1,1,,0.0,1.0
1,1,,0.0,1.0
0,0,,1.0,0.0
1,1,,0.0,1.0
0,0,,1.0,0.0
1,1,,0.0,1.0
1,1,,0.0,1.0
1,1,,0.0,1.0
1,1,,0.0,1.0
1,1,,0.0,1.0
1,1,,0.0,1.0
1,1,,0.0,1.0
1,1,,0.0,1.0
1,1,,0.0,1.0
0,0,,1.0,0.0
1,1,,0.0,1.0
1,1,,0.0,1.0
1,1,,0.0,1.0
1,1,,0.0,1.0
1,1,,0.0,1.0
1,1,,0.0,1.0
1,1,,0.0,1.0
1,1,,0.0,1.0
1,1,,0.06,0.94
1,1,,0.0,1.0
1,1,,0.0,1.0
1,1,,0.0,1.0
1,1,,0.0,1.0
1,1,,0.0,1.0
1,1,,0.0,1.0
1,1,,0.0,1.0
1,1,,0.0,1.0
1,1,,0.0,1.0
0,0,,1.0,0.0
1,1,,0.0,1.0
1,1,,0.0,1.0
1,1,,0.0,1.0
1,1,,0.0,1.0
1,1,,0.0,1.0
1,1,,0.0,1.0
1,1,,0.0,1.0
1,1,,0.0,1.0
1,1,,0.0,1.0
1,1,,0.0,1.0
1,1,,0.0,1.0
1,1,,0.0,1.0
0,0,,1.0,0.0
1,1,,0.0,1.0
1,1,,0.0,1.0
1,1,,0.0,1.0
1,1,,0.0,1.0
0,0,,1.0,0.0
1,1,,0.0,1.0
1,1,,0.0,1.0
1,1,,0.0,1.0
1,1,,0.0,1.0
1,1,,0.0,1.0
1,1,,0.0,1.0
1,1,,0.0,1.0
1,1,,0.0,1.0
1,1,,0.0,1.0
0,0,,1.0,0.0
1,1,,0.0,1.0
1,1,,0.0,1.0
1,1,,0.0,1.0
0,0,,1.0,0.0
0,0,,1.0,0.0
1,1,,0.0,1.0
1,1,,0.0,1.0
1,1,,0.0,1.0
0,0,,1.0,0.0
1,1,,0.0,1.0
1,1,,0.0,1.0
0,0,,1.0,0.0
1,1,,0.0,1.0
1,1,,0.0,1.0
1,1,,0.0,1.0
1,1,,0.0,1.0
1,1,,0.0,1.0
1,1,,0.0,1.0
1,1,,0.0,1.0
1,1,,0.0,1.0
1,1,,0.0,1.0
1,1,,0.0,1.0
1,1,,0.0,1.0
1,1,,0.0,1.0
1,1,,0.0,1.0
1,1,,0.0,1.0
1,1,,0.0,1.0
1,1,,0.0,1.0
1,1,,0.0,1.0
1,1,,0.0,1.0
1,1,,0.0,1.0
1,1,,0.0,1.0
1,1,,0.0,1.0
1,1,,0.0,1.0
1,1,,0.0,1.0
0,0,,1.0,0.0
1,1,,0.0,1.0
1,1,,0.0,1.0
1,1,,0.0,1.0
1,1,,0.0,1.0
1,1,,0.0,1.0
1,1,,0.0,1.0
1,1,,0.0,1.0
1,1,,0.0,1.0
0,0,,1.0,0.0
1,1,,0.0,1.0
1,1,,0.0,1.0
1,1,,0.0,1.0
0,0,,1.0,0.0
1,1,,0.0,1.0
1,1,,0.0,1.0
1,1,,0.0,1.0
1,1,,0.0,1.0
1,1,,0.0,1.0
1,1,,0.005,0.995
1,1,,0.0,1.0
1,1,,0.0,1.0
1,1,,0.0,1.0
1,1,,0.0,1.0
1,1,,0.0,1.0
1,1,,0.0,1.0
1,1,,0.0,1.0
1,1,,0.0,1.0
1,1,,0.0,1.0
1,1,,0.0,1.0
1,1,,0.0,1.0
1,1,,0.0,1.0
1,1,,0.0,1.0
1,1,,0.0,1.0
1,1,,0.0,1.0
1,1,,0.0,1.0
1,1,,0.0,1.0
1,1,,0.0,1.0
1,1,,0.0,1.0
1,1,,0.0,1.0
1,1,,0.0,1.0
1,1,,0.0,1.0
1,1,,0.0,1.0
0,0,,1.0,0.0
1,1,,0.0,1.0
1,1,,0.0,1.0
1,1,,0.0,1.0
1,1,,0.0,1.0
1,1,,0.0,1.0
1,1,,0.0,1.0
1,1,,0.0,1.0
1,1,,0.0,1.0
1,1,,0.0,1.0
1,1,,0.0,1.0
0,0,,1.0,0.0
1,1,,0.0,1.0
1,1,,0.0,1.0
1,1,,0.0,1.0
1,1,,0.0,1.0
1,1,,0.0,1.0
1,1,,0.0,1.0
1,1,,0.0,1.0
0,0,,1.0,0.0
1,1,,0.0,1.0
1,1,,0.0,1.0
1,1,,0.0,1.0
1,1,,0.0,1.0
1,1,,0.0,1.0
1,1,,0.0,1.0
1,1,,0.0,1.0
1,1,,0.0,1.0
1,1,,0.0,1.0
1,1,,0.0,1.0
1,1,,0.0,1.0
1,1,,0.0,1.0
1,1,,0.0,1.0
1,1,,0.0,1.0
1,1,,0.0,1.0
0,0,,0.995,0.005
1,1,,0.0,1.0
0,0,,1.0,0.0
1,1,,0.0,1.0
1,1,,0.0,1.0
1,1,,0.0,1.0
1,1,,0.0,1.0
1,1,,0.0,1.0
1,1,,0.0,1.0
1,1,,0.0,1.0
0,0,,1.0,0.0
1,1,,0.0,1.0
1,1,,0.0,1.0
1,1,,0.0,1.0
1,1,,0.0,1.0
1,1,,0.0,1.0
1,1,,0.0,1.0
1,1,,0.0,1.0
1,1,,0.0,1.0
1,1,,0.0,1.0
1,1,,0.0,1.0
0,0,,1.0,0.0
1,1,,0.0,1.0
1,1,,0.0,1.0
1,1,,0.0,1.0
1,1,,0.0,1.0
0,0,,1.0,0.0
0,0,,1.0,0.0
1,1,,0.0,1.0
1,1,,0.0,1.0
1,1,,0.0,1.0
1,1,,0.0,1.0
1,1,,0.0,1.0
1,1,,0.0,1.0
1,1,,0.0,1.0
0,0,,1.0,0.0
0,0,,1.0,0.0
1,1,,0.0,1.0
1,1,,0.0,1.0
1,1,,0.0,1.0
1,1,,0.0,1.0
1,1,,0.0,1.0
1,1,,0.0,1.0
1,1,,0.0,1.0
0,0,,0.995,0.005
1,1,,0.0,1.0
1,1,,0.0,1.0
1,1,,0.0,1.0
1,1,,0.0,1.0
0,0,,1.0,0.0
1,1,,0.0,1.0
1,1,,0.0,1.0
1,1,,0.0,1.0
1,1,,0.0,1.0
1,1,,0.0,1.0
1,1,,0.0,1.0
0,0,,1.0,0.0
1,1,,0.0,1.0
1,1,,0.0,1.0
0,0,,1.0,0.0
0,0,,1.0,0.0
0,0,,1.0,0.0
1,1,,0.0,1.0
1,1,,0.0,1.0
1,1,,0.0,1.0
1,1,,0.0,1.0
1,1,,0.0,1.0
1,1,,0.0,1.0
1,1,,0.0,1.0
1,1,,0.0,1.0
1,1,,0.0,1.0
0,0,,1.0,0.0
0,0,,1.0,0.0
1,1,,0.0,1.0
0,0,,1.0,0.0
1,1,,0.0,1.0
1,1,,0.0,1.0
1,1,,0.0,1.0
1,1,,0.0,1.0
1,1,,0.0,1.0
1,1,,0.0,1.0
0,0,,1.0,0.0
1,1,,0.0,1.0
1,1,,0.0,1.0
1,1,,0.0,1.0
1,1,,0.0,1.0
1,1,,0.0,1.0
1,1,,0.0,1.0
1,1,,0.0,1.0
1,1,,0.0,1.0
1,1,,0.0,1.0
0,0,,1.0,0.0
1,1,,0.0,1.0
1,1,,0.0,1.0
0,0,,1.0,0.0
1,1,,0.0,1.0
1,1,,0.0,1.0
1,1,,0.0,1.0
1,1,,0.0,1.0
1,1,,0.0,1.0
1,1,,0.0,1.0
1,1,,0.0,1.0
1,1,,0.0,1.0
0,0,,0.995,0.005
1,1,,0.0,1.0
1,1,,0.0,1.0
1,1,,0.0,1.0
1,1,,0.0,1.0
1,1,,0.0,1.0
1,1,,0.0,1.0
1,1,,0.0,1.0
0,0,,1.0,0.0
1,1,,0.0,1.0
1,1,,0.0,1.0
0,0,,0.97,0.03
1,1,,0.0,1.0
1,1,,0.0,1.0
1,1,,0.0,1.0
0,0,,0.995,0.005
1,1,,0.0,1.0
1,1,,0.0,1.0
1,1,,0.0,1.0
1,1,,0.0,1.0
1,1,,0.0,1.0
1,1,,0.0,1.0
1,1,,0.0,1.0
1,1,,0.0,1.0
0,0,,1.0,0.0
1,1,,0.0,1.0
1,1,,0.0,1.0
1,1,,0.0,1.0
1,1,,0.0,1.0
1,1,,0.0,1.0
1,1,,0.0,1.0
1,1,,0.0,1.0
1,1,,0.0,1.0
1,1,,0.0,1.0
1,1,,0.0,1.0
1,1,,0.0,1.0
0,0,,1.0,0.0
1,1,,0.0,1.0
1,1,,0.0,1.0
1,1,,0.0,1.0
1,1,,0.0,1.0
1,1,,0.0,1.0
0,0,,1.0,0.0
1,1,,0.0,1.0
1,1,,0.0,1.0
1,1,,0.0,1.0
1,1,,0.0,1.0
1,1,,0.0,1.0
1,1,,0.0,1.0
1,1,,0.0,1.0
1,1,,0.0,1.0
1,1,,0.0,1.0
1,1,,0.0,1.0
0,0,,1.0,0.0
1,1,,0.0,1.0
1,1,,0.0,1.0
1,1,,0.0,1.0
1,1,,0.0,1.0
1,1,,0.0,1.0
1,1,,0.0,1.0
1,1,,0.0,1.0
1,1,,0.0,1.0
1,1,,0.0,1.0
1,1,,0.0,1.0
1,1,,0.0,1.0
0,0,,0.995,0.005
1,1,,0.0,1.0
1,1,,0.0,1.0
0,0,,1.0,0.0
1,1,,0.0,1.0
1,1,,0.0,1.0
1,1,,0.0,1.0
1,1,,0.0,1.0
0,0,,1.0,0.0
0,0,,1.0,0.0
1,1,,0.0,1.0
1,1,,0.0,1.0
1,1,,0.0,1.0
1,1,,0.0,1.0
1,1,,0.0,1.0
0,0,,1.0,0.0
1,1,,0.0,1.0
1,1,,0.0,1.0
0,0,,1.0,0.0
1,1,,0.0,1.0
1,1,,0.0,1.0
1,1,,0.0,1.0
0,0,,1.0,0.0
1,1,,0.0,1.0
1,1,,0.0,1.0
1,1,,0.0,1.0
1,1,,0.0,1.0
1,1,,0.0,1.0
1,1,,0.0,1.0
1,1,,0.0,1.0
1,1,,0.0,1.0
1,1,,0.0,1.0
0,0,,1.0,0.0
1,1,,0.0,1.0
1,1,,0.0,1.0
1,1,,0.04,0.96
1,1,,0.0,1.0
1,1,,0.0,1.0
1,1,,0.0,1.0
1,1,,0.0,1.0
0,0,,1.0,0.0
1,1,,0.0,1.0
1,1,,0.0,1.0
1,1,,0.0,1.0
1,1,,0.0,1.0
1,1,,0.0,1.0
1,1,,0.0,1.0
1,1,,0.0,1.0
0,0,,1.0,0.0
1,1,,0.0,1.0
1,1,,0.0,1.0
1,1,,0.0,1.0
1,1,,0.0,1.0
1,1,,0.0,1.0
1,1,,0.0,1.0
1,1,,0.0,1.0
1,1,,0.0,1.0
1,1,,0.0,1.0
1,1,,0.0,1.0
1,1,,0.0,1.0
1,1,,0.0,1.0
1,1,,0.0,1.0
1,1,,0.0,1.0
1,1,,0.0,1.0
1,1,,0.0,1.0
1,1,,0.0,1.0
1,1,,0.0,1.0
1,1,,0.0,1.0
1,1,,0.0,1.0
1,1,,0.0,1.0
1,1,,0.0,1.0
1,1,,0.0,1.0
1,1,,0.0,1.0
1,1,,0.0,1.0
1,1,,0.0,1.0
1,1,,0.0,1.0
1,1,,0.0,1.0
1,1,,0.0,1.0
1,1,,0.0,1.0
1,1,,0.0,1.0
1,1,,0.0,1.0
1,1,,0.0,1.0
0,0,,1.0,0.0
1,1,,0.0,1.0
1,1,,0.0,1.0
1,1,,0.0,1.0
0,0,,1.0,0.0
1,1,,0.0,1.0
1,1,,0.0,1.0
1,1,,0.0,1.0
1,1,,0.0,1.0
1,1,,0.0,1.0
1,1,,0.0,1.0
1,1,,0.0,1.0
1,1,,0.0,1.0
1,1,,0.0,1.0
0,0,,1.0,0.0
1,1,,0.0,1.0
1,1,,0.0,1.0
1,1,,0.0,1.0
1,1,,0.0,1.0
1,1,,0.0,1.0
1,1,,0.0,1.0
1,1,,0.0,1.0
1,1,,0.0,1.0
1,1,,0.0,1.0
1,1,,0.0,1.0
1,1,,0.0,1.0
1,1,,0.0,1.0
1,1,,0.0,1.0
1,1,,0.0,1.0
1,1,,0.0,1.0
0,0,,1.0,0.0
1,1,,0.0,1.0
0,0,,1.0,0.0
1,1,,0.0,1.0
1,1,,0.0,1.0
1,1,,0.0,1.0
1,1,,0.0,1.0
1,1,,0.03,0.97
1,1,,0.0,1.0
1,1,,0.0,1.0
1,1,,0.0,1.0
1,1,,0.0,1.0
0,0,,1.0,0.0
1,1,,0.0,1.0
0,0,,1.0,0.0
1,1,,0.0,1.0
1,1,,0.0,1.0
1,1,,0.0,1.0
1,1,,0.0,1.0
1,1,,0.0,1.0
1,1,,0.0,1.0
1,1,,0.0,1.0
1,1,,0.0,1.0
1,1,,0.0,1.0
0,0,,1.0,0.0
1,1,,0.0,1.0
0,0,,1.0,0.0
1,1,,0.0,1.0
1,1,,0.0,1.0
1,1,,0.0,1.0
1,1,,0.0,1.0
1,1,,0.0,1.0
0,0,,0.96,0.04
1,1,,0.0,1.0
1,1,,0.0,1.0
1,1,,0.0,1.0
1,1,,0.0,1.0
0,0,,1.0,0.0
1,1,,0.0,1.0
1,1,,0.0,1.0
1,1,,0.0,1.0
1,1,,0.0,1.0
1,1,,0.0,1.0
0,0,,1.0,0.0
1,1,,0.0,1.0
0,0,,1.0,0.0
1,1,,0.0,1.0
0,0,,1.0,0.0
0,0,,1.0,0.0
1,1,,0.0,1.0
1,1,,0.0,1.0
1,1,,0.0,1.0
1,1,,0.0,1.0
1,1,,0.0,1.0
1,1,,0.0,1.0
1,1,,0.005,0.995
1,1,,0.0,1.0
1,1,,0.0,1.0
1,1,,0.0,1.0
1,1,,0.0,1.0
1,1,,0.0,1.0
1,1,,0.0,1.0
1,1,,0.0,1.0
1,1,,0.0,1.0
1,1,,0.0,1.0
1,1,,0.0,1.0
1,1,,0.0,1.0
1,1,,0.0,1.0
1,1,,0.0,1.0
1,1,,0.0,1.0
1,1,,0.0,1.0
1,1,,0.0,1.0
1,1,,0.0,1.0
1,1,,0.0,1.0
1,1,,0.0,1.0
1,1,,0.0,1.0
1,1,,0.0,1.0
1,1,,0.0,1.0
1,1,,0.0,1.0
1,1,,0.0,1.0
1,1,,0.0,1.0
1,1,,0.0,1.0
0,0,,1.0,0.0
1,1,,0.0,1.0
1,1,,0.0,1.0
1,1,,0.0,1.0
1,1,,0.0,1.0
1,1,,0.0,1.0
0,0,,0.995,0.005
1,1,,0.0,1.0
1,1,,0.0,1.0
1,1,,0.0,1.0
1,1,,0.0,1.0
1,1,,0.0,1.0
1,1,,0.0,1.0
1,1,,0.0,1.0
1,1,,0.0,1.0
1,1,,0.0,1.0
1,1,,0.0,1.0
1,1,,0.0,1.0
1,1,,0.0,1.0
1,1,,0.0,1.0
1,1,,0.0,1.0
1,1,,0.0,1.0
1,1,,0.0,1.0
1,1,,0.0,1.0
1,1,,0.0,1.0
1,1,,0.0,1.0
1,1,,0.0,1.0
1,1,,0.0,1.0
1,1,,0.0,1.0
1,1,,0.0,1.0
1,1,,0.0,1.0
1,1,,0.0,1.0
1,1,,0.0,1.0
1,1,,0.0,1.0
0,0,,1.0,0.0
1,1,,0.0,1.0
1,1,,0.0,1.0
1,1,,0.0,1.0
1,1,,0.0,1.0
1,1,,0.0,1.0
0,0,,1.0,0.0
1,1,,0.0,1.0
1,1,,0.0,1.0
1,1,,0.0,1.0
1,1,,0.0,1.0
1,1,,0.0,1.0
1,1,,0.0,1.0
1,1,,0.0,1.0
1,1,,0.0,1.0
1,1,,0.0,1.0
1,1,,0.0,1.0
1,1,,0.0,1.0
1,1,,0.0,1.0
1,1,,0.0,1.0
1,1,,0.0,1.0
1,1,,0.0,1.0
1,1,,0.0,1.0
1,1,,0.0,1.0
1,1,,0.0,1.0
0,0,,1.0,0.0
1,1,,0.0,1.0
0,0,,1.0,0.0
1,1,,0.0,1.0
1,1,,0.0,1.0
1,1,,0.0,1.0
1,1,,0.0,1.0
1,1,,0.0,1.0
1,1,,0.0,1.0
0,0,,1.0,0.0
1,1,,0.0,1.0
1,1,,0.0,1.0
1,1,,0.0,1.0
1,1,,0.0,1.0
1,1,,0.0,1.0
1,1,,0.0,1.0
1,1,,0.0,1.0
1,1,,0.0,1.0
1,1,,0.0,1.0
0,0,,1.0,0.0
1,1,,0.0,1.0
1,1,,0.0,1.0
0,0,,1.0,0.0
1,1,,0.0,1.0
1,1,,0.0,1.0
1,1,,0.0,1.0
1,1,,0.0,1.0
1,1,,0.0,1.0
1,1,,0.0,1.0
1,1,,0.0,1.0
1,1,,0.0,1.0
1,1,,0.0,1.0
1,1,,0.0,1.0
1,1,,0.0,1.0
1,1,,0.0,1.0
1,1,,0.0,1.0
1,1,,0.0,1.0
1,1,,0.0,1.0
1,1,,0.0,1.0
1,1,,0.0,1.0
1,1,,0.0,1.0
1,1,,0.0,1.0
1,1,,0.0,1.0
1,1,,0.0,1.0
1,1,,0.0,1.0
1,1,,0.0,1.0
1,1,,0.0,1.0
1,1,,0.0,1.0
1,1,,0.0,1.0
1,1,,0.0,1.0
1,1,,0.0,1.0
0,0,,1.0,0.0
1,1,,0.0,1.0
0,0,,1.0,0.0
1,1,,0.0,1.0
1,1,,0.0,1.0
1,1,,0.0,1.0
1,1,,0.0,1.0
1,1,,0.0,1.0
1,1,,0.0,1.0
1,1,,0.0,1.0
1,1,,0.0,1.0
1,1,,0.0,1.0
1,1,,0.0,1.0
1,1,,0.0,1.0
1,1,,0.0,1.0
1,1,,0.0,1.0
1,1,,0.0,1.0
1,1,,0.0,1.0
1,1,,0.0,1.0
0,0,,1.0,0.0
1,1,,0.0,1.0
1,1,,0.0,1.0
1,1,,0.0,1.0
1,1,,0.0,1.0
1,1,,0.0,1.0
1,1,,0.0,1.0
1,1,,0.0,1.0
1,1,,0.0,1.0
1,1,,0.0,1.0
1,1,,0.0,1.0
1,1,,0.0,1.0
0,0,,0.995,0.005
1,1,,0.0,1.0
1,1,,0.0,1.0
1,1,,0.0,1.0
1,1,,0.0,1.0
0,0,,1.0,0.0
1,1,,0.0,1.0
1,1,,0.0,1.0
1,1,,0.0,1.0
1,1,,0.0,1.0
1,1,,0.0,1.0
0,0,,1.0,0.0
1,1,,0.0,1.0
1,1,,0.0,1.0
1,1,,0.0,1.0
1,1,,0.0,1.0
0,0,,1.0,0.0
1,1,,0.0,1.0
1,1,,0.0,1.0
1,1,,0.0,1.0
1,1,,0.0,1.0
1,1,,0.0,1.0
1,1,,0.0,1.0
1,1,,0.0,1.0
1,1,,0.0,1.0
1,1,,0.0,1.0
1,1,,0.0,1.0
1,1,,0.0,1.0
1,1,,0.0,1.0
1,1,,0.0,1.0
1,1,,0.0,1.0
1,1,,0.0,1.0
1,1,,0.0,1.0
1,1,,0.0,1.0
1,1,,0.0,1.0
1,1,,0.0,1.0
1,1,,0.0,1.0
1,1,,0.0,1.0
1,1,,0.0,1.0
1,1,,0.0,1.0
1,1,,0.0,1.0
0,0,,1.0,0.0
1,1,,0.0,1.0
1,1,,0.0,1.0
1,1,,0.0,1.0
1,1,,0.0,1.0
1,1,,0.0,1.0
1,1,,0.0,1.0
1,1,,0.0,1.0
1,1,,0.0,1.0
0,0,,1.0,0.0
1,1,,0.0,1.0
1,1,,0.0,1.0
1,1,,0.0,1.0
1,1,,0.0,1.0
1,1,,0.0,1.0
0,0,,1.0,0.0
1,1,,0.0,1.0
1,1,,0.0,1.0
1,1,,0.0,1.0
1,1,,0.0,1.0
0,0,,1.0,0.0
0,0,,1.0,0.0
1,1,,0.0,1.0
1,1,,0.0,1.0
1,1,,0.0,1.0
1,1,,0.0,1.0
1,1,,0.0,1.0
1,1,,0.0,1.0
0,0,,1.0,0.0
1,1,,0.0,1.0
1,1,,0.0,1.0
1,1,,0.0,1.0
1,1,,0.0,1.0
1,1,,0.0,1.0
1,1,,0.0,1.0
1,1,,0.0,1.0
1,1,,0.0,1.0
1,1,,0.0,1.0
1,1,,0.0,1.0
1,1,,0.0,1.0
0,0,,0.995,0.005
0,0,,1.0,0.0
1,1,,0.0,1.0
1,1,,0.0,1.0
1,1,,0.0,1.0
1,1,,0.0,1.0
1,1,,0.0,1.0
1,1,,0.0,1.0
1,1,,0.0,1.0
1,1,,0.0,1.0
1,1,,0.0,1.0
1,1,,0.0,1.0
0,0,,1.0,0.0
1,1,,0.0,1.0
1,1,,0.0,1.0
1,1,,0.0,1.0
1,1,,0.0,1.0
1,1,,0.0,1.0
1,1,,0.0,1.0
1,1,,0.0,1.0
1,1,,0.0,1.0
1,1,,0.0,1.0
1,1,,0.0,1.0
1,1,,0.0,1.0
1,1,,0.0,1.0
1,1,,0.0,1.0
0,0,,1.0,0.0
1,1,,0.0,1.0
1,1,,0.0,1.0
1,1,,0.0,1.0
1,1,,0.0,1.0
1,1,,0.0,1.0
1,1,,0.0,1.0
1,1,,0.0,1.0
1,1,,0.0,1.0
1,1,,0.0,1.0
1,1,,0.0,1.0
1,1,,0.0,1.0
1,1,,0.0,1.0
1,1,,0.0,1.0
1,1,,0.0,1.0
1,1,,0.0,1.0
1,1,,0.0,1.0
1,1,,0.0,1.0
1,1,,0.0,1.0
1,1,,0.0,1.0
1,1,,0.0,1.0
1,1,,0.0,1.0
1,1,,0.0,1.0
1,1,,0.0,1.0
1,1,,0.0,1.0
1,1,,0.0,1.0
1,1,,0.0,1.0
1,1,,0.0,1.0
1,1,,0.0,1.0
1,1,,0.0,1.0
1,1,,0.0,1.0
1,1,,0.0,1.0
1,1,,0.0,1.0
1,1,,0.0,1.0
0,0,,1.0,0.0
1,1,,0.0,1.0
1,1,,0.0,1.0
1,1,,0.0,1.0
1,1,,0.0,1.0
1,1,,0.0,1.0
1,1,,0.0,1.0
1,1,,0.0,1.0
1,1,,0.0,1.0
1,1,,0.0,1.0
1,1,,0.0,1.0
0,0,,1.0,0.0
1,1,,0.0,1.0
1,1,,0.0,1.0
1,1,,0.0,1.0
1,1,,0.0,1.0
1,1,,0.0,1.0
1,1,,0.0,1.0
1,1,,0.0,1.0
1,1,,0.0,1.0
1,1,,0.0,1.0
1,1,,0.0,1.0
1,1,,0.0,1.0
1,1,,0.0,1.0
1,1,,0.0,1.0
1,1,,0.0,1.0
1,1,,0.0,1.0
1,1,,0.0,1.0
1,1,,0.0,1.0
1,1,,0.0,1.0
1,1,,0.0,1.0
1,1,,0.0,1.0
1,1,,0.0,1.0
1,1,,0.0,1.0
1,1,,0.0,1.0
1,1,,0.0,1.0
1,1,,0.0,1.0
1,1,,0.0,1.0
1,1,,0.0,1.0
0,0,,0.995,0.005
1,1,,0.0,1.0
1,1,,0.0,1.0
1,1,,0.0,1.0
1,1,,0.0,1.0
1,1,,0.0,1.0
1,1,,0.0,1.0
1,1,,0.0,1.0
1,1,,0.0,1.0
1,1,,0.0,1.0
1,1,,0.0,1.0
1,1,,0.0,1.0
1,1,,0.0,1.0
1,1,,0.0,1.0
1,1,,0.0,1.0
1,1,,0.0,1.0
1,1,,0.0,1.0
1,1,,0.0,1.0
1,1,,0.0,1.0
1,1,,0.0,1.0
0,0,,1.0,0.0
0,0,,1.0,0.0
1,1,,0.0,1.0
1,1,,0.0,1.0
1,1,,0.0,1.0
1,1,,0.0,1.0
1,1,,0.0,1.0
1,1,,0.0,1.0
0,0,,1.0,0.0
1,1,,0.0,1.0
1,1,,0.0,1.0
0,0,,1.0,0.0
1,1,,0.0,1.0
1,1,,0.0,1.0
1,1,,0.0,1.0
1,1,,0.0,1.0
1,1,,0.0,1.0
0,0,,1.0,0.0
1,1,,0.0,1.0
1,1,,0.0,1.0
1,1,,0.0,1.0
1,1,,0.0,1.0
1,1,,0.0,1.0
1,1,,0.0,1.0
1,1,,0.0,1.0
1,1,,0.0,1.0
1,1,,0.0,1.0
1,1,,0.0,1.0
1,1,,0.0,1.0
1,1,,0.0,1.0
1,1,,0.0,1.0
1,1,,0.0,1.0
1,1,,0.0,1.0
1,1,,0.0,1.0
1,1,,0.0,1.0
1,1,,0.0,1.0
1,1,,0.0,1.0
1,1,,0.0,1.0
1,1,,0.0,1.0
1,1,,0.0,1.0
1,1,,0.0,1.0
1,1,,0.0,1.0
1,1,,0.0,1.0
0,0,,1.0,0.0
1,1,,0.0,1.0
1,1,,0.0,1.0
1,1,,0.0,1.0
1,1,,0.0,1.0
1,1,,0.0,1.0
1,1,,0.0,1.0
0,0,,1.0,0.0
1,1,,0.0,1.0
1,1,,0.0,1.0
1,1,,0.0,1.0
1,1,,0.0,1.0
1,1,,0.0,1.0
1,1,,0.0,1.0
0,0,,1.0,0.0
1,1,,0.0,1.0
1,1,,0.0,1.0
1,1,,0.0,1.0
1,1,,0.0,1.0
1,1,,0.005,0.995
1,1,,0.0,1.0
1,1,,0.0,1.0
1,1,,0.0,1.0
1,1,,0.0,1.0
1,1,,0.0,1.0
1,1,,0.0,1.0
1,1,,0.0,1.0
1,1,,0.0,1.0
0,0,,1.0,0.0
1,1,,0.0,1.0
1,1,,0.0,1.0
0,0,,1.0,0.0
1,1,,0.0,1.0
1,1,,0.0,1.0
1,1,,0.0,1.0
1,1,,0.0,1.0
1,1,,0.0,1.0
1,1,,0.0,1.0
1,1,,0.0,1.0
0,0,,0.92,0.08
1,1,,0.0,1.0
1,1,,0.0,1.0
1,1,,0.0,1.0
1,1,,0.0,1.0
1,1,,0.0,1.0
1,1,,0.0,1.0
1,1,,0.0,1.0
1,1,,0.0,1.0
1,1,,0.0,1.0
1,1,,0.0,1.0
1,1,,0.0,1.0
1,1,,0.0,1.0
1,1,,0.0,1.0
1,1,,0.0,1.0
1,1,,0.0,1.0
1,1,,0.0,1.0
1,1,,0.0,1.0
1,1,,0.0,1.0
1,1,,0.0,1.0
1,1,,0.0,1.0
1,1,,0.0,1.0
1,1,,0.0,1.0
1,1,,0.0,1.0
1,1,,0.0,1.0
1,1,,0.0,1.0
1,1,,0.0,1.0
1,1,,0.0,1.0
1,1,,0.0,1.0
1,1,,0.0,1.0
1,1,,0.0,1.0
1,1,,0.0,1.0
1,1,,0.0,1.0
1,1,,0.0,1.0
1,1,,0.0,1.0
1,1,,0.0,1.0
1,1,,0.0,1.0
0,0,,1.0,0.0
1,1,,0.0,1.0
1,1,,0.0,1.0
0,0,,1.0,0.0
1,1,,0.0,1.0
1,1,,0.0,1.0
1,1,,0.03,0.97
1,1,,0.0,1.0
0,0,,1.0,0.0
1,1,,0.0,1.0
1,1,,0.0,1.0
1,1,,0.0,1.0
1,1,,0.0,1.0
1,1,,0.0,1.0
1,1,,0.0,1.0
1,1,,0.0,1.0
1,1,,0.0,1.0
1,1,,0.0,1.0
1,1,,0.0,1.0
0,0,,1.0,0.0
1,1,,0.0,1.0
1,1,,0.0,1.0
1,1,,0.0,1.0
0,0,,1.0,0.0
1,1,,0.0,1.0
1,1,,0.0,1.0
0,0,,1.0,0.0
1,1,,0.0,1.0
1,1,,0.0,1.0
1,1,,0.0,1.0
0,0,,1.0,0.0
1,1,,0.0,1.0
1,1,,0.0,1.0
1,1,,0.0,1.0
1,1,,0.0,1.0
1,1,,0.0,1.0
1,1,,0.0,1.0
1,1,,0.0,1.0
1,1,,0.0,1.0
0,0,,0.995,0.005
1,1,,0.0,1.0
1,1,,0.0,1.0
1,1,,0.0,1.0
1,1,,0.0,1.0
0,0,,1.0,0.0
1,1,,0.0,1.0
1,1,,0.0,1.0
1,1,,0.0,1.0
1,1,,0.0,1.0
1,1,,0.0,1.0
1,1,,0.0,1.0
1,1,,0.0,1.0
1,1,,0.0,1.0
1,1,,0.0,1.0
1,1,,0.0,1.0
1,1,,0.0,1.0
1,1,,0.0,1.0
1,1,,0.0,1.0
1,1,,0.0,1.0
1,1,,0.0,1.0
1,1,,0.0,1.0
1,1,,0.0,1.0
1,1,,0.0,1.0
1,1,,0.0,1.0
1,1,,0.0,1.0
1,1,,0.0,1.0
0,0,,1.0,0.0
1,1,,0.0,1.0
1,1,,0.0,1.0
1,1,,0.0,1.0
1,1,,0.0,1.0
1,1,,0.0,1.0
1,1,,0.0,1.0
1,1,,0.0,1.0
1,1,,0.0,1.0
1,1,,0.0,1.0
1,1,,0.0,1.0
1,1,,0.0,1.0
1,1,,0.0,1.0
1,1,,0.0,1.0
1,1,,0.0,1.0
1,1,,0.0,1.0
1,1,,0.0,1.0
1,1,,0.0,1.0
1,1,,0.0,1.0
1,1,,0.0,1.0
1,1,,0.0,1.0
1,1,,0.0,1.0
1,1,,0.0,1.0
1,1,,0.0,1.0
1,1,,0.0,1.0
1,1,,0.0,1.0
1,1,,0.0,1.0
1,1,,0.0,1.0
1,1,,0.0,1.0
1,1,,0.0,1.0
1,1,,0.0,1.0
0,0,,1.0,0.0
1,1,,0.0,1.0
1,1,,0.0,1.0
1,1,,0.0,1.0
1,1,,0.0,1.0
1,1,,0.0,1.0
1,1,,0.0,1.0
0,0,,1.0,0.0
1,1,,0.0,1.0
1,1,,0.0,1.0
1,1,,0.0,1.0
1,1,,0.0,1.0
1,1,,0.0,1.0
1,1,,0.0,1.0
1,1,,0.0,1.0
1,1,,0.0,1.0
1,1,,0.0,1.0
1,1,,0.0,1.0
1,1,,0.0,1.0
1,1,,0.0,1.0
1,1,,0.0,1.0
1,1,,0.0,1.0
1,1,,0.0,1.0
1,1,,0.0,1.0
1,1,,0.0,1.0
1,1,,0.0,1.0
1,1,,0.0,1.0
1,1,,0.0,1.0
1,1,,0.0,1.0
1,1,,0.0,1.0
1,1,,0.0,1.0
1,1,,0.0,1.0
1,1,,0.0,1.0
1,1,,0.0,1.0
1,1,,0.0,1.0
0,0,,1.0,0.0
1,1,,0.0,1.0
1,1,,0.0,1.0
1,1,,0.0,1.0
0,0,,1.0,0.0
1,1,,0.0,1.0
1,1,,0.0,1.0
1,1,,0.0,1.0
1,1,,0.0,1.0
1,1,,0.0,1.0
1,1,,0.0,1.0
1,1,,0.0,1.0
1,1,,0.0,1.0
1,1,,0.0,1.0
1,1,,0.0,1.0
1,1,,0.0,1.0
1,1,,0.0,1.0
1,1,,0.0,1.0
1,1,,0.0,1.0
1,1,,0.0,1.0
1,1,,0.0,1.0
1,1,,0.0,1.0
1,1,,0.0,1.0
1,1,,0.0,1.0
0,0,,1.0,0.0
1,1,,0.0,1.0
1,1,,0.0,1.0
1,1,,0.0,1.0
1,1,,0.09,0.91
1,1,,0.0,1.0
1,1,,0.0,1.0
1,1,,0.0,1.0
0,0,,1.0,0.0
1,1,,0.0,1.0
1,1,,0.0,1.0
1,1,,0.0,1.0
1,1,,0.0,1.0
1,1,,0.0,1.0
1,1,,0.0,1.0
1,1,,0.0,1.0
1,1,,0.0,1.0
1,1,,0.0,1.0
0,0,,1.0,0.0
1,1,,0.0,1.0
1,1,,0.0,1.0
1,1,,0.0,1.0
1,1,,0.0,1.0
1,1,,0.0,1.0
1,1,,0.0,1.0
0,0,,1.0,0.0
1,1,,0.0,1.0
1,1,,0.0,1.0
1,1,,0.0,1.0
0,0,,1.0,0.0
1,1,,0.0,1.0
1,1,,0.0,1.0
0,0,,1.0,0.0
1,1,,0.0,1.0
1,1,,0.0,1.0
1,1,,0.0,1.0
0,0,,1.0,0.0
1,1,,0.0,1.0
1,1,,0.0,1.0
1,1,,0.0,1.0
1,1,,0.0,1.0
1,1,,0.0,1.0
1,1,,0.0,1.0
0,0,,1.0,0.0
1,1,,0.0,1.0
1,1,,0.0,1.0
1,1,,0.0,1.0
0,0,,1.0,0.0
1,1,,0.0,1.0
1,1,,0.0,1.0
0,0,,0.995,0.005
1,1,,0.0,1.0
1,1,,0.0,1.0
1,1,,0.0,1.0
1,1,,0.0,1.0
1,1,,0.0,1.0
1,1,,0.0,1.0
1,1,,0.0,1.0
1,1,,0.0,1.0
1,1,,0.0,1.0
1,1,,0.0,1.0
1,1,,0.0,1.0
1,1,,0.0,1.0
1,1,,0.0,1.0
1,1,,0.0,1.0
1,1,,0.0,1.0
1,1,,0.0,1.0
1,1,,0.0,1.0
1,1,,0.0,1.0
1,1,,0.0,1.0
1,1,,0.0,1.0
1,1,,0.0,1.0
1,1,,0.0,1.0
1,1,,0.0,1.0
1,1,,0.0,1.0
1,1,,0.0,1.0
1,1,,0.0,1.0
1,1,,0.0,1.0
1,1,,0.0,1.0
1,1,,0.0,1.0
1,1,,0.0,1.0
1,1,,0.0,1.0
1,1,,0.0,1.0
1,1,,0.0,1.0
1,1,,0.0,1.0
1,1,,0.0,1.0
1,1,,0.0,1.0
1,1,,0.0,1.0
1,1,,0.0,1.0
1,1,,0.0,1.0
1,1,,0.0,1.0
1,1,,0.0,1.0
1,1,,0.0,1.0
1,1,,0.0,1.0
1,1,,0.0,1.0
1,1,,0.0,1.0
1,1,,0.0,1.0
1,1,,0.0,1.0
1,1,,0.0,1.0
1,1,,0.0,1.0
1,1,,0.0,1.0
0,0,,1.0,0.0
1,1,,0.0,1.0
1,1,,0.0,1.0
1,1,,0.0,1.0
1,1,,0.0,1.0
0,0,,1.0,0.0
0,0,,1.0,0.0
1,1,,0.0,1.0
1,1,,0.0,1.0
0,0,,1.0,0.0
1,1,,0.0,1.0
1,1,,0.0,1.0
0,0,,1.0,0.0
1,1,,0.0,1.0
1,1,,0.0,1.0
1,1,,0.0,1.0
0,0,,1.0,0.0
1,1,,0.0,1.0
1,1,,0.0,1.0
1,1,,0.0,1.0
1,1,,0.0,1.0
1,1,,0.0,1.0
1,1,,0.0,1.0
1,1,,0.0,1.0
0,0,,1.0,0.0
1,1,,0.0,1.0
1,1,,0.0,1.0
1,1,,0.0,1.0
1,1,,0.0,1.0
1,1,,0.0,1.0
1,1,,0.0,1.0
1,1,,0.0,1.0
1,1,,0.0,1.0
1,1,,0.0,1.0
1,1,,0.0,1.0
1,1,,0.0,1.0
1,1,,0.0,1.0
1,1,,0.0,1.0
1,1,,0.0,1.0
1,1,,0.0,1.0
1,1,,0.0,1.0
1,1,,0.0,1.0
1,1,,0.0,1.0
1,1,,0.0,1.0
1,1,,0.0,1.0
1,1,,0.0,1.0
1,1,,0.0,1.0
1,1,,0.0,1.0
1,1,,0.0,1.0
1,1,,0.0,1.0
1,1,,0.0,1.0
1,1,,0.0,1.0
1,1,,0.0,1.0
1,1,,0.0,1.0
1,1,,0.0,1.0
1,1,,0.0,1.0
1,1,,0.0,1.0
1,1,,0.0,1.0
1,1,,0.0,1.0
0,0,,1.0,0.0
0,0,,1.0,0.0
1,1,,0.0,1.0
1,1,,0.0,1.0
1,1,,0.0,1.0
1,1,,0.0,1.0
1,1,,0.0,1.0
1,1,,0.0,1.0
0,0,,1.0,0.0
1,1,,0.0,1.0
1,1,,0.0,1.0
1,1,,0.0,1.0
1,1,,0.0,1.0
1,1,,0.0,1.0
1,1,,0.0,1.0
1,1,,0.0,1.0
1,1,,0.0,1.0
1,1,,0.0,1.0
1,1,,0.0,1.0
1,1,,0.0,1.0
1,1,,0.0,1.0
1,1,,0.0,1.0
1,1,,0.0,1.0
0,0,,1.0,0.0
1,1,,0.0,1.0
1,1,,0.0,1.0
1,1,,0.0,1.0
1,1,,0.0,1.0
1,1,,0.0,1.0
1,1,,0.0,1.0
1,1,,0.0,1.0
1,1,,0.0,1.0
1,1,,0.0,1.0
1,1,,0.0,1.0
1,1,,0.0,1.0
1,1,,0.0,1.0
1,1,,0.0,1.0
0,0,,1.0,0.0
1,1,,0.0,1.0
1,1,,0.0,1.0
1,1,,0.0,1.0
0,0,,1.0,0.0
1,1,,0.0,1.0
1,1,,0.0,1.0
1,1,,0.0,1.0
1,1,,0.0,1.0
1,1,,0.0,1.0
0,0,,1.0,0.0
1,1,,0.0,1.0
1,1,,0.0,1.0
1,1,,0.0,1.0
1,1,,0.0,1.0
1,1,,0.0,1.0
1,1,,0.0,1.0
1,1,,0.0,1.0
1,1,,0.0,1.0
1,1,,0.0,1.0
1,1,,0.0,1.0
1,1,,0.0,1.0
1,1,,0.0,1.0
1,1,,0.0,1.0
0,0,,1.0,0.0
1,1,,0.0,1.0
1,1,,0.0,1.0
1,1,,0.0,1.0
1,1,,0.0,1.0
0,0,,1.0,0.0
1,1,,0.0,1.0
1,1,,0.0,1.0
1,1,,0.0,1.0
1,1,,0.0,1.0
1,1,,0.0,1.0
1,1,,0.0,1.0
1,1,,0.0,1.0
1,1,,0.0,1.0
1,1,,0.0,1.0
1,1,,0.0,1.0
0,0,,0.99,0.01
1,1,,0.0,1.0
1,1,,0.0,1.0
1,1,,0.0,1.0
1,1,,0.0,1.0
1,1,,0.0,1.0
1,1,,0.0,1.0
1,1,,0.0,1.0
1,1,,0.0,1.0
1,1,,0.0,1.0
1,1,,0.0,1.0
0,0,,1.0,0.0
1,1,,0.0,1.0
1,1,,0.0,1.0
1,1,,0.0,1.0
0,0,,0.955,0.045
1,1,,0.0,1.0
1,1,,0.0,1.0
1,1,,0.0,1.0
0,0,,1.0,0.0
1,1,,0.0,1.0
1,1,,0.0,1.0
1,1,,0.0,1.0
0,0,,0.995,0.005
0,0,,1.0,0.0
1,1,,0.0,1.0
1,1,,0.0,1.0
1,1,,0.0,1.0
1,1,,0.0,1.0
0,0,,1.0,0.0
1,1,,0.0,1.0
1,1,,0.0,1.0
1,1,,0.0,1.0
1,1,,0.0,1.0
1,1,,0.0,1.0
0,0,,1.0,0.0
1,1,,0.0,1.0
1,1,,0.0,1.0
1,1,,0.0,1.0
1,1,,0.0,1.0
1,1,,0.0,1.0
1,1,,0.0,1.0
1,1,,0.0,1.0
1,1,,0.0,1.0
1,1,,0.0,1.0
1,1,,0.0,1.0
1,1,,0.0,1.0
1,1,,0.0,1.0
1,1,,0.0,1.0
1,1,,0.0,1.0
1,1,,0.0,1.0
1,1,,0.0,1.0
1,1,,0.0,1.0
1,1,,0.0,1.0
1,1,,0.0,1.0
1,1,,0.0,1.0
1,1,,0.0,1.0
1,1,,0.0,1.0
0,0,,1.0,0.0
1,1,,0.0,1.0
1,1,,0.0,1.0
1,1,,0.0,1.0
1,1,,0.0,1.0
1,1,,0.0,1.0
1,1,,0.0,1.0
1,1,,0.0,1.0
0,0,,1.0,0.0
1,1,,0.0,1.0
1,1,,0.0,1.0
1,1,,0.0,1.0
1,1,,0.0,1.0
0,0,,1.0,0.0
1,1,,0.0,1.0
1,1,,0.0,1.0
1,1,,0.0,1.0
1,1,,0.0,1.0
1,1,,0.0,1.0
1,1,,0.0,1.0
1,1,,0.0,1.0
1,1,,0.0,1.0
1,1,,0.0,1.0
1,1,,0.0,1.0
1,1,,0.0,1.0
1,1,,0.0,1.0
1,1,,0.0,1.0
1,1,,0.0,1.0
1,1,,0.0,1.0
1,1,,0.0,1.0
1,1,,0.0,1.0
0,0,,1.0,0.0
1,1,,0.0,1.0
1,1,,0.0,1.0
1,1,,0.0,1.0
1,1,,0.0,1.0
1,1,,0.0,1.0
1,1,,0.0,1.0
1,1,,0.0,1.0
1,1,,0.0,1.0
0,0,,1.0,0.0
0,0,,1.0,0.0
1,1,,0.0,1.0
1,1,,0.0,1.0
1,1,,0.0,1.0
1,1,,0.0,1.0
1,1,,0.0,1.0
1,1,,0.0,1.0
1,1,,0.0,1.0
1,1,,0.0,1.0
1,1,,0.0,1.0
1,1,,0.0,1.0
1,1,,0.0,1.0
1,1,,0.0,1.0
0,0,,1.0,0.0
1,1,,0.0,1.0
1,1,,0.0,1.0
1,1,,0.0,1.0
1,1,,0.0,1.0
1,1,,0.0,1.0
1,1,,0.0,1.0
1,1,,0.0,1.0
1,1,,0.0,1.0
1,1,,0.0,1.0
0,0,,0.995,0.005
1,1,,0.0,1.0
1,1,,0.0,1.0
1,1,,0.0,1.0
0,0,,1.0,0.0
1,1,,0.0,1.0
1,1,,0.0,1.0
0,0,,1.0,0.0
1,1,,0.0,1.0
0,0,,1.0,0.0
1,1,,0.0,1.0
1,1,,0.0,1.0
1,1,,0.09,0.91
0,0,,1.0,0.0
1,1,,0.0,1.0
0,0,,1.0,0.0
1,1,,0.0,1.0
1,1,,0.0,1.0
1,1,,0.0,1.0
1,1,,0.0,1.0
1,1,,0.0,1.0
1,1,,0.0,1.0
1,1,,0.0,1.0
1,1,,0.0,1.0
1,1,,0.0,1.0
1,1,,0.0,1.0
1,1,,0.0,1.0
1,1,,0.0,1.0
1,1,,0.0,1.0
1,1,,0.0,1.0
1,1,,0.0,1.0
1,1,,0.0,1.0
1,1,,0.0,1.0
1,1,,0.0,1.0
1,1,,0.0,1.0
1,1,,0.0,1.0
1,1,,0.0,1.0
1,1,,0.0,1.0
1,1,,0.0,1.0
1,1,,0.0,1.0
1,1,,0.0,1.0
1,1,,0.0,1.0
1,1,,0.0,1.0
1,1,,0.0,1.0
0,0,,1.0,0.0
1,1,,0.0,1.0
1,1,,0.0,1.0
1,1,,0.0,1.0
1,1,,0.0,1.0
1,1,,0.0,1.0
1,1,,0.0,1.0
1,1,,0.0,1.0
0,0,,1.0,0.0
1,1,,0.0,1.0
1,1,,0.0,1.0
1,1,,0.0,1.0
1,1,,0.0,1.0
1,1,,0.0,1.0
1,1,,0.0,1.0
1,1,,0.0,1.0
1,1,,0.0,1.0
1,1,,0.0,1.0
1,1,,0.0,1.0
0,0,,1.0,0.0
1,1,,0.0,1.0
1,1,,0.0,1.0
1,1,,0.0,1.0
1,1,,0.0,1.0
1,1,,0.0,1.0
1,1,,0.0,1.0
1,1,,0.0,1.0
1,1,,0.0,1.0
1,1,,0.0,1.0
1,1,,0.0,1.0
0,0,,1.0,0.0
1,1,,0.0,1.0
1,1,,0.0,1.0
1,1,,0.0,1.0
1,1,,0.0,1.0
1,1,,0.0,1.0
1,1,,0.0,1.0
1,1,,0.0,1.0
1,1,,0.0,1.0
1,1,,0.0,1.0
1,1,,0.0,1.0
1,1,,0.0,1.0
1,1,,0.0,1.0
1,1,,0.0,1.0
1,1,,0.0,1.0
1,1,,0.0,1.0
1,1,,0.0,1.0
0,0,,1.0,0.0
1,1,,0.0,1.0
1,1,,0.0,1.0
0,0,,1.0,0.0
1,1,,0.0,1.0
1,1,,0.0,1.0
1,1,,0.0,1.0
1,1,,0.0,1.0
1,1,,0.0,1.0
0,0,,1.0,0.0
1,1,,0.0,1.0
1,1,,0.0,1.0
1,1,,0.0,1.0
0,0,,1.0,0.0
1,1,,0.0,1.0
1,1,,0.0,1.0
0,0,,1.0,0.0
1,1,,0.0,1.0
1,1,,0.0,1.0
1,1,,0.0,1.0
1,1,,0.0,1.0
1,1,,0.0,1.0
1,1,,0.0,1.0
1,1,,0.0,1.0
1,1,,0.0,1.0
1,1,,0.0,1.0
1,1,,0.005,0.995
1,1,,0.0,1.0
1,1,,0.0,1.0
0,0,,1.0,0.0
1,1,,0.0,1.0
1,1,,0.0,1.0
1,1,,0.0,1.0
1,1,,0.0,1.0
1,1,,0.0,1.0
1,1,,0.0,1.0
1,1,,0.0,1.0
1,1,,0.0,1.0
1,1,,0.0,1.0
1,1,,0.0,1.0
1,1,,0.0,1.0
1,1,,0.0,1.0
0,0,,1.0,0.0
1,1,,0.0,1.0
1,1,,0.0,1.0
1,1,,0.0,1.0
1,1,,0.0,1.0
1,1,,0.0,1.0
1,1,,0.0,1.0
1,1,,0.0,1.0
1,1,,0.0,1.0
1,1,,0.0,1.0
1,1,,0.0,1.0
1,1,,0.0,1.0
1,1,,0.0,1.0
0,0,,1.0,0.0
1,1,,0.0,1.0
1,1,,0.0,1.0
1,1,,0.0,1.0
1,1,,0.0,1.0
1,1,,0.0,1.0
1,1,,0.0,1.0
1,1,,0.0,1.0
1,1,,0.0,1.0
1,1,,0.0,1.0
1,1,,0.0,1.0
1,1,,0.0,1.0
1,1,,0.0,1.0
1,1,,0.0,1.0
1,1,,0.0,1.0
1,1,,0.0,1.0
0,0,,1.0,0.0
1,1,,0.0,1.0
1,1,,0.0,1.0
1,1,,0.0,1.0
1,1,,0.0,1.0
1,1,,0.0,1.0
1,1,,0.0,1.0
1,1,,0.0,1.0
0,0,,0.99,0.01
1,1,,0.0,1.0
1,1,,0.0,1.0
1,1,,0.0,1.0
1,1,,0.0,1.0
1,1,,0.0,1.0
1,1,,0.0,1.0
1,1,,0.0,1.0
1,1,,0.0,1.0
1,1,,0.0,1.0
1,1,,0.0,1.0
1,1,,0.0,1.0
0,0,,1.0,0.0
1,1,,0.0,1.0
0,0,,1.0,0.0
1,1,,0.0,1.0
0,0,,1.0,0.0
1,1,,0.0,1.0
1,1,,0.0,1.0
1,1,,0.0,1.0
1,1,,0.0,1.0
1,1,,0.0,1.0
1,1,,0.0,1.0
1,1,,0.0,1.0
0,0,,1.0,0.0
1,1,,0.0,1.0
1,1,,0.0,1.0
1,1,,0.0,1.0
1,1,,0.0,1.0
1,1,,0.0,1.0
1,1,,0.0,1.0
0,0,,1.0,0.0
1,1,,0.0,1.0
1,1,,0.0,1.0
1,1,,0.0,1.0
1,1,,0.0,1.0
1,1,,0.0,1.0
1,1,,0.0,1.0
1,1,,0.0,1.0
1,1,,0.0,1.0
1,1,,0.0,1.0
1,1,,0.0,1.0
1,1,,0.0,1.0
1,1,,0.0,1.0
0,0,,0.995,0.005
0,0,,1.0,0.0
1,1,,0.0,1.0
0,0,,1.0,0.0
1,1,,0.0,1.0
1,1,,0.0,1.0
0,0,,0.97,0.03
1,1,,0.0,1.0
1,1,,0.0,1.0
1,1,,0.0,1.0
1,1,,0.0,1.0
1,1,,0.0,1.0
1,1,,0.0,1.0
1,1,,0.0,1.0
1,1,,0.0,1.0
1,1,,0.0,1.0
1,1,,0.0,1.0
1,1,,0.0,1.0
1,1,,0.0,1.0
0,0,,1.0,0.0
1,1,,0.0,1.0
1,1,,0.0,1.0
0,0,,1.0,0.0
1,1,,0.0,1.0
1,1,,0.0,1.0
1,1,,0.0,1.0
1,1,,0.0,1.0
1,1,,0.0,1.0
1,1,,0.0,1.0
1,1,,0.0,1.0
1,1,,0.0,1.0
0,0,,1.0,0.0
1,1,,0.0,1.0
1,1,,0.0,1.0
1,1,,0.0,1.0
0,0,,0.92,0.08
1,1,,0.0,1.0
1,1,,0.0,1.0
1,1,,0.0,1.0
1,1,,0.0,1.0
0,0,,1.0,0.0
1,1,,0.0,1.0
1,1,,0.0,1.0
1,1,,0.0,1.0
1,1,,0.0,1.0
1,1,,0.0,1.0
0,0,,1.0,0.0
1,1,,0.0,1.0
1,1,,0.0,1.0
1,1,,0.0,1.0
1,1,,0.0,1.0
1,1,,0.0,1.0
1,1,,0.0,1.0
1,1,,0.0,1.0
1,1,,0.0,1.0
1,1,,0.0,1.0
1,1,,0.0,1.0
1,1,,0.0,1.0
1,1,,0.0,1.0
1,1,,0.0,1.0
1,1,,0.0,1.0
1,1,,0.0,1.0
1,1,,0.0,1.0
1,1,,0.0,1.0
1,1,,0.0,1.0
1,1,,0.0,1.0
0,0,,1.0,0.0
1,1,,0.0,1.0
1,1,,0.0,1.0
1,1,,0.0,1.0
1,1,,0.0,1.0
0,0,,1.0,0.0
1,1,,0.0,1.0
1,1,,0.0,1.0
1,1,,0.0,1.0
1,1,,0.0,1.0
1,1,,0.0,1.0
1,1,,0.0,1.0
1,1,,0.0,1.0
1,1,,0.0,1.0
1,1,,0.0,1.0
1,1,,0.0,1.0
1,1,,0.0,1.0
1,1,,0.0,1.0
1,1,,0.0,1.0
1,1,,0.0,1.0
0,0,,1.0,0.0
1,1,,0.0,1.0
1,1,,0.0,1.0
1,1,,0.0,1.0
1,1,,0.0,1.0
1,1,,0.0,1.0
1,1,,0.0,1.0
1,1,,0.0,1.0
1,1,,0.0,1.0
1,1,,0.0,1.0
1,1,,0.0,1.0
1,1,,0.0,1.0
1,1,,0.0,1.0
1,1,,0.0,1.0
1,1,,0.0,1.0
1,1,,0.0,1.0
1,1,,0.0,1.0
1,1,,0.0,1.0
1,1,,0.0,1.0
1,1,,0.0,1.0
1,1,,0.0,1.0
1,1,,0.0,1.0
1,1,,0.0,1.0
1,1,,0.0,1.0
1,1,,0.0,1.0
1,1,,0.0,1.0
1,1,,0.0,1.0
1,1,,0.0,1.0
1,1,,0.0,1.0
1,1,,0.0,1.0
1,1,,0.0,1.0
1,1,,0.0,1.0
1,1,,0.0,1.0
1,1,,0.0,1.0
1,1,,0.0,1.0
1,1,,0.0,1.0
1,1,,0.0,1.0
1,1,,0.0,1.0
1,1,,0.0,1.0
1,1,,0.0,1.0
0,0,,1.0,0.0
1,1,,0.0,1.0
1,1,,0.0,1.0
1,1,,0.0,1.0
0,0,,1.0,0.0
1,1,,0.0,1.0
1,1,,0.0,1.0
1,1,,0.0,1.0
1,1,,0.0,1.0
0,0,,1.0,0.0
1,1,,0.0,1.0
1,1,,0.0,1.0
1,1,,0.0,1.0
1,1,,0.0,1.0
1,1,,0.0,1.0
1,1,,0.0,1.0
1,1,,0.0,1.0
0,0,,1.0,0.0
0,0,,1.0,0.0
0,0,,1.0,0.0
1,1,,0.0,1.0
1,1,,0.0,1.0
1,1,,0.0,1.0
1,1,,0.0,1.0
1,1,,0.0,1.0
1,1,,0.0,1.0
1,1,,0.0,1.0
1,1,,0.0,1.0
1,1,,0.0,1.0
1,1,,0.0,1.0
1,1,,0.005,0.995
1,1,,0.0,1.0
1,1,,0.0,1.0
0,0,,1.0,0.0
1,1,,0.0,1.0
1,1,,0.0,1.0
1,1,,0.0,1.0
1,1,,0.0,1.0
0,0,,1.0,0.0
0,0,,1.0,0.0
1,1,,0.0,1.0
1,1,,0.0,1.0
1,1,,0.0,1.0
1,1,,0.0,1.0
0,0,,1.0,0.0
1,1,,0.0,1.0
1,1,,0.0,1.0
1,1,,0.005,0.995
0,0,,1.0,0.0
1,1,,0.0,1.0
1,1,,0.0,1.0
1,1,,0.0,1.0
1,1,,0.0,1.0
1,1,,0.0,1.0
1,1,,0.0,1.0
1,1,,0.0,1.0
1,1,,0.0,1.0
1,1,,0.0,1.0
1,1,,0.0,1.0
1,1,,0.0,1.0
1,1,,0.0,1.0
0,0,,1.0,0.0
1,1,,0.0,1.0
1,1,,0.0,1.0
1,1,,0.0,1.0
1,1,,0.0,1.0
1,1,,0.0,1.0
1,1,,0.0,1.0
1,1,,0.0,1.0
1,1,,0.0,1.0
1,1,,0.0,1.0
0,0,,1.0,0.0
1,1,,0.0,1.0
1,1,,0.0,1.0
1,1,,0.0,1.0
1,1,,0.0,1.0
1,1,,0.0,1.0
1,1,,0.0,1.0
1,1,,0.0,1.0
1,1,,0.0,1.0
1,1,,0.0,1.0
1,1,,0.0,1.0
1,1,,0.0,1.0
1,1,,0.0,1.0
1,1,,0.0,1.0
1,1,,0.0,1.0
1,1,,0.0,1.0
1,1,,0.0,1.0
1,1,,0.0,1.0
1,1,,0.0,1.0
1,1,,0.0,1.0
1,1,,0.0,1.0
0,0,,1.0,0.0
1,1,,0.0,1.0
1,1,,0.0,1.0
1,1,,0.0,1.0
1,1,,0.0,1.0
1,1,,0.0,1.0
0,0,,1.0,0.0
1,1,,0.0,1.0
1,1,,0.0,1.0
1,1,,0.0,1.0
1,1,,0.0,1.0
1,1,,0.0,1.0
1,1,,0.0,1.0
1,1,,0.0,1.0
0,0,,1.0,0.0
1,1,,0.0,1.0
1,1,,0.0,1.0
1,1,,0.0,1.0
1,1,,0.0,1.0
1,1,,0.0,1.0
1,1,,0.0,1.0
1,1,,0.0,1.0
1,1,,0.0,1.0
1,1,,0.0,1.0
1,1,,0.0,1.0
1,1,,0.0,1.0
1,1,,0.0,1.0
1,1,,0.09,0.91
0,0,,1.0,0.0
1,1,,0.0,1.0
0,0,,1.0,0.0
1,1,,0.0,1.0
1,1,,0.0,1.0
1,1,,0.0,1.0
1,1,,0.0,1.0
1,1,,0.0,1.0
1,1,,0.0,1.0
1,1,,0.0,1.0
1,1,,0.0,1.0
0,0,,1.0,0.0
1,1,,0.0,1.0
1,1,,0.0,1.0
1,1,,0.0,1.0
1,1,,0.0,1.0
1,1,,0.0,1.0
0,0,,0.985,0.015
1,1,,0.0,1.0
1,1,,0.0,1.0
0,0,,1.0,0.0
1,1,,0.0,1.0
1,1,,0.0,1.0
1,1,,0.0,1.0
1,1,,0.0,1.0
1,1,,0.0,1.0
0,0,,0.925,0.075
1,1,,0.0,1.0
1,1,,0.0,1.0
1,1,,0.0,1.0
1,1,,0.0,1.0
1,1,,0.005,0.995
1,1,,0.0,1.0
1,1,,0.0,1.0
1,1,,0.0,1.0
1,1,,0.0,1.0
1,1,,0.0,1.0
1,1,,0.0,1.0
1,1,,0.0,1.0
1,1,,0.0,1.0
1,1,,0.0,1.0
1,1,,0.0,1.0
1,1,,0.0,1.0
1,1,,0.0,1.0
1,1,,0.0,1.0
1,1,,0.0,1.0
1,1,,0.0,1.0
1,1,,0.0,1.0
1,1,,0.0,1.0
0,0,,1.0,0.0
1,1,,0.0,1.0
1,1,,0.0,1.0
1,1,,0.0,1.0
1,1,,0.0,1.0
1,1,,0.0,1.0
1,1,,0.0,1.0
1,1,,0.0,1.0
1,1,,0.0,1.0
1,1,,0.0,1.0
1,1,,0.0,1.0
1,1,,0.0,1.0
1,1,,0.0,1.0
1,1,,0.0,1.0
1,1,,0.0,1.0
1,1,,0.0,1.0
0,0,,1.0,0.0
1,1,,0.0,1.0
1,1,,0.0,1.0
0,0,,1.0,0.0
1,1,,0.0,1.0
1,1,,0.0,1.0
1,1,,0.0,1.0
1,1,,0.0,1.0
1,1,,0.0,1.0
0,0,,1.0,0.0
1,1,,0.0,1.0
1,1,,0.0,1.0
1,1,,0.0,1.0
1,1,,0.0,1.0
1,1,,0.0,1.0
1,1,,0.0,1.0
1,1,,0.0,1.0
1,1,,0.0,1.0
1,1,,0.0,1.0
1,1,,0.0,1.0
1,1,,0.0,1.0
1,1,,0.0,1.0
1,1,,0.0,1.0
1,1,,0.0,1.0
1,1,,0.0,1.0
1,1,,0.0,1.0
1,1,,0.0,1.0
0,0,,1.0,0.0
1,1,,0.0,1.0
1,1,,0.0,1.0
1,1,,0.0,1.0
1,1,,0.0,1.0
1,1,,0.0,1.0
1,1,,0.0,1.0
1,1,,0.0,1.0
1,1,,0.0,1.0
1,1,,0.0,1.0
1,1,,0.0,1.0
1,1,,0.0,1.0
1,1,,0.0,1.0
1,1,,0.0,1.0
1,1,,0.0,1.0
1,1,,0.0,1.0
1,1,,0.0,1.0
0,0,,1.0,0.0
1,1,,0.0,1.0
1,1,,0.0,1.0
1,1,,0.0,1.0
1,1,,0.0,1.0
1,1,,0.0,1.0
1,1,,0.005,0.995
0,0,,1.0,0.0
1,1,,0.0,1.0
1,1,,0.0,1.0
1,1,,0.0,1.0
1,1,,0.0,1.0
1,1,,0.0,1.0
1,1,,0.0,1.0
1,1,,0.0,1.0
1,1,,0.0,1.0
1,1,,0.0,1.0
1,1,,0.0,1.0
1,1,,0.0,1.0
1,1,,0.0,1.0
1,1,,0.0,1.0
1,1,,0.0,1.0
1,1,,0.0,1.0
1,1,,0.0,1.0
1,1,,0.0,1.0
1,1,,0.0,1.0
1,1,,0.0,1.0
1,1,,0.0,1.0
1,1,,0.0,1.0
1,1,,0.0,1.0
1,1,,0.0,1.0
1,1,,0.0,1.0
1,1,,0.0,1.0
1,1,,0.0,1.0
1,1,,0.0,1.0
1,1,,0.0,1.0
0,0,,0.92,0.08
1,1,,0.0,1.0
1,1,,0.0,1.0
1,1,,0.0,1.0
1,1,,0.0,1.0
1,1,,0.0,1.0
1,1,,0.0,1.0
1,1,,0.0,1.0
1,1,,0.0,1.0
1,1,,0.0,1.0
1,1,,0.0,1.0
1,1,,0.0,1.0
1,1,,0.0,1.0
1,1,,0.0,1.0
1,1,,0.0,1.0
1,1,,0.0,1.0
1,1,,0.0,1.0
1,1,,0.0,1.0
1,1,,0.0,1.0
1,1,,0.0,1.0
1,1,,0.0,1.0
1,1,,0.0,1.0
1,1,,0.0,1.0
1,1,,0.0,1.0
1,1,,0.0,1.0
1,1,,0.0,1.0
1,1,,0.0,1.0
1,1,,0.0,1.0
1,1,,0.0,1.0
0,0,,1.0,0.0
1,1,,0.0,1.0
0,0,,1.0,0.0
1,1,,0.0,1.0
1,1,,0.0,1.0
1,1,,0.0,1.0
1,1,,0.0,1.0
1,1,,0.0,1.0
0,0,,1.0,0.0
1,1,,0.0,1.0
1,1,,0.0,1.0
0,0,,1.0,0.0
1,1,,0.0,1.0
0,0,,1.0,0.0
1,1,,0.0,1.0
0,0,,1.0,0.0
1,1,,0.0,1.0
1,1,,0.0,1.0
0,0,,1.0,0.0
1,1,,0.0,1.0
1,1,,0.0,1.0
1,1,,0.0,1.0
0,0,,1.0,0.0
1,1,,0.0,1.0
1,1,,0.0,1.0
1,1,,0.0,1.0
1,1,,0.0,1.0
1,1,,0.0,1.0
1,1,,0.0,1.0
1,1,,0.0,1.0
1,1,,0.0,1.0
1,1,,0.0,1.0
0,0,,1.0,0.0
1,1,,0.0,1.0
1,1,,0.0,1.0
1,1,,0.0,1.0
1,1,,0.0,1.0
1,1,,0.0,1.0
1,1,,0.0,1.0
1,1,,0.0,1.0
1,1,,0.0,1.0
1,1,,0.0,1.0
1,1,,0.0,1.0
1,1,,0.0,1.0
1,1,,0.0,1.0
1,1,,0.0,1.0
1,1,,0.0,1.0
1,1,,0.0,1.0
1,1,,0.0,1.0
1,1,,0.0,1.0
1,1,,0.0,1.0
1,1,,0.0,1.0
1,1,,0.0,1.0
1,1,,0.0,1.0
1,1,,0.0,1.0
1,1,,0.0,1.0
1,1,,0.0,1.0
1,1,,0.0,1.0
1,1,,0.0,1.0
1,1,,0.0,1.0
1,1,,0.0,1.0
1,1,,0.0,1.0
1,1,,0.0,1.0
1,1,,0.0,1.0
1,1,,0.0,1.0
1,1,,0.0,1.0
1,1,,0.0,1.0
1,1,,0.0,1.0
0,0,,1.0,0.0
1,1,,0.0,1.0
1,1,,0.0,1.0
1,1,,0.0,1.0
1,1,,0.0,1.0
0,0,,1.0,0.0
0,0,,1.0,0.0
0,0,,1.0,0.0
1,1,,0.0,1.0
0,0,,1.0,0.0
1,1,,0.0,1.0
1,1,,0.0,1.0
1,1,,0.0,1.0
1,1,,0.0,1.0
1,1,,0.0,1.0
1,1,,0.0,1.0
1,1,,0.0,1.0
1,1,,0.0,1.0
1,1,,0.0,1.0
1,1,,0.0,1.0
1,1,,0.0,1.0
1,1,,0.0,1.0
1,1,,0.0,1.0
1,1,,0.0,1.0
1,1,,0.0,1.0
1,1,,0.0,1.0
1,1,,0.0,1.0
1,1,,0.0,1.0
1,1,,0.0,1.0
1,1,,0.0,1.0
1,1,,0.0,1.0
1,1,,0.0,1.0
1,1,,0.0,1.0
1,1,,0.0,1.0
1,1,,0.0,1.0
1,1,,0.0,1.0
1,1,,0.0,1.0
1,1,,0.0,1.0
1,1,,0.0,1.0
0,0,,1.0,0.0
1,1,,0.0,1.0
1,1,,0.0,1.0
1,1,,0.0,1.0
1,1,,0.0,1.0
1,1,,0.0,1.0
1,1,,0.0,1.0
1,1,,0.0,1.0
1,1,,0.0,1.0
1,1,,0.0,1.0
1,1,,0.0,1.0
1,1,,0.0,1.0
0,0,,1.0,0.0
1,1,,0.0,1.0
1,1,,0.0,1.0
1,1,,0.0,1.0
1,1,,0.0,1.0
1,1,,0.0,1.0
1,1,,0.0,1.0
1,1,,0.0,1.0
1,1,,0.0,1.0
1,1,,0.0,1.0
1,1,,0.0,1.0
0,0,,1.0,0.0
1,1,,0.0,1.0
1,1,,0.0,1.0
1,1,,0.0,1.0
1,1,,0.0,1.0
0,0,,1.0,0.0
0,0,,1.0,0.0
1,1,,0.0,1.0
1,1,,0.0,1.0
1,1,,0.0,1.0
1,1,,0.0,1.0
1,1,,0.0,1.0
1,1,,0.0,1.0
1,1,,0.0,1.0
1,1,,0.0,1.0
1,1,,0.0,1.0
1,1,,0.0,1.0
1,1,,0.0,1.0
0,0,,1.0,0.0
1,1,,0.0,1.0
1,1,,0.0,1.0
1,1,,0.0,1.0
1,1,,0.005,0.995
1,1,,0.0,1.0
1,1,,0.0,1.0
1,1,,0.0,1.0
1,1,,0.0,1.0
1,1,,0.0,1.0
1,1,,0.0,1.0
1,1,,0.0,1.0
1,1,,0.0,1.0
1,1,,0.0,1.0
1,1,,0.0,1.0
1,1,,0.0,1.0
1,1,,0.0,1.0
1,1,,0.0,1.0
1,1,,0.0,1.0
1,1,,0.0,1.0
1,1,,0.0,1.0
1,1,,0.0,1.0
1,1,,0.0,1.0
1,1,,0.0,1.0
1,1,,0.0,1.0
1,1,,0.0,1.0
1,1,,0.0,1.0
1,1,,0.0,1.0
1,1,,0.0,1.0
1,1,,0.0,1.0
1,1,,0.0,1.0
1,1,,0.0,1.0
1,1,,0.0,1.0
1,1,,0.0,1.0
1,1,,0.0,1.0
1,1,,0.0,1.0
1,1,,0.0,1.0
0,0,,1.0,0.0
1,1,,0.0,1.0
1,1,,0.0,1.0
1,1,,0.0,1.0
1,1,,0.0,1.0
0,0,,1.0,0.0
1,1,,0.0,1.0
1,1,,0.0,1.0
1,1,,0.0,1.0
1,1,,0.0,1.0
0,0,,1.0,0.0
1,1,,0.0,1.0
1,1,,0.0,1.0
1,1,,0.0,1.0
0,0,,1.0,0.0
1,1,,0.0,1.0
1,1,,0.0,1.0
1,1,,0.0,1.0
1,1,,0.0,1.0
1,1,,0.0,1.0
1,1,,0.0,1.0
0,0,,1.0,0.0
1,1,,0.0,1.0
1,1,,0.0,1.0
1,1,,0.0,1.0
1,1,,0.0,1.0
1,1,,0.0,1.0
1,1,,0.0,1.0
1,1,,0.0,1.0
1,1,,0.0,1.0
1,1,,0.0,1.0
1,1,,0.0,1.0
0,0,,1.0,0.0
1,1,,0.0,1.0
1,1,,0.0,1.0
1,1,,0.0,1.0
1,1,,0.0,1.0
1,1,,0.0,1.0
1,1,,0.0,1.0
1,1,,0.0,1.0
0,0,,1.0,0.0
1,1,,0.0,1.0
0,0,,1.0,0.0
1,1,,0.0,1.0
1,1,,0.0,1.0
1,1,,0.0,1.0
1,1,,0.0,1.0
1,1,,0.0,1.0
0,0,,1.0,0.0
1,1,,0.0,1.0
1,1,,0.0,1.0
1,1,,0.0,1.0
1,1,,0.0,1.0
1,1,,0.0,1.0
1,1,,0.0,1.0
1,1,,0.0,1.0
1,1,,0.0,1.0
1,1,,0.0,1.0
1,1,,0.0,1.0
1,1,,0.0,1.0
1,1,,0.0,1.0
1,1,,0.0,1.0
1,1,,0.0,1.0
1,1,,0.0,1.0
1,1,,0.0,1.0
1,1,,0.0,1.0
1,1,,0.0,1.0
1,1,,0.0,1.0
1,1,,0.0,1.0
1,1,,0.0,1.0
1,1,,0.0,1.0
0,0,,1.0,0.0
1,1,,0.0,1.0
1,1,,0.0,1.0
0,0,,1.0,0.0
1,1,,0.0,1.0
1,1,,0.0,1.0
1,1,,0.0,1.0
1,1,,0.0,1.0
1,1,,0.0,1.0
1,1,,0.0,1.0
1,1,,0.0,1.0
1,1,,0.0,1.0
1,1,,0.0,1.0
1,1,,0.0,1.0
1,1,,0.0,1.0
1,1,,0.0,1.0
0,0,,1.0,0.0
1,1,,0.0,1.0
1,1,,0.0,1.0
1,1,,0.0,1.0
1,1,,0.0,1.0
0,0,,1.0,0.0
1,1,,0.0,1.0
1,1,,0.0,1.0
1,1,,0.0,1.0
1,1,,0.0,1.0
1,1,,0.0,1.0
1,1,,0.0,1.0
1,1,,0.0,1.0
0,0,,1.0,0.0
1,1,,0.0,1.0
1,1,,0.0,1.0
1,1,,0.0,1.0
1,1,,0.0,1.0
1,1,,0.0,1.0
1,1,,0.0,1.0
1,1,,0.0,1.0
1,1,,0.0,1.0
1,1,,0.0,1.0
1,1,,0.0,1.0
1,1,,0.0,1.0
1,1,,0.0,1.0
1,1,,0.0,1.0
1,1,,0.0,1.0
1,1,,0.0,1.0
1,1,,0.0,1.0
1,1,,0.0,1.0
1,1,,0.0,1.0
1,1,,0.0,1.0
1,1,,0.0,1.0
1,1,,0.0,1.0
1,1,,0.0,1.0
1,1,,0.0,1.0
1,1,,0.0,1.0
1,1,,0.0,1.0
1,1,,0.0,1.0
1,1,,0.0,1.0
1,1,,0.0,1.0
1,1,,0.0,1.0
1,1,,0.0,1.0
1,1,,0.0,1.0
1,1,,0.0,1.0
1,1,,0.0,1.0
1,1,,0.0,1.0
1,1,,0.0,1.0
1,1,,0.0,1.0
1,1,,0.0,1.0
1,1,,0.0,1.0
1,1,,0.0,1.0
1,1,,0.0,1.0
1,1,,0.0,1.0
1,1,,0.0,1.0
1,1,,0.0,1.0
0,0,,1.0,0.0
1,1,,0.0,1.0
1,1,,0.0,1.0
1,1,,0.0,1.0
1,1,,0.0,1.0
1,1,,0.0,1.0
1,1,,0.0,1.0
1,1,,0.0,1.0
1,1,,0.0,1.0
1,1,,0.0,1.0
1,1,,0.0,1.0
1,1,,0.0,1.0
0,0,,1.0,0.0
1,1,,0.0,1.0
1,1,,0.0,1.0
1,1,,0.0,1.0
1,1,,0.0,1.0
1,1,,0.0,1.0
1,1,,0.0,1.0
1,1,,0.0,1.0
1,1,,0.0,1.0
1,1,,0.0,1.0
1,1,,0.0,1.0
1,1,,0.0,1.0
1,1,,0.0,1.0
1,1,,0.0,1.0
1,1,,0.0,1.0
1,1,,0.0,1.0
1,1,,0.0,1.0
1,1,,0.0,1.0
1,1,,0.0,1.0
1,1,,0.0,1.0
1,1,,0.0,1.0
1,1,,0.0,1.0
1,1,,0.0,1.0
1,1,,0.0,1.0
1,1,,0.0,1.0
1,1,,0.0,1.0
0,0,,1.0,0.0
1,1,,0.0,1.0
1,1,,0.0,1.0
1,1,,0.0,1.0
1,1,,0.0,1.0
1,1,,0.0,1.0
1,1,,0.0,1.0
0,0,,1.0,0.0
1,1,,0.0,1.0
1,1,,0.0,1.0
1,1,,0.0,1.0
1,1,,0.0,1.0
1,1,,0.0,1.0
1,1,,0.0,1.0
1,1,,0.0,1.0
1,1,,0.0,1.0
1,1,,0.0,1.0
1,1,,0.0,1.0
1,1,,0.0,1.0
1,1,,0.0,1.0
1,1,,0.0,1.0
1,1,,0.0,1.0
1,1,,0.0,1.0
0,0,,1.0,0.0
1,1,,0.0,1.0
1,1,,0.0,1.0
0,0,,1.0,0.0
1,1,,0.0,1.0
1,1,,0.0,1.0
1,1,,0.0,1.0
1,1,,0.0,1.0
1,1,,0.0,1.0
1,1,,0.0,1.0
1,1,,0.0,1.0
1,1,,0.0,1.0
0,0,,1.0,0.0
1,1,,0.0,1.0
1,1,,0.0,1.0
1,1,,0.0,1.0
1,1,,0.0,1.0
1,1,,0.0,1.0
1,1,,0.0,1.0
1,1,,0.0,1.0
1,1,,0.0,1.0
1,1,,0.0,1.0
1,1,,0.0,1.0
1,1,,0.0,1.0
1,1,,0.0,1.0
1,1,,0.0,1.0
0,0,,1.0,0.0
1,1,,0.0,1.0
1,1,,0.0,1.0
0,0,,1.0,0.0
1,1,,0.0,1.0
1,1,,0.0,1.0
1,1,,0.0,1.0
0,0,,1.0,0.0
1,1,,0.0,1.0
1,1,,0.0,1.0
1,1,,0.0,1.0
1,1,,0.0,1.0
1,1,,0.0,1.0
1,1,,0.0,1.0
1,1,,0.0,1.0
1,1,,0.0,1.0
1,1,,0.0,1.0
1,1,,0.0,1.0
1,1,,0.0,1.0
1,1,,0.0,1.0
1,1,,0.0,1.0
1,1,,0.0,1.0
1,1,,0.0,1.0
1,1,,0.0,1.0
1,1,,0.0,1.0
0,0,,1.0,0.0
1,1,,0.0,1.0
1,1,,0.0,1.0
1,1,,0.0,1.0
1,1,,0.0,1.0
1,1,,0.0,1.0
1,1,,0.0,1.0
1,1,,0.0,1.0
1,1,,0.0,1.0
1,1,,0.0,1.0
1,1,,0.0,1.0
1,1,,0.0,1.0
1,1,,0.0,1.0
1,1,,0.0,1.0
1,1,,0.0,1.0
0,0,,1.0,0.0
1,1,,0.0,1.0
1,1,,0.0,1.0
1,1,,0.0,1.0
1,1,,0.0,1.0
1,1,,0.0,1.0
1,1,,0.0,1.0
0,0,,0.995,0.005
1,1,,0.0,1.0
1,1,,0.0,1.0
1,1,,0.0,1.0
1,1,,0.0,1.0
1,1,,0.0,1.0
1,1,,0.0,1.0
1,1,,0.0,1.0
1,1,,0.0,1.0
1,1,,0.0,1.0
1,1,,0.0,1.0
1,1,,0.0,1.0
1,1,,0.0,1.0
1,1,,0.0,1.0
0,0,,1.0,0.0
1,1,,0.0,1.0
1,1,,0.0,1.0
1,1,,0.0,1.0
1,1,,0.0,1.0
1,1,,0.0,1.0
1,1,,0.0,1.0
1,1,,0.0,1.0
1,1,,0.0,1.0
1,1,,0.0,1.0
1,1,,0.0,1.0
1,1,,0.0,1.0
1,1,,0.0,1.0
0,0,,0.99,0.01
1,1,,0.0,1.0
1,1,,0.0,1.0
1,1,,0.0,1.0
1,1,,0.0,1.0
1,1,,0.0,1.0
1,1,,0.0,1.0
1,1,,0.0,1.0
1,1,,0.0,1.0
1,1,,0.0,1.0
1,1,,0.0,1.0
1,1,,0.0,1.0
1,1,,0.0,1.0
1,1,,0.0,1.0
1,1,,0.0,1.0
1,1,,0.0,1.0
1,1,,0.0,1.0
1,1,,0.0,1.0
1,1,,0.0,1.0
1,1,,0.0,1.0
1,1,,0.0,1.0
1,1,,0.0,1.0
1,1,,0.0,1.0
1,1,,0.0,1.0
1,1,,0.0,1.0
1,1,,0.0,1.0
1,1,,0.0,1.0
1,1,,0.0,1.0
1,1,,0.0,1.0
1,1,,0.0,1.0
1,1,,0.0,1.0
1,1,,0.0,1.0
1,1,,0.0,1.0
1,1,,0.0,1.0
1,1,,0.0,1.0
1,1,,0.0,1.0
1,1,,0.0,1.0
0,0,,1.0,0.0
0,0,,1.0,0.0
1,1,,0.0,1.0
1,1,,0.0,1.0
