ChlorineConcentration,rstc,TEST,3,MILLISECONDS,Generated by run_classification_experiment on 08/06/2024, 13:54:20. Encoder dictionary: {'1': 0, '2': 1, '3': 2}
{'batch_size': 100, 'contract_max_n_shapelet_samples': inf, 'estimator': None, 'max_shapelet_length': None, 'max_shapelets': None, 'n_jobs': 1, 'n_shapelet_samples': 10000, 'random_state': 3, 'shapelet_quality': 'Wasser', 'time_limit_in_minutes': 0, 'transform_limit_in_minutes': 0}
0.7348958333333333,260697,108008,-1,93954048,3,N/A,-1,-1
0,2,,0.115,0.075,0.81
0,2,,0.095,0.23,0.675
0,0,,0.615,0.105,0.28
0,2,,0.325,0.035,0.64
0,0,,0.48,0.105,0.415
0,0,,1.0,0.0,0.0
0,2,,0.075,0.305,0.62
0,0,,0.815,0.015,0.17
0,2,,0.12,0.265,0.615
0,0,,1.0,0.0,0.0
0,0,,0.43,0.215,0.355
0,2,,0.22,0.12,0.66
0,2,,0.19,0.22,0.59
0,0,,0.61,0.125,0.265
0,0,,0.995,0.0,0.005
0,0,,0.715,0.025,0.26
0,2,,0.315,0.225,0.46
0,2,,0.225,0.31,0.465
0,2,,0.345,0.285,0.37
0,0,,0.515,0.13,0.355
0,0,,0.495,0.185,0.32
0,2,,0.135,0.265,0.6
0,2,,0.265,0.3,0.435
0,0,,0.735,0.03,0.235
0,0,,0.575,0.355,0.07
0,0,,0.735,0.04,0.225
0,2,,0.17,0.19,0.64
0,0,,0.73,0.04,0.23
0,0,,0.46,0.3,0.24
0,0,,0.485,0.1,0.415
0,0,,1.0,0.0,0.0
0,0,,0.825,0.055,0.12
0,0,,1.0,0.0,0.0
0,0,,0.85,0.04,0.11
0,0,,0.76,0.01,0.23
0,1,,0.14,0.46,0.4
0,2,,0.16,0.12,0.72
0,0,,0.995,0.0,0.005
0,2,,0.035,0.03,0.935
0,2,,0.19,0.34,0.47
0,2,,0.105,0.21,0.685
0,2,,0.25,0.195,0.555
0,0,,0.56,0.135,0.305
0,0,,0.98,0.005,0.015
0,0,,0.73,0.02,0.25
0,0,,0.855,0.035,0.11
0,0,,0.605,0.16,0.235
0,0,,0.995,0.0,0.005
0,2,,0.21,0.26,0.53
0,2,,0.315,0.135,0.55
0,2,,0.02,0.025,0.955
0,2,,0.255,0.21,0.535
0,0,,0.48,0.195,0.325
0,0,,0.725,0.055,0.22
0,0,,0.87,0.1,0.03
0,0,,0.71,0.2,0.09
0,0,,0.91,0.04,0.05
0,0,,0.765,0.06,0.175
0,2,,0.275,0.225,0.5
0,0,,0.775,0.015,0.21
0,0,,0.75,0.14,0.11
0,0,,1.0,0.0,0.0
0,0,,0.765,0.15,0.085
0,0,,0.46,0.085,0.455
0,2,,0.44,0.115,0.445
0,0,,0.885,0.02,0.095
0,2,,0.2,0.28,0.52
0,0,,0.61,0.105,0.285
0,2,,0.3,0.18,0.52
0,0,,0.965,0.0,0.035
0,2,,0.135,0.3,0.565
0,0,,0.535,0.405,0.06
0,0,,0.645,0.2,0.155
0,2,,0.145,0.265,0.59
0,2,,0.27,0.355,0.375
0,0,,0.765,0.11,0.125
0,0,,0.94,0.02,0.04
0,0,,0.5,0.105,0.395
0,2,,0.305,0.295,0.4
0,0,,0.465,0.09,0.445
0,2,,0.24,0.375,0.385
0,2,,0.215,0.25,0.535
0,0,,0.535,0.255,0.21
0,2,,0.345,0.085,0.57
0,2,,0.165,0.205,0.63
0,0,,0.72,0.015,0.265
0,0,,0.475,0.1,0.425
0,0,,0.5,0.135,0.365
0,2,,0.22,0.215,0.565
0,0,,0.61,0.165,0.225
0,2,,0.215,0.365,0.42
0,0,,1.0,0.0,0.0
0,0,,0.78,0.045,0.175
0,2,,0.225,0.23,0.545
0,0,,0.38,0.37,0.25
0,2,,0.155,0.28,0.565
0,0,,0.78,0.075,0.145
0,0,,0.655,0.24,0.105
0,0,,0.915,0.025,0.06
0,2,,0.35,0.21,0.44
0,0,,0.995,0.0,0.005
0,2,,0.25,0.36,0.39
0,0,,0.76,0.125,0.115
0,0,,0.5,0.105,0.395
0,0,,0.68,0.055,0.265
0,0,,0.94,0.01,0.05
0,0,,0.585,0.06,0.355
0,0,,0.71,0.135,0.155
0,2,,0.06,0.24,0.7
0,2,,0.085,0.225,0.69
0,2,,0.32,0.1,0.58
0,2,,0.16,0.395,0.445
0,2,,0.13,0.32,0.55
0,2,,0.13,0.325,0.545
0,2,,0.17,0.11,0.72
0,0,,0.9,0.03,0.07
0,2,,0.1,0.175,0.725
0,0,,0.77,0.015,0.215
0,0,,0.5,0.175,0.325
0,0,,0.555,0.11,0.335
0,0,,0.605,0.165,0.23
0,0,,0.81,0.065,0.125
0,0,,0.74,0.075,0.185
0,2,,0.025,0.19,0.785
0,0,,1.0,0.0,0.0
0,0,,1.0,0.0,0.0
0,2,,0.13,0.235,0.635
0,0,,0.445,0.13,0.425
0,0,,0.99,0.01,0.0
0,0,,0.995,0.0,0.005
0,0,,0.45,0.25,0.3
0,2,,0.13,0.07,0.8
0,2,,0.145,0.09,0.765
0,2,,0.165,0.33,0.505
0,0,,0.61,0.12,0.27
0,2,,0.265,0.165,0.57
0,2,,0.3,0.28,0.42
0,0,,1.0,0.0,0.0
0,0,,0.445,0.125,0.43
0,0,,0.47,0.205,0.325
0,2,,0.28,0.26,0.46
0,0,,0.51,0.195,0.295
0,0,,0.645,0.05,0.305
0,2,,0.345,0.145,0.51
0,2,,0.325,0.235,0.44
0,2,,0.065,0.2,0.735
0,2,,0.155,0.085,0.76
0,0,,0.925,0.03,0.045
0,0,,0.625,0.155,0.22
0,2,,0.055,0.295,0.65
0,0,,0.785,0.04,0.175
0,0,,0.995,0.0,0.005
0,0,,1.0,0.0,0.0
0,2,,0.155,0.325,0.52
0,0,,0.635,0.09,0.275
0,2,,0.13,0.33,0.54
0,0,,0.65,0.06,0.29
0,0,,0.655,0.07,0.275
0,0,,0.765,0.11,0.125
0,0,,0.4,0.34,0.26
0,2,,0.195,0.275,0.53
0,0,,0.555,0.045,0.4
0,2,,0.16,0.275,0.565
0,0,,0.6,0.095,0.305
0,0,,0.645,0.065,0.29
0,2,,0.245,0.19,0.565
0,2,,0.06,0.25,0.69
0,2,,0.275,0.145,0.58
0,2,,0.31,0.05,0.64
0,2,,0.1,0.27,0.63
0,0,,0.8,0.09,0.11
0,2,,0.21,0.095,0.695
0,0,,0.795,0.04,0.165
0,0,,0.825,0.02,0.155
0,0,,0.56,0.095,0.345
0,2,,0.365,0.16,0.475
0,0,,0.625,0.1,0.275
0,0,,0.815,0.0,0.185
0,0,,0.66,0.185,0.155
0,2,,0.115,0.135,0.75
0,0,,0.995,0.0,0.005
0,0,,0.93,0.04,0.03
0,0,,0.495,0.24,0.265
0,2,,0.185,0.26,0.555
0,0,,1.0,0.0,0.0
0,2,,0.14,0.15,0.71
0,0,,0.82,0.015,0.165
0,0,,0.7,0.1,0.2
0,0,,0.96,0.005,0.035
0,2,,0.22,0.19,0.59
0,2,,0.41,0.085,0.505
0,2,,0.045,0.215,0.74
0,0,,0.765,0.045,0.19
0,0,,0.65,0.09,0.26
0,0,,0.525,0.12,0.355
0,0,,0.64,0.055,0.305
0,0,,0.56,0.13,0.31
0,0,,0.65,0.11,0.24
0,0,,0.515,0.06,0.425
0,0,,0.715,0.11,0.175
0,0,,0.46,0.175,0.365
0,0,,0.74,0.02,0.24
0,0,,0.52,0.08,0.4
0,0,,0.895,0.05,0.055
0,0,,0.96,0.015,0.025
0,0,,0.695,0.035,0.27
0,0,,0.51,0.12,0.37
0,0,,0.515,0.16,0.325
0,0,,0.855,0.07,0.075
0,2,,0.1,0.22,0.68
0,2,,0.31,0.065,0.625
0,0,,1.0,0.0,0.0
0,0,,0.6,0.04,0.36
0,0,,0.74,0.05,0.21
0,0,,0.6,0.13,0.27
0,0,,0.74,0.135,0.125
0,0,,0.89,0.03,0.08
0,0,,0.615,0.1,0.285
0,2,,0.19,0.275,0.535
0,2,,0.32,0.155,0.525
0,0,,0.515,0.065,0.42
0,0,,0.98,0.01,0.01
0,2,,0.215,0.135,0.65
0,2,,0.015,0.18,0.805
0,2,,0.375,0.145,0.48
0,2,,0.02,0.165,0.815
0,0,,0.995,0.005,0.0
0,2,,0.29,0.255,0.455
0,0,,0.945,0.015,0.04
0,0,,0.615,0.05,0.335
0,0,,0.79,0.03,0.18
0,0,,0.605,0.06,0.335
0,2,,0.11,0.045,0.845
0,0,,0.94,0.015,0.045
0,0,,0.45,0.12,0.43
0,2,,0.145,0.37,0.485
0,0,,0.75,0.085,0.165
0,2,,0.425,0.145,0.43
0,2,,0.19,0.315,0.495
0,0,,0.69,0.025,0.285
0,0,,0.62,0.21,0.17
0,2,,0.195,0.34,0.465
0,2,,0.23,0.22,0.55
0,2,,0.085,0.17,0.745
0,0,,0.605,0.075,0.32
0,0,,0.725,0.01,0.265
0,0,,0.5,0.245,0.255
0,0,,0.34,0.325,0.335
0,0,,0.75,0.03,0.22
0,0,,0.695,0.025,0.28
0,0,,0.96,0.015,0.025
0,0,,0.58,0.23,0.19
0,0,,0.935,0.02,0.045
0,0,,0.43,0.385,0.185
0,0,,1.0,0.0,0.0
0,2,,0.075,0.3,0.625
0,0,,0.755,0.03,0.215
0,0,,0.535,0.055,0.41
0,0,,0.55,0.16,0.29
0,2,,0.235,0.16,0.605
0,2,,0.24,0.24,0.52
0,0,,0.555,0.11,0.335
0,2,,0.29,0.14,0.57
0,0,,0.51,0.11,0.38
0,2,,0.04,0.015,0.945
0,2,,0.08,0.305,0.615
0,0,,0.55,0.165,0.285
0,0,,0.675,0.025,0.3
0,0,,0.49,0.085,0.425
0,0,,0.86,0.005,0.135
0,0,,0.745,0.06,0.195
0,0,,0.84,0.065,0.095
0,0,,0.8,0.125,0.075
0,0,,0.93,0.015,0.055
0,0,,1.0,0.0,0.0
0,0,,0.37,0.3,0.33
0,2,,0.28,0.335,0.385
0,2,,0.365,0.085,0.55
0,2,,0.13,0.295,0.575
0,2,,0.145,0.11,0.745
0,2,,0.365,0.09,0.545
0,0,,0.985,0.005,0.01
0,0,,0.79,0.085,0.125
0,0,,0.39,0.33,0.28
0,0,,0.68,0.095,0.225
0,0,,0.96,0.02,0.02
0,0,,0.72,0.095,0.185
0,0,,0.595,0.115,0.29
0,0,,0.855,0.04,0.105
0,2,,0.25,0.1,0.65
0,0,,0.805,0.09,0.105
0,2,,0.375,0.115,0.51
0,0,,0.725,0.135,0.14
0,0,,1.0,0.0,0.0
0,2,,0.11,0.155,0.735
0,0,,0.995,0.0,0.005
0,0,,0.695,0.005,0.3
0,0,,0.515,0.06,0.425
0,0,,0.475,0.07,0.455
0,0,,0.71,0.025,0.265
0,0,,0.705,0.05,0.245
0,0,,0.37,0.31,0.32
0,0,,1.0,0.0,0.0
0,2,,0.325,0.06,0.615
0,0,,0.405,0.225,0.37
0,2,,0.125,0.065,0.81
0,0,,0.745,0.065,0.19
0,0,,1.0,0.0,0.0
0,0,,1.0,0.0,0.0
0,0,,0.75,0.05,0.2
0,0,,1.0,0.0,0.0
0,0,,0.995,0.0,0.005
0,0,,1.0,0.0,0.0
0,0,,0.505,0.115,0.38
0,0,,0.99,0.005,0.005
0,0,,0.96,0.005,0.035
0,2,,0.265,0.215,0.52
0,0,,0.55,0.085,0.365
0,2,,0.175,0.15,0.675
0,2,,0.32,0.095,0.585
0,0,,0.38,0.33,0.29
0,0,,0.84,0.04,0.12
0,0,,0.61,0.05,0.34
0,2,,0.1,0.255,0.645
0,0,,0.79,0.115,0.095
0,2,,0.34,0.095,0.565
0,0,,0.885,0.075,0.04
0,0,,0.905,0.02,0.075
0,0,,0.49,0.09,0.42
0,0,,0.655,0.085,0.26
0,0,,0.6,0.315,0.085
0,0,,0.495,0.025,0.48
0,0,,0.905,0.03,0.065
0,0,,0.945,0.05,0.005
0,2,,0.3,0.19,0.51
0,2,,0.42,0.135,0.445
0,0,,0.985,0.005,0.01
0,0,,0.695,0.06,0.245
0,0,,0.77,0.03,0.2
0,2,,0.155,0.11,0.735
0,2,,0.09,0.165,0.745
0,0,,1.0,0.0,0.0
0,0,,0.77,0.035,0.195
0,2,,0.28,0.3,0.42
0,0,,0.6,0.18,0.22
0,2,,0.44,0.02,0.54
0,2,,0.055,0.3,0.645
0,0,,0.45,0.205,0.345
0,0,,1.0,0.0,0.0
0,0,,0.93,0.025,0.045
0,0,,1.0,0.0,0.0
0,2,,0.3,0.2,0.5
0,0,,0.415,0.37,0.215
0,0,,0.68,0.06,0.26
0,0,,0.51,0.19,0.3
0,2,,0.195,0.195,0.61
0,2,,0.32,0.33,0.35
0,0,,0.885,0.075,0.04
0,0,,0.555,0.36,0.085
0,0,,0.445,0.145,0.41
0,2,,0.355,0.265,0.38
0,0,,0.565,0.09,0.345
0,0,,0.47,0.07,0.46
0,0,,0.62,0.14,0.24
0,2,,0.315,0.155,0.53
0,2,,0.13,0.255,0.615
0,0,,0.765,0.17,0.065
0,0,,0.605,0.095,0.3
0,0,,0.73,0.215,0.055
0,0,,0.635,0.035,0.33
0,2,,0.325,0.1,0.575
0,0,,0.52,0.025,0.455
0,2,,0.085,0.32,0.595
0,0,,0.975,0.01,0.015
0,0,,0.425,0.29,0.285
0,2,,0.445,0.1,0.455
0,0,,0.42,0.16,0.42
0,1,,0.265,0.395,0.34
0,0,,0.625,0.045,0.33
0,0,,0.535,0.055,0.41
0,2,,0.23,0.22,0.55
0,0,,0.615,0.11,0.275
0,0,,0.75,0.04,0.21
0,2,,0.145,0.155,0.7
0,2,,0.235,0.205,0.56
0,0,,0.575,0.105,0.32
0,0,,0.515,0.22,0.265
0,0,,1.0,0.0,0.0
0,2,,0.16,0.24,0.6
0,0,,0.425,0.35,0.225
0,2,,0.42,0.145,0.435
0,0,,1.0,0.0,0.0
0,1,,0.215,0.41,0.375
0,2,,0.425,0.085,0.49
0,1,,0.355,0.36,0.285
0,0,,0.5,0.17,0.33
0,0,,0.975,0.015,0.01
0,2,,0.215,0.205,0.58
0,0,,0.65,0.055,0.295
0,2,,0.12,0.195,0.685
0,1,,0.225,0.41,0.365
0,2,,0.255,0.275,0.47
0,0,,1.0,0.0,0.0
0,1,,0.22,0.415,0.365
0,0,,0.68,0.165,0.155
0,2,,0.165,0.31,0.525
0,0,,0.68,0.05,0.27
0,0,,1.0,0.0,0.0
0,2,,0.07,0.1,0.83
0,0,,0.68,0.065,0.255
0,0,,0.99,0.0,0.01
0,0,,0.515,0.255,0.23
0,0,,0.845,0.005,0.15
0,0,,0.98,0.005,0.015
0,0,,0.6,0.145,0.255
0,2,,0.32,0.23,0.45
0,0,,0.765,0.07,0.165
0,0,,0.9,0.05,0.05
0,0,,0.755,0.075,0.17
0,0,,1.0,0.0,0.0
0,0,,0.67,0.025,0.305
0,2,,0.24,0.31,0.45
0,0,,0.675,0.18,0.145
0,0,,0.89,0.055,0.055
0,2,,0.28,0.065,0.655
0,0,,0.84,0.055,0.105
0,2,,0.345,0.285,0.37
0,0,,0.445,0.205,0.35
0,0,,0.665,0.095,0.24
0,2,,0.13,0.275,0.595
0,0,,0.515,0.11,0.375
0,1,,0.215,0.49,0.295
0,2,,0.095,0.25,0.655
0,2,,0.34,0.29,0.37
0,0,,1.0,0.0,0.0
0,2,,0.045,0.175,0.78
0,0,,0.97,0.005,0.025
0,2,,0.165,0.2,0.635
0,2,,0.105,0.355,0.54
0,0,,0.645,0.08,0.275
0,0,,0.97,0.005,0.025
0,0,,0.635,0.06,0.305
0,0,,1.0,0.0,0.0
0,0,,0.54,0.04,0.42
0,0,,1.0,0.0,0.0
0,0,,0.375,0.28,0.345
0,0,,0.735,0.11,0.155
0,1,,0.18,0.455,0.365
0,2,,0.3,0.295,0.405
0,2,,0.14,0.32,0.54
0,0,,0.67,0.02,0.31
0,0,,0.915,0.05,0.035
0,0,,0.875,0.035,0.09
0,2,,0.11,0.265,0.625
0,0,,0.425,0.27,0.305
0,0,,0.61,0.145,0.245
0,0,,0.775,0.12,0.105
0,0,,0.91,0.035,0.055
0,2,,0.295,0.07,0.635
0,0,,0.685,0.05,0.265
0,0,,0.995,0.0,0.005
0,0,,0.84,0.015,0.145
0,2,,0.435,0.065,0.5
0,0,,1.0,0.0,0.0
0,0,,0.44,0.22,0.34
0,0,,0.715,0.02,0.265
0,0,,0.73,0.055,0.215
0,0,,0.745,0.09,0.165
0,0,,1.0,0.0,0.0
0,0,,0.7,0.025,0.275
0,2,,0.215,0.25,0.535
0,0,,0.865,0.035,0.1
0,0,,0.725,0.02,0.255
0,1,,0.29,0.365,0.345
0,2,,0.31,0.265,0.425
0,0,,0.715,0.14,0.145
0,2,,0.13,0.26,0.61
0,0,,0.625,0.185,0.19
0,0,,0.975,0.01,0.015
0,2,,0.375,0.155,0.47
0,2,,0.37,0.06,0.57
0,0,,1.0,0.0,0.0
0,2,,0.225,0.215,0.56
0,0,,0.405,0.27,0.325
0,0,,0.75,0.045,0.205
0,2,,0.31,0.255,0.435
0,2,,0.13,0.18,0.69
0,0,,1.0,0.0,0.0
0,2,,0.245,0.08,0.675
0,2,,0.19,0.235,0.575
0,0,,1.0,0.0,0.0
0,0,,0.625,0.27,0.105
0,2,,0.43,0.055,0.515
0,2,,0.375,0.205,0.42
0,0,,0.945,0.01,0.045
0,0,,0.685,0.03,0.285
0,0,,0.655,0.07,0.275
0,0,,0.655,0.05,0.295
0,0,,0.385,0.34,0.275
0,0,,0.96,0.025,0.015
0,2,,0.1,0.14,0.76
0,2,,0.1,0.185,0.715
0,0,,1.0,0.0,0.0
0,2,,0.19,0.24,0.57
0,0,,0.48,0.125,0.395
0,0,,0.5,0.07,0.43
0,2,,0.25,0.2,0.55
0,0,,0.575,0.19,0.235
0,2,,0.315,0.15,0.535
0,0,,0.55,0.175,0.275
0,2,,0.325,0.2,0.475
0,2,,0.19,0.275,0.535
0,0,,0.935,0.04,0.025
0,0,,1.0,0.0,0.0
0,0,,0.615,0.095,0.29
0,2,,0.15,0.255,0.595
0,0,,1.0,0.0,0.0
0,0,,0.605,0.2,0.195
0,2,,0.2,0.28,0.52
0,2,,0.33,0.03,0.64
0,0,,0.485,0.295,0.22
0,1,,0.215,0.475,0.31
0,2,,0.245,0.33,0.425
0,2,,0.135,0.32,0.545
0,0,,0.72,0.1,0.18
0,2,,0.135,0.16,0.705
0,0,,0.91,0.02,0.07
0,2,,0.17,0.14,0.69
0,2,,0.1,0.185,0.715
0,0,,1.0,0.0,0.0
0,0,,0.9,0.06,0.04
0,2,,0.35,0.285,0.365
0,2,,0.245,0.35,0.405
0,1,,0.315,0.36,0.325
0,0,,0.665,0.075,0.26
0,0,,0.66,0.18,0.16
0,0,,0.635,0.09,0.275
0,2,,0.15,0.245,0.605
0,0,,1.0,0.0,0.0
0,0,,0.925,0.005,0.07
0,0,,1.0,0.0,0.0
0,2,,0.22,0.235,0.545
0,2,,0.11,0.22,0.67
0,2,,0.145,0.25,0.605
0,0,,0.39,0.245,0.365
0,0,,0.47,0.125,0.405
0,2,,0.09,0.115,0.795
0,0,,0.79,0.045,0.165
0,0,,1.0,0.0,0.0
0,2,,0.26,0.07,0.67
0,2,,0.23,0.11,0.66
0,2,,0.155,0.195,0.65
0,2,,0.225,0.225,0.55
0,0,,0.73,0.085,0.185
0,2,,0.07,0.105,0.825
0,2,,0.17,0.325,0.505
0,2,,0.31,0.16,0.53
0,0,,1.0,0.0,0.0
0,0,,0.8,0.02,0.18
0,0,,0.71,0.13,0.16
0,2,,0.095,0.26,0.645
0,2,,0.03,0.035,0.935
0,0,,0.93,0.06,0.01
0,2,,0.16,0.23,0.61
0,0,,0.525,0.13,0.345
0,0,,0.64,0.02,0.34
0,0,,0.41,0.235,0.355
0,1,,0.155,0.515,0.33
0,2,,0.02,0.15,0.83
0,0,,0.86,0.02,0.12
0,0,,0.86,0.085,0.055
0,2,,0.17,0.11,0.72
0,0,,0.455,0.25,0.295
0,0,,0.99,0.005,0.005
0,0,,0.455,0.115,0.43
0,2,,0.17,0.25,0.58
0,0,,0.875,0.025,0.1
0,1,,0.29,0.385,0.325
0,1,,0.305,0.455,0.24
0,0,,0.845,0.02,0.135
0,0,,0.64,0.17,0.19
0,0,,0.665,0.02,0.315
0,2,,0.24,0.24,0.52
0,0,,0.625,0.22,0.155
0,2,,0.095,0.25,0.655
0,0,,0.605,0.045,0.35
0,0,,0.985,0.005,0.01
0,0,,0.76,0.035,0.205
0,0,,0.6,0.135,0.265
0,0,,0.8,0.04,0.16
0,0,,0.975,0.005,0.02
0,2,,0.415,0.025,0.56
0,0,,0.685,0.08,0.235
0,0,,0.895,0.08,0.025
0,0,,1.0,0.0,0.0
0,2,,0.085,0.3,0.615
0,0,,0.505,0.21,0.285
0,2,,0.175,0.36,0.465
0,0,,1.0,0.0,0.0
0,0,,0.46,0.15,0.39
0,0,,0.575,0.145,0.28
0,2,,0.265,0.17,0.565
0,0,,0.575,0.2,0.225
0,0,,0.58,0.19,0.23
0,0,,0.95,0.015,0.035
0,2,,0.135,0.145,0.72
0,0,,0.645,0.175,0.18
0,0,,0.515,0.285,0.2
0,2,,0.17,0.225,0.605
0,2,,0.08,0.085,0.835
0,0,,0.85,0.015,0.135
0,0,,0.54,0.165,0.295
0,2,,0.38,0.115,0.505
0,0,,0.46,0.13,0.41
0,2,,0.165,0.175,0.66
0,0,,0.945,0.035,0.02
0,0,,0.485,0.27,0.245
0,0,,0.965,0.01,0.025
0,0,,0.975,0.015,0.01
0,2,,0.155,0.35,0.495
0,2,,0.11,0.205,0.685
0,0,,0.435,0.295,0.27
0,1,,0.335,0.38,0.285
0,0,,1.0,0.0,0.0
0,2,,0.21,0.165,0.625
0,0,,0.635,0.03,0.335
0,2,,0.34,0.165,0.495
0,2,,0.23,0.31,0.46
0,2,,0.44,0.05,0.51
0,0,,0.465,0.125,0.41
0,0,,0.54,0.38,0.08
0,2,,0.125,0.185,0.69
0,0,,0.565,0.065,0.37
0,0,,0.6,0.095,0.305
0,0,,0.6,0.12,0.28
0,0,,0.695,0.26,0.045
0,2,,0.445,0.025,0.53
0,2,,0.24,0.275,0.485
0,0,,0.38,0.325,0.295
0,2,,0.235,0.185,0.58
0,0,,0.53,0.07,0.4
0,0,,0.945,0.025,0.03
0,0,,0.86,0.105,0.035
0,0,,0.595,0.1,0.305
0,0,,0.855,0.06,0.085
0,2,,0.145,0.15,0.705
0,0,,1.0,0.0,0.0
0,2,,0.27,0.105,0.625
0,2,,0.235,0.175,0.59
0,0,,0.625,0.09,0.285
0,0,,1.0,0.0,0.0
0,0,,0.995,0.0,0.005
0,0,,0.815,0.05,0.135
0,0,,0.42,0.19,0.39
0,0,,0.88,0.025,0.095
0,0,,0.94,0.02,0.04
0,0,,0.485,0.12,0.395
0,0,,0.995,0.0,0.005
0,0,,0.735,0.11,0.155
0,0,,0.57,0.125,0.305
0,2,,0.22,0.22,0.56
0,0,,0.595,0.075,0.33
0,0,,0.365,0.3,0.335
0,2,,0.26,0.26,0.48
0,0,,0.51,0.315,0.175
0,2,,0.215,0.37,0.415
0,2,,0.41,0.075,0.515
0,0,,0.595,0.055,0.35
0,2,,0.37,0.18,0.45
0,2,,0.185,0.225,0.59
0,0,,0.76,0.06,0.18
0,2,,0.35,0.105,0.545
0,0,,1.0,0.0,0.0
0,0,,0.945,0.02,0.035
0,0,,0.575,0.34,0.085
0,0,,0.355,0.3,0.345
0,0,,0.995,0.0,0.005
0,2,,0.125,0.325,0.55
0,0,,0.615,0.1,0.285
0,0,,0.645,0.04,0.315
0,2,,0.325,0.135,0.54
0,0,,1.0,0.0,0.0
0,0,,0.94,0.035,0.025
0,2,,0.245,0.23,0.525
0,2,,0.09,0.135,0.775
0,0,,0.47,0.06,0.47
0,0,,0.995,0.0,0.005
0,0,,0.64,0.065,0.295
0,2,,0.245,0.195,0.56
0,0,,0.625,0.115,0.26
0,2,,0.155,0.31,0.535
0,0,,0.48,0.075,0.445
0,0,,0.59,0.29,0.12
0,2,,0.3,0.23,0.47
0,2,,0.015,0.03,0.955
0,2,,0.13,0.33,0.54
0,0,,0.59,0.125,0.285
0,0,,0.965,0.015,0.02
0,2,,0.27,0.24,0.49
0,0,,0.665,0.06,0.275
0,1,,0.36,0.42,0.22
0,2,,0.35,0.16,0.49
0,0,,0.575,0.03,0.395
0,1,,0.31,0.37,0.32
0,0,,0.995,0.0,0.005
0,2,,0.095,0.235,0.67
0,0,,1.0,0.0,0.0
0,0,,0.995,0.0,0.005
0,2,,0.135,0.325,0.54
0,2,,0.06,0.355,0.585
0,2,,0.195,0.11,0.695
0,0,,0.625,0.19,0.185
0,0,,1.0,0.0,0.0
0,2,,0.34,0.16,0.5
0,0,,0.59,0.075,0.335
0,2,,0.15,0.285,0.565
0,2,,0.07,0.17,0.76
0,0,,0.465,0.15,0.385
0,2,,0.1,0.145,0.755
0,0,,0.545,0.045,0.41
0,2,,0.045,0.1,0.855
0,0,,0.985,0.0,0.015
0,0,,0.49,0.08,0.43
0,2,,0.205,0.39,0.405
0,0,,0.555,0.13,0.315
0,2,,0.375,0.17,0.455
0,2,,0.17,0.255,0.575
0,0,,0.995,0.0,0.005
0,2,,0.085,0.305,0.61
0,2,,0.18,0.13,0.69
0,0,,0.575,0.03,0.395
0,0,,0.77,0.095,0.135
0,2,,0.35,0.285,0.365
0,0,,0.44,0.22,0.34
0,0,,0.83,0.1,0.07
0,0,,0.655,0.085,0.26
0,2,,0.1,0.255,0.645
0,0,,0.45,0.37,0.18
0,2,,0.29,0.26,0.45
0,0,,0.69,0.205,0.105
0,2,,0.39,0.045,0.565
0,0,,0.71,0.06,0.23
0,0,,0.995,0.0,0.005
0,2,,0.125,0.075,0.8
0,0,,0.91,0.025,0.065
0,2,,0.215,0.215,0.57
0,0,,0.725,0.095,0.18
0,0,,0.575,0.075,0.35
0,2,,0.11,0.05,0.84
0,0,,0.575,0.2,0.225
0,2,,0.185,0.17,0.645
0,0,,0.71,0.12,0.17
0,0,,0.375,0.35,0.275
0,0,,0.67,0.075,0.255
0,0,,0.38,0.295,0.325
0,0,,0.995,0.005,0.0
0,0,,0.64,0.165,0.195
0,0,,0.445,0.215,0.34
0,0,,0.65,0.015,0.335
0,0,,0.685,0.08,0.235
0,0,,0.92,0.01,0.07
0,1,,0.25,0.45,0.3
0,0,,0.54,0.13,0.33
0,0,,0.685,0.05,0.265
0,2,,0.345,0.29,0.365
0,0,,0.94,0.005,0.055
0,0,,1.0,0.0,0.0
0,0,,0.965,0.005,0.03
0,2,,0.125,0.25,0.625
0,0,,1.0,0.0,0.0
0,0,,0.67,0.06,0.27
0,2,,0.31,0.22,0.47
0,2,,0.27,0.27,0.46
0,0,,0.99,0.005,0.005
0,0,,0.52,0.055,0.425
0,2,,0.095,0.195,0.71
0,0,,0.645,0.055,0.3
0,0,,0.705,0.055,0.24
0,0,,0.535,0.185,0.28
0,1,,0.225,0.46,0.315
0,0,,0.42,0.22,0.36
0,2,,0.275,0.285,0.44
0,2,,0.085,0.295,0.62
0,0,,0.955,0.005,0.04
0,2,,0.195,0.325,0.48
0,2,,0.165,0.255,0.58
0,2,,0.45,0.045,0.505
0,0,,0.9,0.02,0.08
0,0,,0.48,0.175,0.345
0,2,,0.36,0.185,0.455
0,2,,0.185,0.135,0.68
0,0,,0.73,0.055,0.215
0,0,,0.88,0.05,0.07
0,0,,0.645,0.21,0.145
0,2,,0.25,0.22,0.53
0,0,,0.98,0.005,0.015
0,0,,0.83,0.02,0.15
0,0,,0.995,0.0,0.005
0,0,,0.56,0.09,0.35
0,0,,0.505,0.13,0.365
0,0,,0.755,0.045,0.2
0,0,,0.555,0.065,0.38
0,0,,0.615,0.1,0.285
0,2,,0.13,0.28,0.59
0,0,,0.69,0.075,0.235
0,0,,0.76,0.025,0.215
0,2,,0.235,0.21,0.555
0,0,,0.495,0.115,0.39
0,2,,0.38,0.135,0.485
0,2,,0.17,0.185,0.645
0,0,,0.4,0.265,0.335
0,0,,0.675,0.065,0.26
0,0,,0.525,0.06,0.415
0,2,,0.08,0.17,0.75
0,2,,0.035,0.09,0.875
0,0,,0.935,0.025,0.04
0,2,,0.29,0.165,0.545
0,0,,0.63,0.12,0.25
0,0,,0.975,0.005,0.02
0,2,,0.145,0.145,0.71
0,0,,0.835,0.06,0.105
0,0,,0.815,0.03,0.155
0,0,,1.0,0.0,0.0
0,0,,0.83,0.065,0.105
0,2,,0.27,0.32,0.41
0,0,,0.88,0.06,0.06
0,0,,0.865,0.045,0.09
0,0,,0.885,0.045,0.07
0,2,,0.32,0.315,0.365
0,0,,0.96,0.005,0.035
0,0,,0.94,0.015,0.045
0,2,,0.18,0.39,0.43
0,2,,0.42,0.035,0.545
0,0,,0.595,0.16,0.245
0,0,,1.0,0.0,0.0
0,0,,0.67,0.075,0.255
0,0,,0.835,0.02,0.145
0,0,,0.74,0.14,0.12
0,2,,0.025,0.185,0.79
0,2,,0.16,0.13,0.71
0,2,,0.35,0.255,0.395
0,0,,0.83,0.05,0.12
0,0,,0.64,0.055,0.305
0,2,,0.235,0.175,0.59
0,0,,0.425,0.225,0.35
0,2,,0.075,0.27,0.655
0,2,,0.19,0.265,0.545
0,0,,0.95,0.015,0.035
0,0,,0.895,0.05,0.055
0,1,,0.285,0.405,0.31
0,0,,0.665,0.08,0.255
0,0,,0.55,0.095,0.355
0,0,,0.48,0.3,0.22
0,2,,0.105,0.31,0.585
0,0,,0.745,0.08,0.175
0,0,,1.0,0.0,0.0
0,0,,1.0,0.0,0.0
0,0,,0.695,0.17,0.135
0,0,,0.695,0.05,0.255
0,2,,0.33,0.15,0.52
0,0,,0.61,0.095,0.295
0,0,,0.79,0.045,0.165
0,2,,0.235,0.18,0.585
0,2,,0.19,0.2,0.61
0,0,,1.0,0.0,0.0
0,2,,0.06,0.3,0.64
0,0,,0.5,0.16,0.34
0,0,,1.0,0.0,0.0
0,0,,0.595,0.22,0.185
0,0,,0.38,0.34,0.28
0,0,,0.895,0.03,0.075
0,0,,0.605,0.205,0.19
0,0,,0.875,0.02,0.105
0,2,,0.175,0.36,0.465
0,0,,0.65,0.055,0.295
0,0,,0.62,0.14,0.24
0,0,,0.97,0.015,0.015
0,0,,0.74,0.06,0.2
0,0,,0.99,0.005,0.005
0,0,,0.885,0.04,0.075
0,0,,0.855,0.035,0.11
0,0,,0.54,0.33,0.13
0,0,,1.0,0.0,0.0
0,0,,0.735,0.065,0.2
0,0,,0.515,0.045,0.44
0,0,,0.725,0.055,0.22
1,2,,0.125,0.4,0.475
1,0,,0.545,0.2,0.255
1,1,,0.095,0.57,0.335
1,1,,0.28,0.56,0.16
1,2,,0.085,0.405,0.51
1,1,,0.055,0.695,0.25
1,2,,0.175,0.3,0.525
1,2,,0.345,0.295,0.36
1,2,,0.175,0.29,0.535
1,2,,0.06,0.215,0.725
1,2,,0.085,0.195,0.72
1,2,,0.34,0.15,0.51
1,1,,0.07,0.635,0.295
1,2,,0.095,0.32,0.585
1,1,,0.055,0.535,0.41
1,1,,0.035,0.565,0.4
1,2,,0.095,0.34,0.565
1,2,,0.075,0.43,0.495
1,1,,0.12,0.66,0.22
1,1,,0.255,0.525,0.22
1,2,,0.04,0.255,0.705
1,1,,0.07,0.85,0.08
1,2,,0.09,0.245,0.665
1,2,,0.155,0.33,0.515
1,2,,0.06,0.245,0.695
1,1,,0.15,0.675,0.175
1,2,,0.055,0.465,0.48
1,2,,0.135,0.275,0.59
1,1,,0.065,0.79,0.145
1,2,,0.13,0.17,0.7
1,1,,0.1,0.735,0.165
1,2,,0.17,0.34,0.49
1,1,,0.025,0.805,0.17
1,2,,0.14,0.14,0.72
1,2,,0.065,0.23,0.705
1,2,,0.095,0.245,0.66
1,2,,0.025,0.255,0.72
1,2,,0.03,0.31,0.66
1,1,,0.08,0.595,0.325
1,2,,0.06,0.06,0.88
1,2,,0.22,0.295,0.485
1,2,,0.42,0.045,0.535
1,1,,0.085,0.74,0.175
1,1,,0.23,0.49,0.28
1,2,,0.085,0.45,0.465
1,2,,0.045,0.215,0.74
1,1,,0.01,0.755,0.235
1,2,,0.125,0.135,0.74
1,2,,0.26,0.06,0.68
1,1,,0.045,0.595,0.36
1,1,,0.05,0.715,0.235
1,2,,0.09,0.26,0.65
1,1,,0.05,0.76,0.19
1,1,,0.075,0.685,0.24
1,2,,0.3,0.05,0.65
1,2,,0.055,0.385,0.56
1,1,,0.305,0.45,0.245
1,1,,0.035,0.525,0.44
1,2,,0.06,0.335,0.605
1,1,,0.015,0.87,0.115
1,2,,0.195,0.365,0.44
1,1,,0.03,0.77,0.2
1,1,,0.11,0.635,0.255
1,1,,0.165,0.53,0.305
1,1,,0.01,0.62,0.37
1,2,,0.085,0.245,0.67
1,2,,0.125,0.365,0.51
1,2,,0.23,0.355,0.415
1,1,,0.04,0.765,0.195
1,2,,0.105,0.075,0.82
1,2,,0.225,0.29,0.485
1,1,,0.085,0.605,0.31
1,2,,0.05,0.275,0.675
1,2,,0.165,0.15,0.685
1,2,,0.1,0.275,0.625
1,2,,0.23,0.065,0.705
1,1,,0.075,0.47,0.455
1,2,,0.12,0.14,0.74
1,1,,0.03,0.775,0.195
1,2,,0.16,0.385,0.455
1,2,,0.045,0.135,0.82
1,1,,0.12,0.65,0.23
1,2,,0.34,0.18,0.48
1,2,,0.265,0.225,0.51
1,2,,0.265,0.12,0.615
1,2,,0.235,0.02,0.745
1,1,,0.035,0.49,0.475
1,2,,0.08,0.27,0.65
1,1,,0.125,0.82,0.055
1,1,,0.02,0.55,0.43
1,2,,0.045,0.23,0.725
1,1,,0.175,0.62,0.205
1,2,,0.06,0.265,0.675
1,2,,0.145,0.28,0.575
1,1,,0.14,0.645,0.215
1,1,,0.125,0.66,0.215
1,0,,0.405,0.205,0.39
1,1,,0.105,0.82,0.075
1,2,,0.09,0.385,0.525
1,2,,0.27,0.285,0.445
1,2,,0.05,0.28,0.67
1,1,,0.345,0.45,0.205
1,1,,0.02,0.605,0.375
1,1,,0.12,0.68,0.2
1,1,,0.125,0.545,0.33
1,1,,0.16,0.445,0.395
1,1,,0.045,0.54,0.415
1,1,,0.2,0.64,0.16
1,2,,0.14,0.38,0.48
1,1,,0.09,0.47,0.44
1,1,,0.025,0.715,0.26
1,1,,0.005,0.83,0.165
1,2,,0.11,0.195,0.695
1,2,,0.04,0.225,0.735
1,1,,0.145,0.445,0.41
1,2,,0.3,0.18,0.52
1,1,,0.12,0.625,0.255
1,2,,0.175,0.36,0.465
1,1,,0.07,0.55,0.38
1,1,,0.08,0.8,0.12
1,2,,0.07,0.395,0.535
1,2,,0.335,0.06,0.605
1,2,,0.015,0.365,0.62
1,1,,0.1,0.695,0.205
1,2,,0.135,0.215,0.65
1,1,,0.4,0.45,0.15
1,2,,0.38,0.025,0.595
1,2,,0.005,0.075,0.92
1,2,,0.23,0.33,0.44
1,1,,0.105,0.465,0.43
1,1,,0.215,0.65,0.135
1,1,,0.075,0.77,0.155
1,1,,0.115,0.78,0.105
1,2,,0.08,0.225,0.695
1,2,,0.325,0.255,0.42
1,1,,0.055,0.495,0.45
1,2,,0.31,0.075,0.615
1,1,,0.04,0.575,0.385
1,2,,0.04,0.4,0.56
1,1,,0.105,0.555,0.34
1,1,,0.09,0.605,0.305
1,1,,0.105,0.555,0.34
1,1,,0.07,0.785,0.145
1,2,,0.06,0.325,0.615
1,2,,0.08,0.305,0.615
1,1,,0.12,0.695,0.185
1,2,,0.27,0.245,0.485
1,2,,0.125,0.15,0.725
1,1,,0.02,0.81,0.17
1,2,,0.145,0.31,0.545
1,1,,0.035,0.835,0.13
1,1,,0.135,0.55,0.315
1,1,,0.045,0.515,0.44
1,2,,0.1,0.435,0.465
1,1,,0.15,0.46,0.39
1,2,,0.15,0.415,0.435
1,1,,0.33,0.485,0.185
1,2,,0.055,0.065,0.88
1,2,,0.295,0.2,0.505
1,1,,0.115,0.805,0.08
1,0,,0.555,0.2,0.245
1,1,,0.125,0.52,0.355
1,1,,0.11,0.5,0.39
1,1,,0.03,0.67,0.3
1,2,,0.265,0.215,0.52
1,2,,0.045,0.31,0.645
1,2,,0.365,0.035,0.6
1,1,,0.33,0.505,0.165
1,1,,0.135,0.445,0.42
1,2,,0.2,0.185,0.615
1,1,,0.035,0.675,0.29
1,0,,0.51,0.005,0.485
1,1,,0.145,0.625,0.23
1,1,,0.075,0.68,0.245
1,0,,0.415,0.31,0.275
1,1,,0.0,0.955,0.045
1,2,,0.155,0.25,0.595
1,2,,0.43,0.05,0.52
1,2,,0.1,0.265,0.635
1,1,,0.08,0.485,0.435
1,2,,0.065,0.365,0.57
1,1,,0.415,0.43,0.155
1,2,,0.055,0.39,0.555
1,1,,0.11,0.575,0.315
1,1,,0.035,0.495,0.47
1,2,,0.055,0.3,0.645
1,2,,0.14,0.145,0.715
1,2,,0.115,0.235,0.65
1,1,,0.16,0.575,0.265
1,1,,0.07,0.68,0.25
1,2,,0.145,0.225,0.63
1,2,,0.35,0.12,0.53
1,0,,0.515,0.01,0.475
1,2,,0.24,0.255,0.505
1,0,,0.445,0.14,0.415
1,2,,0.095,0.435,0.47
1,2,,0.05,0.38,0.57
1,2,,0.055,0.355,0.59
1,2,,0.235,0.275,0.49
1,2,,0.08,0.22,0.7
1,1,,0.16,0.48,0.36
1,2,,0.04,0.43,0.53
1,1,,0.115,0.69,0.195
1,2,,0.065,0.27,0.665
1,1,,0.25,0.505,0.245
1,2,,0.26,0.045,0.695
1,2,,0.185,0.275,0.54
1,1,,0.1,0.455,0.445
1,2,,0.095,0.405,0.5
1,2,,0.255,0.29,0.455
1,2,,0.035,0.17,0.795
1,2,,0.16,0.35,0.49
1,1,,0.205,0.42,0.375
1,1,,0.12,0.475,0.405
1,1,,0.01,0.875,0.115
1,1,,0.04,0.71,0.25
1,1,,0.095,0.695,0.21
1,1,,0.085,0.635,0.28
1,1,,0.22,0.645,0.135
1,1,,0.07,0.755,0.175
1,2,,0.075,0.435,0.49
1,2,,0.045,0.23,0.725
1,2,,0.265,0.275,0.46
1,2,,0.1,0.125,0.775
1,2,,0.09,0.325,0.585
1,2,,0.14,0.175,0.685
1,2,,0.085,0.325,0.59
1,2,,0.185,0.33,0.485
1,1,,0.055,0.595,0.35
1,1,,0.11,0.66,0.23
1,2,,0.455,0.045,0.5
1,2,,0.25,0.28,0.47
1,2,,0.025,0.155,0.82
1,1,,0.03,0.71,0.26
1,1,,0.375,0.465,0.16
1,1,,0.02,0.605,0.375
1,2,,0.095,0.31,0.595
1,2,,0.03,0.27,0.7
1,2,,0.07,0.245,0.685
1,2,,0.135,0.33,0.535
1,2,,0.255,0.145,0.6
1,1,,0.04,0.785,0.175
1,2,,0.085,0.22,0.695
1,1,,0.14,0.7,0.16
1,2,,0.245,0.205,0.55
1,1,,0.115,0.47,0.415
1,2,,0.475,0.01,0.515
1,1,,0.095,0.475,0.43
1,2,,0.3,0.3,0.4
1,1,,0.08,0.685,0.235
1,2,,0.09,0.375,0.535
1,2,,0.045,0.435,0.52
1,2,,0.185,0.345,0.47
1,2,,0.475,0.03,0.495
1,1,,0.075,0.865,0.06
1,1,,0.01,0.955,0.035
1,2,,0.135,0.23,0.635
1,1,,0.15,0.44,0.41
1,2,,0.195,0.015,0.79
1,2,,0.2,0.26,0.54
1,1,,0.04,0.525,0.435
1,2,,0.075,0.235,0.69
1,2,,0.13,0.32,0.55
1,1,,0.205,0.565,0.23
1,1,,0.05,0.825,0.125
1,2,,0.035,0.355,0.61
1,1,,0.08,0.58,0.34
1,0,,0.425,0.335,0.24
1,2,,0.11,0.41,0.48
1,2,,0.15,0.09,0.76
1,1,,0.2,0.565,0.235
1,0,,0.545,0.135,0.32
1,2,,0.175,0.365,0.46
1,1,,0.04,0.685,0.275
1,1,,0.055,0.72,0.225
1,1,,0.015,0.545,0.44
1,0,,0.48,0.065,0.455
1,1,,0.19,0.48,0.33
1,2,,0.03,0.335,0.635
1,1,,0.035,0.595,0.37
1,1,,0.085,0.575,0.34
1,2,,0.09,0.345,0.565
1,1,,0.075,0.62,0.305
1,2,,0.11,0.34,0.55
1,1,,0.04,0.705,0.255
1,1,,0.125,0.45,0.425
1,2,,0.06,0.265,0.675
1,1,,0.075,0.635,0.29
1,2,,0.14,0.28,0.58
1,2,,0.225,0.33,0.445
1,1,,0.105,0.56,0.335
1,2,,0.255,0.16,0.585
1,2,,0.285,0.18,0.535
1,2,,0.065,0.235,0.7
1,2,,0.375,0.08,0.545
1,2,,0.19,0.2,0.61
1,2,,0.095,0.29,0.615
1,2,,0.16,0.15,0.69
1,1,,0.125,0.735,0.14
1,2,,0.36,0.13,0.51
1,2,,0.07,0.155,0.775
1,1,,0.015,0.885,0.1
1,1,,0.06,0.565,0.375
1,1,,0.01,0.865,0.125
1,1,,0.005,0.885,0.11
1,1,,0.165,0.535,0.3
1,2,,0.255,0.215,0.53
1,2,,0.31,0.275,0.415
1,2,,0.09,0.235,0.675
1,2,,0.11,0.23,0.66
1,2,,0.12,0.23,0.65
1,1,,0.045,0.725,0.23
1,2,,0.03,0.415,0.555
1,1,,0.025,0.54,0.435
1,2,,0.04,0.25,0.71
1,2,,0.13,0.215,0.655
1,2,,0.045,0.22,0.735
1,1,,0.095,0.485,0.42
1,1,,0.045,0.83,0.125
1,2,,0.025,0.485,0.49
1,1,,0.12,0.835,0.045
1,2,,0.31,0.045,0.645
1,2,,0.35,0.04,0.61
1,2,,0.14,0.32,0.54
1,2,,0.12,0.26,0.62
1,2,,0.03,0.315,0.655
1,2,,0.075,0.3,0.625
1,2,,0.09,0.32,0.59
1,2,,0.095,0.08,0.825
1,2,,0.095,0.235,0.67
1,1,,0.0,0.96,0.04
1,2,,0.21,0.36,0.43
1,2,,0.03,0.255,0.715
1,2,,0.05,0.17,0.78
1,2,,0.07,0.215,0.715
1,0,,0.48,0.07,0.45
1,1,,0.03,0.96,0.01
1,2,,0.28,0.055,0.665
1,2,,0.28,0.125,0.595
1,2,,0.055,0.235,0.71
1,2,,0.045,0.47,0.485
1,2,,0.055,0.265,0.68
1,1,,0.01,0.825,0.165
1,2,,0.27,0.08,0.65
1,2,,0.13,0.41,0.46
1,2,,0.11,0.15,0.74
1,1,,0.05,0.77,0.18
1,1,,0.16,0.615,0.225
1,2,,0.065,0.39,0.545
1,2,,0.09,0.41,0.5
1,2,,0.455,0.02,0.525
1,2,,0.23,0.38,0.39
1,1,,0.18,0.415,0.405
1,1,,0.14,0.565,0.295
1,2,,0.195,0.22,0.585
1,2,,0.25,0.2,0.55
1,2,,0.4,0.04,0.56
1,2,,0.405,0.14,0.455
1,1,,0.03,0.695,0.275
1,2,,0.05,0.295,0.655
1,2,,0.065,0.185,0.75
1,1,,0.135,0.575,0.29
1,2,,0.06,0.19,0.75
1,1,,0.05,0.5,0.45
1,2,,0.27,0.2,0.53
1,1,,0.105,0.755,0.14
1,1,,0.335,0.475,0.19
1,2,,0.31,0.085,0.605
1,2,,0.135,0.125,0.74
1,2,,0.045,0.36,0.595
1,1,,0.045,0.56,0.395
1,2,,0.055,0.28,0.665
1,1,,0.02,0.605,0.375
1,2,,0.21,0.315,0.475
1,2,,0.045,0.3,0.655
1,2,,0.405,0.15,0.445
1,2,,0.055,0.38,0.565
1,2,,0.345,0.3,0.355
1,2,,0.095,0.11,0.795
1,1,,0.055,0.755,0.19
1,1,,0.165,0.74,0.095
1,2,,0.04,0.29,0.67
1,1,,0.025,0.52,0.455
1,2,,0.09,0.195,0.715
1,1,,0.115,0.515,0.37
1,2,,0.425,0.1,0.475
1,2,,0.42,0.03,0.55
1,1,,0.115,0.75,0.135
1,1,,0.035,0.63,0.335
1,2,,0.22,0.07,0.71
1,1,,0.19,0.455,0.355
1,2,,0.055,0.15,0.795
1,2,,0.355,0.12,0.525
1,1,,0.04,0.895,0.065
1,1,,0.06,0.67,0.27
1,1,,0.32,0.52,0.16
1,0,,0.435,0.185,0.38
1,2,,0.08,0.25,0.67
1,2,,0.205,0.125,0.67
1,2,,0.13,0.275,0.595
1,0,,0.57,0.195,0.235
1,2,,0.12,0.265,0.615
1,2,,0.15,0.415,0.435
1,2,,0.27,0.23,0.5
1,2,,0.025,0.38,0.595
1,2,,0.245,0.25,0.505
1,2,,0.06,0.32,0.62
1,2,,0.225,0.08,0.695
1,2,,0.05,0.265,0.685
1,1,,0.08,0.505,0.415
1,1,,0.1,0.62,0.28
1,1,,0.095,0.755,0.15
1,1,,0.04,0.92,0.04
1,2,,0.345,0.2,0.455
1,1,,0.04,0.8,0.16
1,2,,0.31,0.05,0.64
1,2,,0.11,0.245,0.645
1,2,,0.1,0.26,0.64
1,1,,0.045,0.57,0.385
1,1,,0.11,0.575,0.315
1,2,,0.425,0.05,0.525
1,2,,0.165,0.215,0.62
1,2,,0.17,0.31,0.52
1,2,,0.29,0.205,0.505
1,2,,0.13,0.415,0.455
1,2,,0.215,0.155,0.63
1,2,,0.3,0.12,0.58
1,1,,0.01,0.64,0.35
1,2,,0.315,0.145,0.54
1,1,,0.01,0.72,0.27
1,1,,0.11,0.725,0.165
1,1,,0.27,0.575,0.155
1,1,,0.08,0.525,0.395
1,0,,0.41,0.195,0.395
1,2,,0.33,0.085,0.585
1,2,,0.27,0.18,0.55
1,2,,0.3,0.14,0.56
1,1,,0.04,0.51,0.45
1,2,,0.12,0.375,0.505
1,2,,0.195,0.4,0.405
1,2,,0.11,0.295,0.595
1,1,,0.06,0.61,0.33
1,2,,0.06,0.265,0.675
1,2,,0.05,0.205,0.745
1,2,,0.06,0.32,0.62
1,2,,0.14,0.32,0.54
1,2,,0.04,0.31,0.65
1,1,,0.14,0.565,0.295
1,1,,0.09,0.585,0.325
1,2,,0.02,0.165,0.815
1,2,,0.095,0.45,0.455
1,2,,0.07,0.115,0.815
1,1,,0.185,0.415,0.4
1,2,,0.035,0.26,0.705
1,2,,0.255,0.21,0.535
1,1,,0.135,0.58,0.285
1,2,,0.1,0.145,0.755
1,1,,0.15,0.53,0.32
1,2,,0.075,0.21,0.715
1,1,,0.02,0.79,0.19
1,2,,0.07,0.255,0.675
1,1,,0.08,0.61,0.31
1,2,,0.31,0.185,0.505
1,1,,0.26,0.41,0.33
1,2,,0.03,0.415,0.555
1,2,,0.085,0.38,0.535
1,2,,0.175,0.06,0.765
1,1,,0.2,0.445,0.355
1,2,,0.485,0.015,0.5
1,2,,0.23,0.175,0.595
1,2,,0.165,0.085,0.75
1,2,,0.13,0.395,0.475
1,1,,0.01,0.87,0.12
1,2,,0.135,0.15,0.715
1,1,,0.015,0.83,0.155
1,2,,0.1,0.185,0.715
1,2,,0.25,0.275,0.475
1,1,,0.12,0.52,0.36
1,2,,0.11,0.215,0.675
1,1,,0.245,0.51,0.245
1,2,,0.06,0.45,0.49
1,1,,0.13,0.66,0.21
1,2,,0.295,0.12,0.585
1,1,,0.03,0.85,0.12
1,0,,0.505,0.045,0.45
1,1,,0.155,0.425,0.42
1,2,,0.26,0.07,0.67
1,1,,0.015,0.94,0.045
1,1,,0.055,0.61,0.335
1,1,,0.2,0.6,0.2
1,1,,0.16,0.6,0.24
1,2,,0.135,0.345,0.52
1,2,,0.03,0.355,0.615
1,2,,0.21,0.11,0.68
1,0,,0.485,0.08,0.435
1,2,,0.035,0.475,0.49
1,1,,0.21,0.535,0.255
1,2,,0.03,0.25,0.72
1,2,,0.045,0.205,0.75
1,1,,0.015,0.86,0.125
1,1,,0.32,0.505,0.175
1,1,,0.045,0.595,0.36
1,2,,0.33,0.165,0.505
1,2,,0.38,0.185,0.435
1,2,,0.325,0.03,0.645
1,2,,0.225,0.325,0.45
1,1,,0.065,0.83,0.105
1,1,,0.105,0.675,0.22
1,2,,0.235,0.19,0.575
1,1,,0.09,0.61,0.3
1,2,,0.18,0.385,0.435
1,2,,0.05,0.38,0.57
1,1,,0.04,0.825,0.135
1,1,,0.27,0.57,0.16
1,2,,0.305,0.21,0.485
1,2,,0.065,0.215,0.72
1,2,,0.41,0.105,0.485
1,2,,0.44,0.05,0.51
1,2,,0.335,0.055,0.61
1,2,,0.245,0.16,0.595
1,1,,0.125,0.585,0.29
1,2,,0.17,0.18,0.65
1,1,,0.075,0.47,0.455
1,2,,0.085,0.12,0.795
1,2,,0.215,0.375,0.41
1,2,,0.11,0.275,0.615
1,2,,0.23,0.245,0.525
1,1,,0.01,0.85,0.14
1,1,,0.355,0.44,0.205
1,1,,0.06,0.485,0.455
1,2,,0.11,0.205,0.685
1,2,,0.145,0.175,0.68
1,2,,0.065,0.435,0.5
1,2,,0.015,0.39,0.595
1,1,,0.315,0.575,0.11
1,1,,0.135,0.65,0.215
1,1,,0.1,0.51,0.39
1,2,,0.255,0.2,0.545
1,2,,0.105,0.285,0.61
1,2,,0.09,0.3,0.61
1,2,,0.18,0.29,0.53
1,2,,0.05,0.4,0.55
1,2,,0.315,0.145,0.54
1,2,,0.235,0.13,0.635
1,2,,0.04,0.22,0.74
1,1,,0.055,0.87,0.075
1,2,,0.19,0.145,0.665
1,2,,0.13,0.315,0.555
1,1,,0.215,0.4,0.385
1,1,,0.075,0.505,0.42
1,2,,0.18,0.09,0.73
1,1,,0.385,0.475,0.14
1,1,,0.17,0.525,0.305
1,2,,0.035,0.35,0.615
1,2,,0.04,0.23,0.73
1,2,,0.205,0.335,0.46
1,2,,0.33,0.22,0.45
1,1,,0.095,0.77,0.135
1,1,,0.005,0.695,0.3
1,2,,0.055,0.385,0.56
1,2,,0.08,0.29,0.63
1,2,,0.105,0.225,0.67
1,2,,0.07,0.245,0.685
1,2,,0.335,0.135,0.53
1,1,,0.02,0.575,0.405
1,1,,0.025,0.79,0.185
1,2,,0.035,0.435,0.53
1,2,,0.145,0.155,0.7
1,1,,0.415,0.42,0.165
1,2,,0.31,0.22,0.47
1,1,,0.025,0.75,0.225
1,1,,0.065,0.57,0.365
1,2,,0.06,0.365,0.575
1,1,,0.225,0.41,0.365
1,2,,0.05,0.46,0.49
1,1,,0.02,0.615,0.365
1,2,,0.055,0.265,0.68
1,2,,0.105,0.215,0.68
1,2,,0.405,0.085,0.51
1,2,,0.235,0.285,0.48
1,2,,0.115,0.195,0.69
1,2,,0.22,0.165,0.615
1,1,,0.035,0.685,0.28
1,2,,0.11,0.14,0.75
1,2,,0.09,0.365,0.545
1,1,,0.125,0.695,0.18
1,2,,0.265,0.36,0.375
1,1,,0.03,0.9,0.07
1,1,,0.34,0.365,0.295
1,2,,0.105,0.175,0.72
1,2,,0.07,0.205,0.725
1,2,,0.045,0.23,0.725
1,2,,0.06,0.195,0.745
1,1,,0.23,0.595,0.175
1,2,,0.19,0.325,0.485
1,1,,0.055,0.69,0.255
1,1,,0.07,0.51,0.42
1,1,,0.18,0.445,0.375
1,2,,0.24,0.215,0.545
1,1,,0.14,0.465,0.395
1,2,,0.035,0.395,0.57
1,2,,0.05,0.195,0.755
1,1,,0.41,0.42,0.17
1,1,,0.005,0.715,0.28
1,0,,0.505,0.22,0.275
1,2,,0.05,0.43,0.52
1,2,,0.165,0.385,0.45
1,1,,0.215,0.41,0.375
1,2,,0.045,0.21,0.745
1,2,,0.1,0.38,0.52
1,1,,0.07,0.535,0.395
1,2,,0.295,0.235,0.47
1,2,,0.06,0.145,0.795
1,1,,0.085,0.665,0.25
1,2,,0.035,0.395,0.57
1,2,,0.235,0.255,0.51
1,2,,0.09,0.28,0.63
1,1,,0.015,0.765,0.22
1,1,,0.145,0.6,0.255
1,2,,0.415,0.065,0.52
1,1,,0.085,0.845,0.07
1,1,,0.07,0.49,0.44
1,2,,0.43,0.06,0.51
1,1,,0.06,0.66,0.28
1,2,,0.185,0.21,0.605
1,1,,0.085,0.59,0.325
1,1,,0.155,0.505,0.34
1,1,,0.07,0.665,0.265
1,1,,0.055,0.6,0.345
1,2,,0.07,0.145,0.785
1,2,,0.27,0.045,0.685
1,1,,0.075,0.755,0.17
1,2,,0.205,0.34,0.455
1,2,,0.4,0.165,0.435
1,2,,0.215,0.105,0.68
1,1,,0.025,0.665,0.31
1,2,,0.05,0.355,0.595
1,2,,0.135,0.285,0.58
1,1,,0.01,0.645,0.345
1,2,,0.245,0.06,0.695
1,2,,0.2,0.365,0.435
1,2,,0.285,0.21,0.505
1,2,,0.415,0.11,0.475
1,1,,0.045,0.535,0.42
1,2,,0.435,0.035,0.53
1,2,,0.06,0.345,0.595
1,2,,0.04,0.175,0.785
1,2,,0.055,0.24,0.705
1,1,,0.145,0.575,0.28
1,2,,0.375,0.05,0.575
1,1,,0.07,0.76,0.17
1,2,,0.01,0.135,0.855
1,1,,0.185,0.475,0.34
1,2,,0.05,0.225,0.725
1,2,,0.28,0.22,0.5
1,1,,0.195,0.565,0.24
1,2,,0.225,0.205,0.57
1,2,,0.105,0.31,0.585
1,2,,0.21,0.27,0.52
1,1,,0.095,0.63,0.275
1,1,,0.03,0.52,0.45
1,2,,0.315,0.05,0.635
1,2,,0.09,0.36,0.55
1,2,,0.115,0.42,0.465
1,1,,0.01,0.97,0.02
1,1,,0.02,0.525,0.455
1,2,,0.24,0.31,0.45
1,1,,0.025,0.765,0.21
1,1,,0.085,0.8,0.115
1,2,,0.35,0.155,0.495
1,2,,0.155,0.29,0.555
1,2,,0.08,0.245,0.675
1,2,,0.165,0.345,0.49
1,2,,0.07,0.315,0.615
1,1,,0.385,0.495,0.12
1,1,,0.21,0.6,0.19
1,1,,0.14,0.755,0.105
1,2,,0.255,0.09,0.655
1,2,,0.055,0.275,0.67
1,1,,0.35,0.445,0.205
1,2,,0.075,0.315,0.61
1,2,,0.095,0.275,0.63
1,1,,0.215,0.53,0.255
1,2,,0.09,0.32,0.59
1,2,,0.29,0.055,0.655
1,2,,0.1,0.365,0.535
1,2,,0.07,0.27,0.66
1,2,,0.045,0.415,0.54
1,1,,0.015,0.68,0.305
1,2,,0.105,0.175,0.72
1,1,,0.22,0.465,0.315
1,2,,0.185,0.39,0.425
1,1,,0.145,0.69,0.165
1,1,,0.05,0.655,0.295
1,2,,0.325,0.3,0.375
1,1,,0.11,0.6,0.29
1,1,,0.03,0.775,0.195
1,2,,0.3,0.075,0.625
1,1,,0.15,0.55,0.3
1,2,,0.055,0.44,0.505
1,1,,0.13,0.54,0.33
1,2,,0.125,0.225,0.65
1,2,,0.165,0.15,0.685
1,2,,0.255,0.16,0.585
1,1,,0.04,0.52,0.44
1,2,,0.3,0.12,0.58
1,2,,0.075,0.22,0.705
1,2,,0.155,0.395,0.45
1,2,,0.36,0.16,0.48
1,2,,0.09,0.45,0.46
1,1,,0.05,0.53,0.42
1,1,,0.14,0.47,0.39
1,1,,0.39,0.45,0.16
1,2,,0.435,0.045,0.52
1,2,,0.12,0.415,0.465
1,2,,0.285,0.28,0.435
1,1,,0.005,0.505,0.49
1,1,,0.11,0.6,0.29
1,2,,0.175,0.055,0.77
1,1,,0.175,0.49,0.335
1,0,,0.52,0.16,0.32
1,2,,0.395,0.105,0.5
1,2,,0.18,0.385,0.435
1,1,,0.31,0.38,0.31
1,1,,0.055,0.69,0.255
1,2,,0.035,0.255,0.71
1,1,,0.275,0.415,0.31
1,1,,0.26,0.43,0.31
1,1,,0.035,0.73,0.235
1,1,,0.06,0.635,0.305
1,2,,0.11,0.195,0.695
1,2,,0.105,0.325,0.57
1,1,,0.08,0.52,0.4
1,2,,0.145,0.415,0.44
1,1,,0.1,0.77,0.13
1,2,,0.09,0.21,0.7
1,0,,0.535,0.24,0.225
1,0,,0.515,0.045,0.44
1,2,,0.25,0.23,0.52
1,2,,0.04,0.275,0.685
1,1,,0.025,0.76,0.215
1,2,,0.125,0.215,0.66
1,0,,0.525,0.05,0.425
1,1,,0.105,0.55,0.345
1,1,,0.315,0.41,0.275
1,2,,0.105,0.15,0.745
1,2,,0.05,0.47,0.48
1,1,,0.04,0.765,0.195
1,2,,0.225,0.245,0.53
1,1,,0.03,0.93,0.04
1,2,,0.09,0.41,0.5
1,1,,0.035,0.52,0.445
1,2,,0.115,0.355,0.53
1,2,,0.2,0.375,0.425
1,1,,0.14,0.655,0.205
1,1,,0.215,0.455,0.33
1,2,,0.155,0.36,0.485
1,1,,0.03,0.81,0.16
1,1,,0.195,0.585,0.22
1,2,,0.125,0.355,0.52
1,2,,0.255,0.295,0.45
1,2,,0.045,0.15,0.805
1,2,,0.045,0.325,0.63
1,1,,0.09,0.765,0.145
1,1,,0.02,0.675,0.305
1,2,,0.08,0.195,0.725
1,2,,0.13,0.35,0.52
1,1,,0.005,0.95,0.045
1,2,,0.295,0.265,0.44
1,1,,0.135,0.51,0.355
1,2,,0.03,0.44,0.53
1,2,,0.055,0.42,0.525
1,2,,0.245,0.295,0.46
1,1,,0.12,0.61,0.27
1,2,,0.29,0.155,0.555
1,0,,0.575,0.175,0.25
1,2,,0.06,0.13,0.81
1,0,,0.505,0.055,0.44
1,1,,0.06,0.54,0.4
1,1,,0.31,0.485,0.205
1,1,,0.03,0.92,0.05
1,2,,0.08,0.11,0.81
1,0,,0.445,0.115,0.44
1,1,,0.09,0.67,0.24
1,2,,0.305,0.285,0.41
1,1,,0.03,0.6,0.37
1,2,,0.085,0.31,0.605
1,1,,0.365,0.475,0.16
1,1,,0.13,0.665,0.205
1,1,,0.04,0.545,0.415
1,2,,0.145,0.255,0.6
1,2,,0.09,0.225,0.685
1,1,,0.145,0.575,0.28
1,2,,0.36,0.215,0.425
1,2,,0.26,0.19,0.55
1,2,,0.07,0.255,0.675
1,1,,0.14,0.545,0.315
1,2,,0.185,0.065,0.75
1,2,,0.04,0.195,0.765
1,2,,0.235,0.35,0.415
1,2,,0.09,0.135,0.775
1,2,,0.07,0.275,0.655
1,1,,0.05,0.72,0.23
1,0,,0.47,0.24,0.29
1,1,,0.125,0.605,0.27
1,2,,0.04,0.25,0.71
1,2,,0.015,0.475,0.51
1,1,,0.145,0.475,0.38
1,1,,0.13,0.685,0.185
1,0,,0.405,0.19,0.405
1,1,,0.175,0.49,0.335
1,2,,0.05,0.26,0.69
1,1,,0.12,0.495,0.385
1,2,,0.055,0.11,0.835
1,2,,0.02,0.43,0.55
1,1,,0.04,0.73,0.23
1,2,,0.205,0.115,0.68
1,2,,0.28,0.135,0.585
1,2,,0.12,0.37,0.51
1,2,,0.355,0.12,0.525
1,2,,0.18,0.32,0.5
1,2,,0.155,0.12,0.725
1,1,,0.23,0.53,0.24
1,2,,0.045,0.36,0.595
1,2,,0.26,0.14,0.6
1,1,,0.1,0.7,0.2
1,2,,0.08,0.26,0.66
1,2,,0.105,0.345,0.55
1,1,,0.06,0.525,0.415
1,1,,0.415,0.43,0.155
1,2,,0.115,0.26,0.625
1,1,,0.06,0.69,0.25
1,1,,0.24,0.51,0.25
1,2,,0.345,0.19,0.465
1,1,,0.06,0.775,0.165
1,2,,0.2,0.365,0.435
1,1,,0.105,0.61,0.285
1,1,,0.02,0.88,0.1
1,2,,0.05,0.235,0.715
1,1,,0.055,0.665,0.28
1,1,,0.155,0.535,0.31
1,2,,0.085,0.455,0.46
1,2,,0.04,0.345,0.615
1,2,,0.055,0.165,0.78
1,2,,0.395,0.055,0.55
1,2,,0.145,0.36,0.495
1,2,,0.105,0.225,0.67
1,2,,0.07,0.395,0.535
1,0,,0.485,0.035,0.48
1,1,,0.055,0.845,0.1
1,1,,0.015,0.69,0.295
1,2,,0.115,0.19,0.695
1,2,,0.095,0.185,0.72
1,2,,0.1,0.33,0.57
1,2,,0.055,0.155,0.79
1,2,,0.245,0.215,0.54
1,1,,0.05,0.765,0.185
1,0,,0.535,0.115,0.35
1,1,,0.035,0.665,0.3
1,2,,0.15,0.35,0.5
1,2,,0.045,0.39,0.565
1,1,,0.015,0.9,0.085
1,1,,0.195,0.415,0.39
1,2,,0.035,0.23,0.735
1,2,,0.175,0.265,0.56
1,2,,0.33,0.045,0.625
1,2,,0.325,0.335,0.34
1,1,,0.05,0.48,0.47
1,1,,0.025,0.775,0.2
1,2,,0.065,0.205,0.73
1,1,,0.045,0.68,0.275
1,2,,0.345,0.165,0.49
1,2,,0.34,0.26,0.4
1,1,,0.085,0.82,0.095
1,2,,0.28,0.185,0.535
1,1,,0.125,0.8,0.075
1,2,,0.09,0.255,0.655
1,2,,0.12,0.27,0.61
1,1,,0.01,0.915,0.075
1,1,,0.005,0.715,0.28
1,1,,0.115,0.495,0.39
1,2,,0.12,0.195,0.685
1,2,,0.02,0.065,0.915
1,2,,0.265,0.17,0.565
1,1,,0.025,0.83,0.145
1,2,,0.035,0.395,0.57
1,1,,0.045,0.61,0.345
1,2,,0.18,0.295,0.525
1,2,,0.08,0.12,0.8
1,0,,0.455,0.14,0.405
1,2,,0.08,0.37,0.55
1,2,,0.425,0.045,0.53
1,1,,0.085,0.49,0.425
1,2,,0.135,0.355,0.51
1,2,,0.225,0.14,0.635
1,1,,0.235,0.48,0.285
1,2,,0.355,0.105,0.54
1,2,,0.29,0.12,0.59
1,1,,0.03,0.785,0.185
1,1,,0.025,0.765,0.21
1,2,,0.06,0.335,0.605
1,2,,0.085,0.38,0.535
1,2,,0.105,0.415,0.48
1,2,,0.05,0.205,0.745
1,2,,0.04,0.355,0.605
1,1,,0.105,0.72,0.175
1,2,,0.145,0.385,0.47
1,1,,0.205,0.41,0.385
1,2,,0.135,0.365,0.5
2,2,,0.17,0.27,0.56
2,2,,0.105,0.085,0.81
2,2,,0.12,0.24,0.64
2,2,,0.325,0.275,0.4
2,2,,0.195,0.075,0.73
2,2,,0.025,0.175,0.8
2,2,,0.08,0.03,0.89
2,2,,0.045,0.115,0.84
2,2,,0.12,0.195,0.685
2,2,,0.085,0.26,0.655
2,2,,0.035,0.08,0.885
2,2,,0.255,0.045,0.7
2,2,,0.02,0.105,0.875
2,2,,0.235,0.35,0.415
2,2,,0.055,0.02,0.925
2,2,,0.105,0.27,0.625
2,2,,0.135,0.09,0.775
2,2,,0.25,0.12,0.63
2,2,,0.08,0.07,0.85
2,2,,0.05,0.07,0.88
2,2,,0.2,0.22,0.58
2,2,,0.04,0.04,0.92
2,2,,0.32,0.07,0.61
2,2,,0.065,0.055,0.88
2,2,,0.04,0.305,0.655
2,2,,0.07,0.19,0.74
2,2,,0.42,0.05,0.53
2,2,,0.145,0.22,0.635
2,1,,0.09,0.47,0.44
2,2,,0.025,0.015,0.96
2,2,,0.285,0.285,0.43
2,2,,0.04,0.16,0.8
2,2,,0.345,0.105,0.55
2,2,,0.075,0.13,0.795
2,2,,0.12,0.24,0.64
2,2,,0.3,0.09,0.61
2,2,,0.12,0.055,0.825
2,1,,0.045,0.58,0.375
2,2,,0.125,0.2,0.675
2,2,,0.295,0.05,0.655
2,2,,0.17,0.255,0.575
2,2,,0.015,0.095,0.89
2,2,,0.015,0.195,0.79
2,2,,0.105,0.26,0.635
2,2,,0.225,0.025,0.75
2,2,,0.105,0.13,0.765
2,2,,0.04,0.105,0.855
2,2,,0.19,0.345,0.465
2,2,,0.06,0.425,0.515
2,2,,0.015,0.0,0.985
2,1,,0.355,0.37,0.275
2,2,,0.15,0.145,0.705
2,2,,0.02,0.015,0.965
2,2,,0.13,0.165,0.705
2,1,,0.05,0.5,0.45
2,2,,0.025,0.035,0.94
2,2,,0.115,0.125,0.76
2,2,,0.045,0.14,0.815
2,0,,0.54,0.15,0.31
2,1,,0.075,0.565,0.36
2,2,,0.04,0.065,0.895
2,2,,0.1,0.265,0.635
2,2,,0.115,0.185,0.7
2,0,,0.5,0.065,0.435
2,2,,0.075,0.03,0.895
2,2,,0.21,0.125,0.665
2,2,,0.175,0.065,0.76
2,2,,0.44,0.045,0.515
2,2,,0.12,0.19,0.69
2,2,,0.055,0.43,0.515
2,2,,0.39,0.06,0.55
2,2,,0.015,0.16,0.825
2,2,,0.05,0.06,0.89
2,2,,0.11,0.065,0.825
2,2,,0.0,0.06,0.94
2,2,,0.23,0.24,0.53
2,2,,0.355,0.16,0.485
2,2,,0.125,0.07,0.805
2,2,,0.07,0.08,0.85
2,0,,0.47,0.075,0.455
2,2,,0.05,0.34,0.61
2,2,,0.035,0.135,0.83
2,2,,0.05,0.265,0.685
2,2,,0.125,0.37,0.505
2,2,,0.035,0.04,0.925
2,2,,0.075,0.09,0.835
2,2,,0.095,0.06,0.845
2,2,,0.015,0.115,0.87
2,2,,0.325,0.03,0.645
2,2,,0.05,0.035,0.915
2,2,,0.19,0.27,0.54
2,2,,0.025,0.235,0.74
2,2,,0.055,0.05,0.895
2,2,,0.005,0.05,0.945
2,2,,0.045,0.11,0.845
2,2,,0.15,0.05,0.8
2,2,,0.17,0.25,0.58
2,2,,0.075,0.06,0.865
2,2,,0.135,0.065,0.8
2,0,,0.405,0.205,0.39
2,2,,0.035,0.07,0.895
2,2,,0.085,0.035,0.88
2,2,,0.15,0.055,0.795
2,1,,0.035,0.68,0.285
2,2,,0.16,0.285,0.555
2,2,,0.1,0.255,0.645
2,2,,0.02,0.14,0.84
2,2,,0.13,0.415,0.455
2,2,,0.29,0.17,0.54
2,2,,0.015,0.035,0.95
2,2,,0.09,0.09,0.82
2,2,,0.335,0.04,0.625
2,2,,0.12,0.105,0.775
2,2,,0.12,0.265,0.615
2,2,,0.125,0.335,0.54
2,2,,0.195,0.125,0.68
2,0,,0.46,0.085,0.455
2,2,,0.09,0.355,0.555
2,2,,0.045,0.085,0.87
2,2,,0.1,0.195,0.705
2,2,,0.03,0.055,0.915
2,0,,0.37,0.35,0.28
2,1,,0.07,0.555,0.375
2,2,,0.025,0.02,0.955
2,2,,0.075,0.28,0.645
2,2,,0.11,0.14,0.75
2,2,,0.045,0.05,0.905
2,2,,0.22,0.01,0.77
2,2,,0.06,0.3,0.64
2,2,,0.05,0.005,0.945
2,2,,0.175,0.33,0.495
2,2,,0.015,0.165,0.82
2,2,,0.01,0.01,0.98
2,2,,0.015,0.04,0.945
2,2,,0.1,0.085,0.815
2,2,,0.07,0.12,0.81
2,2,,0.26,0.125,0.615
2,2,,0.3,0.065,0.635
2,2,,0.145,0.335,0.52
2,2,,0.215,0.21,0.575
2,2,,0.11,0.19,0.7
2,2,,0.075,0.0,0.925
2,2,,0.06,0.1,0.84
2,2,,0.02,0.03,0.95
2,2,,0.03,0.095,0.875
2,2,,0.025,0.03,0.945
2,2,,0.025,0.09,0.885
2,2,,0.115,0.055,0.83
2,2,,0.015,0.09,0.895
2,2,,0.1,0.315,0.585
2,2,,0.285,0.02,0.695
2,2,,0.115,0.215,0.67
2,2,,0.01,0.11,0.88
2,2,,0.15,0.23,0.62
2,2,,0.07,0.235,0.695
2,2,,0.045,0.11,0.845
2,1,,0.075,0.475,0.45
2,2,,0.21,0.2,0.59
2,2,,0.05,0.05,0.9
2,2,,0.015,0.245,0.74
2,2,,0.035,0.05,0.915
2,2,,0.175,0.225,0.6
2,2,,0.085,0.005,0.91
2,2,,0.145,0.1,0.755
2,2,,0.2,0.09,0.71
2,2,,0.065,0.055,0.88
2,2,,0.155,0.07,0.775
2,2,,0.025,0.15,0.825
2,2,,0.085,0.245,0.67
2,2,,0.125,0.03,0.845
2,2,,0.08,0.32,0.6
2,2,,0.175,0.245,0.58
2,2,,0.11,0.07,0.82
2,2,,0.165,0.16,0.675
2,2,,0.27,0.06,0.67
2,2,,0.015,0.145,0.84
2,2,,0.205,0.205,0.59
2,1,,0.125,0.515,0.36
2,2,,0.125,0.285,0.59
2,2,,0.145,0.155,0.7
2,2,,0.125,0.3,0.575
2,2,,0.045,0.175,0.78
2,2,,0.09,0.055,0.855
2,2,,0.24,0.02,0.74
2,2,,0.07,0.05,0.88
2,2,,0.095,0.02,0.885
2,2,,0.135,0.08,0.785
2,2,,0.005,0.05,0.945
2,2,,0.075,0.135,0.79
2,2,,0.12,0.1,0.78
2,2,,0.02,0.025,0.955
2,2,,0.015,0.12,0.865
2,2,,0.33,0.13,0.54
2,2,,0.04,0.325,0.635
2,2,,0.06,0.105,0.835
2,2,,0.03,0.015,0.955
2,2,,0.165,0.35,0.485
2,2,,0.06,0.18,0.76
2,2,,0.065,0.09,0.845
2,2,,0.2,0.115,0.685
2,2,,0.02,0.05,0.93
2,1,,0.265,0.45,0.285
2,2,,0.13,0.115,0.755
2,2,,0.265,0.175,0.56
2,2,,0.075,0.045,0.88
2,2,,0.015,0.23,0.755
2,2,,0.07,0.06,0.87
2,2,,0.055,0.39,0.555
2,2,,0.035,0.045,0.92
2,2,,0.215,0.01,0.775
2,2,,0.175,0.235,0.59
2,2,,0.18,0.115,0.705
2,2,,0.235,0.225,0.54
2,2,,0.05,0.15,0.8
2,2,,0.085,0.085,0.83
2,2,,0.105,0.04,0.855
2,2,,0.04,0.1,0.86
2,0,,0.48,0.07,0.45
2,2,,0.01,0.11,0.88
2,2,,0.315,0.085,0.6
2,2,,0.08,0.24,0.68
2,2,,0.095,0.335,0.57
2,2,,0.3,0.16,0.54
2,2,,0.03,0.37,0.6
2,1,,0.06,0.535,0.405
2,2,,0.295,0.225,0.48
2,2,,0.025,0.17,0.805
2,2,,0.065,0.035,0.9
2,2,,0.095,0.015,0.89
2,2,,0.175,0.315,0.51
2,2,,0.27,0.045,0.685
2,2,,0.065,0.26,0.675
2,2,,0.0,0.04,0.96
2,2,,0.34,0.065,0.595
2,2,,0.195,0.07,0.735
2,2,,0.05,0.035,0.915
2,2,,0.33,0.05,0.62
2,2,,0.01,0.04,0.95
2,2,,0.195,0.04,0.765
2,0,,0.53,0.085,0.385
2,2,,0.08,0.11,0.81
2,2,,0.125,0.03,0.845
2,2,,0.01,0.035,0.955
2,2,,0.025,0.055,0.92
2,2,,0.04,0.015,0.945
2,2,,0.265,0.07,0.665
2,2,,0.17,0.04,0.79
2,2,,0.125,0.005,0.87
2,1,,0.155,0.455,0.39
2,2,,0.325,0.06,0.615
2,2,,0.02,0.17,0.81
2,2,,0.22,0.18,0.6
2,2,,0.115,0.02,0.865
2,2,,0.03,0.145,0.825
2,2,,0.19,0.245,0.565
2,2,,0.19,0.12,0.69
2,2,,0.075,0.26,0.665
2,2,,0.105,0.165,0.73
2,2,,0.275,0.09,0.635
2,2,,0.255,0.26,0.485
2,2,,0.04,0.085,0.875
2,2,,0.285,0.065,0.65
2,2,,0.055,0.285,0.66
2,2,,0.12,0.225,0.655
2,2,,0.015,0.035,0.95
2,2,,0.05,0.29,0.66
2,2,,0.17,0.09,0.74
2,2,,0.02,0.23,0.75
2,2,,0.025,0.055,0.92
2,2,,0.035,0.02,0.945
2,2,,0.165,0.135,0.7
2,2,,0.135,0.035,0.83
2,2,,0.185,0.355,0.46
2,2,,0.065,0.235,0.7
2,2,,0.03,0.02,0.95
2,2,,0.095,0.215,0.69
2,2,,0.125,0.055,0.82
2,2,,0.075,0.155,0.77
2,2,,0.21,0.155,0.635
2,2,,0.1,0.125,0.775
2,1,,0.155,0.465,0.38
2,2,,0.09,0.245,0.665
2,2,,0.215,0.24,0.545
2,2,,0.02,0.34,0.64
2,2,,0.14,0.335,0.525
2,2,,0.05,0.12,0.83
2,2,,0.1,0.08,0.82
2,2,,0.045,0.425,0.53
2,2,,0.135,0.19,0.675
2,2,,0.165,0.05,0.785
2,2,,0.1,0.325,0.575
2,2,,0.12,0.085,0.795
2,2,,0.285,0.03,0.685
2,2,,0.065,0.085,0.85
2,2,,0.275,0.15,0.575
2,2,,0.255,0.13,0.615
2,2,,0.03,0.055,0.915
2,2,,0.03,0.375,0.595
2,2,,0.31,0.06,0.63
2,2,,0.025,0.095,0.88
2,2,,0.045,0.125,0.83
2,2,,0.23,0.215,0.555
2,2,,0.105,0.075,0.82
2,2,,0.125,0.205,0.67
2,2,,0.075,0.055,0.87
2,2,,0.02,0.155,0.825
2,2,,0.04,0.14,0.82
2,2,,0.09,0.115,0.795
2,2,,0.205,0.09,0.705
2,2,,0.11,0.255,0.635
2,2,,0.105,0.04,0.855
2,2,,0.19,0.19,0.62
2,2,,0.04,0.135,0.825
2,2,,0.03,0.13,0.84
2,2,,0.06,0.065,0.875
2,2,,0.05,0.09,0.86
2,2,,0.125,0.035,0.84
2,2,,0.2,0.2,0.6
2,2,,0.335,0.035,0.63
2,2,,0.05,0.115,0.835
2,2,,0.095,0.085,0.82
2,2,,0.33,0.075,0.595
2,2,,0.1,0.265,0.635
2,2,,0.04,0.02,0.94
2,2,,0.08,0.07,0.85
2,2,,0.075,0.015,0.91
2,2,,0.075,0.13,0.795
2,2,,0.125,0.015,0.86
2,2,,0.105,0.19,0.705
2,2,,0.085,0.18,0.735
2,2,,0.095,0.08,0.825
2,2,,0.015,0.23,0.755
2,2,,0.03,0.165,0.805
2,2,,0.36,0.115,0.525
2,2,,0.055,0.075,0.87
2,2,,0.015,0.08,0.905
2,2,,0.1,0.065,0.835
2,2,,0.02,0.025,0.955
2,2,,0.04,0.115,0.845
2,2,,0.02,0.185,0.795
2,2,,0.025,0.035,0.94
2,2,,0.21,0.32,0.47
2,2,,0.075,0.03,0.895
2,2,,0.005,0.195,0.8
2,1,,0.195,0.44,0.365
2,2,,0.245,0.09,0.665
2,1,,0.04,0.48,0.48
2,2,,0.055,0.19,0.755
2,2,,0.095,0.21,0.695
2,2,,0.05,0.075,0.875
2,2,,0.015,0.03,0.955
2,2,,0.085,0.075,0.84
2,2,,0.01,0.09,0.9
2,2,,0.025,0.06,0.915
2,2,,0.125,0.13,0.745
2,2,,0.11,0.01,0.88
2,2,,0.13,0.07,0.8
2,2,,0.115,0.35,0.535
2,2,,0.335,0.02,0.645
2,2,,0.065,0.14,0.795
2,2,,0.1,0.07,0.83
2,2,,0.13,0.175,0.695
2,2,,0.225,0.125,0.65
2,2,,0.33,0.05,0.62
2,2,,0.06,0.02,0.92
2,2,,0.04,0.18,0.78
2,2,,0.11,0.055,0.835
2,2,,0.12,0.105,0.775
2,2,,0.08,0.33,0.59
2,2,,0.025,0.005,0.97
2,2,,0.19,0.18,0.63
2,2,,0.035,0.02,0.945
2,0,,0.51,0.175,0.315
2,2,,0.36,0.115,0.525
2,0,,0.5,0.035,0.465
2,2,,0.195,0.25,0.555
2,2,,0.075,0.125,0.8
2,2,,0.1,0.08,0.82
2,2,,0.035,0.095,0.87
2,2,,0.07,0.01,0.92
2,2,,0.165,0.15,0.685
2,2,,0.115,0.33,0.555
2,2,,0.03,0.16,0.81
2,2,,0.065,0.35,0.585
2,2,,0.04,0.175,0.785
2,2,,0.04,0.25,0.71
2,2,,0.21,0.165,0.625
2,2,,0.045,0.25,0.705
2,2,,0.22,0.095,0.685
2,2,,0.32,0.115,0.565
2,2,,0.135,0.335,0.53
2,2,,0.065,0.07,0.865
2,2,,0.045,0.245,0.71
2,2,,0.13,0.18,0.69
2,2,,0.12,0.065,0.815
2,2,,0.205,0.175,0.62
2,2,,0.06,0.1,0.84
2,2,,0.05,0.16,0.79
2,2,,0.09,0.075,0.835
2,2,,0.07,0.185,0.745
2,2,,0.06,0.1,0.84
2,2,,0.055,0.085,0.86
2,2,,0.055,0.14,0.805
2,2,,0.03,0.03,0.94
2,2,,0.04,0.08,0.88
2,2,,0.115,0.24,0.645
2,2,,0.15,0.05,0.8
2,2,,0.07,0.025,0.905
2,2,,0.155,0.12,0.725
2,2,,0.15,0.21,0.64
2,2,,0.03,0.035,0.935
2,2,,0.015,0.21,0.775
2,2,,0.045,0.115,0.84
2,2,,0.135,0.015,0.85
2,2,,0.155,0.165,0.68
2,2,,0.035,0.08,0.885
2,2,,0.055,0.125,0.82
2,2,,0.03,0.02,0.95
2,2,,0.12,0.27,0.61
2,2,,0.08,0.32,0.6
2,2,,0.095,0.21,0.695
2,2,,0.01,0.13,0.86
2,2,,0.055,0.105,0.84
2,2,,0.05,0.135,0.815
2,2,,0.08,0.15,0.77
2,2,,0.115,0.285,0.6
2,2,,0.29,0.2,0.51
2,2,,0.06,0.18,0.76
2,2,,0.065,0.14,0.795
2,2,,0.065,0.07,0.865
2,2,,0.06,0.15,0.79
2,2,,0.08,0.26,0.66
2,2,,0.245,0.08,0.675
2,2,,0.13,0.18,0.69
2,2,,0.19,0.2,0.61
2,2,,0.06,0.32,0.62
2,2,,0.02,0.35,0.63
2,2,,0.035,0.07,0.895
2,2,,0.08,0.055,0.865
2,2,,0.015,0.02,0.965
2,2,,0.03,0.07,0.9
2,2,,0.38,0.13,0.49
2,2,,0.165,0.24,0.595
2,2,,0.025,0.08,0.895
2,2,,0.095,0.055,0.85
2,2,,0.115,0.26,0.625
2,2,,0.24,0.105,0.655
2,2,,0.085,0.135,0.78
2,2,,0.36,0.075,0.565
2,2,,0.015,0.0,0.985
2,2,,0.285,0.295,0.42
2,2,,0.045,0.43,0.525
2,2,,0.09,0.125,0.785
2,2,,0.335,0.14,0.525
2,2,,0.22,0.11,0.67
2,2,,0.185,0.295,0.52
2,2,,0.14,0.075,0.785
2,2,,0.145,0.05,0.805
2,2,,0.05,0.11,0.84
2,2,,0.235,0.045,0.72
2,2,,0.07,0.07,0.86
2,2,,0.07,0.055,0.875
2,2,,0.325,0.095,0.58
2,2,,0.08,0.23,0.69
2,2,,0.425,0.11,0.465
2,2,,0.095,0.12,0.785
2,2,,0.015,0.27,0.715
2,2,,0.005,0.04,0.955
2,2,,0.03,0.155,0.815
2,1,,0.09,0.525,0.385
2,2,,0.03,0.2,0.77
2,2,,0.14,0.165,0.695
2,1,,0.145,0.54,0.315
2,2,,0.13,0.075,0.795
2,2,,0.05,0.065,0.885
2,2,,0.17,0.03,0.8
2,2,,0.28,0.205,0.515
2,2,,0.16,0.215,0.625
2,2,,0.075,0.16,0.765
2,2,,0.03,0.11,0.86
2,2,,0.025,0.01,0.965
2,2,,0.25,0.14,0.61
2,2,,0.025,0.04,0.935
2,2,,0.045,0.085,0.87
2,2,,0.065,0.155,0.78
2,2,,0.09,0.195,0.715
2,2,,0.17,0.025,0.805
2,2,,0.195,0.03,0.775
2,2,,0.015,0.075,0.91
2,2,,0.15,0.09,0.76
2,1,,0.055,0.585,0.36
2,2,,0.15,0.0,0.85
2,2,,0.005,0.1,0.895
2,1,,0.305,0.375,0.32
2,2,,0.05,0.14,0.81
2,2,,0.065,0.165,0.77
2,2,,0.025,0.07,0.905
2,1,,0.08,0.46,0.46
2,2,,0.01,0.1,0.89
2,2,,0.335,0.095,0.57
2,2,,0.07,0.065,0.865
2,1,,0.065,0.645,0.29
2,2,,0.075,0.145,0.78
2,2,,0.16,0.09,0.75
2,2,,0.315,0.145,0.54
2,2,,0.06,0.13,0.81
2,2,,0.07,0.125,0.805
2,2,,0.235,0.33,0.435
2,2,,0.12,0.095,0.785
2,2,,0.205,0.195,0.6
2,2,,0.015,0.02,0.965
2,2,,0.03,0.045,0.925
2,2,,0.04,0.105,0.855
2,2,,0.085,0.145,0.77
2,2,,0.06,0.265,0.675
2,2,,0.155,0.11,0.735
2,2,,0.29,0.19,0.52
2,1,,0.185,0.48,0.335
2,2,,0.075,0.07,0.855
2,2,,0.22,0.2,0.58
2,2,,0.03,0.24,0.73
2,2,,0.175,0.045,0.78
2,2,,0.13,0.135,0.735
2,2,,0.245,0.16,0.595
2,2,,0.065,0.03,0.905
2,2,,0.015,0.165,0.82
2,2,,0.03,0.115,0.855
2,2,,0.11,0.115,0.775
2,0,,0.54,0.155,0.305
2,2,,0.03,0.045,0.925
2,2,,0.065,0.08,0.855
2,2,,0.075,0.2,0.725
2,2,,0.175,0.2,0.625
2,2,,0.035,0.475,0.49
2,2,,0.08,0.065,0.855
2,2,,0.305,0.135,0.56
2,2,,0.175,0.1,0.725
2,2,,0.22,0.245,0.535
2,2,,0.115,0.125,0.76
2,2,,0.04,0.005,0.955
2,2,,0.095,0.295,0.61
2,2,,0.06,0.06,0.88
2,2,,0.04,0.05,0.91
2,2,,0.035,0.29,0.675
2,2,,0.005,0.07,0.925
2,2,,0.185,0.015,0.8
2,2,,0.015,0.115,0.87
2,2,,0.03,0.17,0.8
2,2,,0.225,0.05,0.725
2,1,,0.045,0.555,0.4
2,2,,0.11,0.235,0.655
2,2,,0.005,0.09,0.905
2,2,,0.135,0.26,0.605
2,1,,0.325,0.395,0.28
2,2,,0.01,0.065,0.925
2,1,,0.125,0.585,0.29
2,2,,0.045,0.025,0.93
2,2,,0.0,0.025,0.975
2,2,,0.065,0.36,0.575
2,1,,0.035,0.525,0.44
2,2,,0.1,0.075,0.825
2,2,,0.02,0.04,0.94
2,2,,0.18,0.23,0.59
2,2,,0.04,0.255,0.705
2,2,,0.065,0.15,0.785
2,2,,0.1,0.055,0.845
2,2,,0.015,0.155,0.83
2,2,,0.26,0.055,0.685
2,2,,0.025,0.17,0.805
2,2,,0.225,0.155,0.62
2,2,,0.025,0.155,0.82
2,2,,0.115,0.35,0.535
2,2,,0.005,0.03,0.965
2,2,,0.015,0.085,0.9
2,2,,0.02,0.345,0.635
2,2,,0.09,0.23,0.68
2,2,,0.06,0.24,0.7
2,2,,0.075,0.06,0.865
2,2,,0.105,0.145,0.75
2,2,,0.08,0.18,0.74
2,2,,0.055,0.1,0.845
2,0,,0.37,0.32,0.31
2,2,,0.06,0.105,0.835
2,2,,0.095,0.435,0.47
2,2,,0.06,0.265,0.675
2,1,,0.08,0.535,0.385
2,2,,0.03,0.13,0.84
2,2,,0.06,0.045,0.895
2,2,,0.16,0.07,0.77
2,2,,0.005,0.01,0.985
2,2,,0.065,0.11,0.825
2,2,,0.06,0.17,0.77
2,2,,0.315,0.085,0.6
2,2,,0.085,0.42,0.495
2,2,,0.025,0.18,0.795
2,2,,0.045,0.065,0.89
2,2,,0.02,0.055,0.925
2,2,,0.055,0.075,0.87
2,2,,0.215,0.2,0.585
2,2,,0.1,0.425,0.475
2,2,,0.13,0.43,0.44
2,2,,0.045,0.05,0.905
2,2,,0.07,0.005,0.925
2,2,,0.115,0.055,0.83
2,2,,0.18,0.085,0.735
2,2,,0.025,0.025,0.95
2,2,,0.12,0.085,0.795
2,2,,0.02,0.09,0.89
2,2,,0.01,0.045,0.945
2,2,,0.045,0.03,0.925
2,2,,0.035,0.02,0.945
2,2,,0.055,0.235,0.71
2,1,,0.125,0.51,0.365
2,2,,0.025,0.37,0.605
2,2,,0.205,0.02,0.775
2,2,,0.04,0.125,0.835
2,2,,0.07,0.02,0.91
2,2,,0.065,0.035,0.9
2,2,,0.005,0.035,0.96
2,2,,0.1,0.26,0.64
2,2,,0.355,0.055,0.59
2,2,,0.02,0.03,0.95
2,0,,0.58,0.105,0.315
2,2,,0.025,0.11,0.865
2,2,,0.025,0.07,0.905
2,2,,0.31,0.02,0.67
2,2,,0.17,0.14,0.69
2,2,,0.035,0.22,0.745
2,2,,0.015,0.215,0.77
2,2,,0.095,0.22,0.685
2,2,,0.035,0.01,0.955
2,2,,0.07,0.165,0.765
2,2,,0.075,0.11,0.815
2,2,,0.04,0.41,0.55
2,2,,0.075,0.245,0.68
2,1,,0.04,0.52,0.44
2,1,,0.065,0.535,0.4
2,2,,0.025,0.24,0.735
2,2,,0.165,0.38,0.455
2,2,,0.01,0.11,0.88
2,2,,0.025,0.105,0.87
2,2,,0.06,0.065,0.875
2,2,,0.32,0.035,0.645
2,2,,0.06,0.125,0.815
2,2,,0.245,0.24,0.515
2,2,,0.05,0.185,0.765
2,2,,0.055,0.3,0.645
2,2,,0.085,0.205,0.71
2,1,,0.09,0.52,0.39
2,2,,0.14,0.355,0.505
2,2,,0.255,0.315,0.43
2,2,,0.11,0.03,0.86
2,2,,0.035,0.115,0.85
2,2,,0.17,0.13,0.7
2,2,,0.04,0.07,0.89
2,2,,0.16,0.27,0.57
2,2,,0.065,0.085,0.85
2,2,,0.025,0.04,0.935
2,2,,0.105,0.135,0.76
2,2,,0.085,0.135,0.78
2,2,,0.02,0.265,0.715
2,2,,0.14,0.17,0.69
2,2,,0.05,0.34,0.61
2,2,,0.095,0.365,0.54
2,2,,0.045,0.045,0.91
2,2,,0.155,0.18,0.665
2,1,,0.07,0.665,0.265
2,2,,0.315,0.145,0.54
2,2,,0.23,0.205,0.565
2,2,,0.275,0.035,0.69
2,2,,0.155,0.11,0.735
2,2,,0.05,0.105,0.845
2,2,,0.045,0.425,0.53
2,2,,0.125,0.255,0.62
2,2,,0.06,0.085,0.855
2,2,,0.095,0.08,0.825
2,2,,0.025,0.115,0.86
2,2,,0.025,0.045,0.93
2,2,,0.04,0.19,0.77
2,2,,0.095,0.05,0.855
2,2,,0.015,0.13,0.855
2,2,,0.11,0.035,0.855
2,2,,0.05,0.05,0.9
2,2,,0.06,0.35,0.59
2,2,,0.2,0.035,0.765
2,2,,0.06,0.055,0.885
2,2,,0.135,0.3,0.565
2,2,,0.075,0.06,0.865
2,2,,0.035,0.045,0.92
2,2,,0.125,0.185,0.69
2,2,,0.02,0.105,0.875
2,2,,0.045,0.06,0.895
2,2,,0.08,0.155,0.765
2,2,,0.09,0.14,0.77
2,1,,0.22,0.46,0.32
2,2,,0.04,0.105,0.855
2,2,,0.11,0.155,0.735
2,2,,0.04,0.01,0.95
2,2,,0.025,0.015,0.96
2,2,,0.15,0.175,0.675
2,2,,0.315,0.34,0.345
2,1,,0.065,0.56,0.375
2,2,,0.12,0.31,0.57
2,2,,0.005,0.02,0.975
2,2,,0.11,0.095,0.795
2,2,,0.275,0.075,0.65
2,2,,0.055,0.17,0.775
2,2,,0.03,0.075,0.895
2,2,,0.05,0.015,0.935
2,2,,0.195,0.04,0.765
2,2,,0.075,0.095,0.83
2,2,,0.28,0.06,0.66
2,2,,0.025,0.0,0.975
2,2,,0.1,0.18,0.72
2,2,,0.07,0.28,0.65
2,2,,0.065,0.04,0.895
2,2,,0.05,0.175,0.775
2,2,,0.085,0.255,0.66
2,2,,0.045,0.02,0.935
2,2,,0.01,0.04,0.95
2,2,,0.055,0.01,0.935
2,2,,0.06,0.11,0.83
2,2,,0.065,0.225,0.71
2,2,,0.065,0.005,0.93
2,2,,0.04,0.39,0.57
2,2,,0.32,0.195,0.485
2,2,,0.085,0.225,0.69
2,2,,0.085,0.14,0.775
2,2,,0.025,0.45,0.525
2,2,,0.095,0.32,0.585
2,2,,0.015,0.005,0.98
2,2,,0.13,0.235,0.635
2,2,,0.025,0.105,0.87
2,2,,0.03,0.135,0.835
2,2,,0.19,0.195,0.615
2,2,,0.04,0.11,0.85
2,2,,0.02,0.195,0.785
2,2,,0.04,0.415,0.545
2,2,,0.01,0.015,0.975
2,2,,0.04,0.105,0.855
2,2,,0.09,0.075,0.835
2,2,,0.025,0.2,0.775
2,2,,0.085,0.44,0.475
2,1,,0.055,0.505,0.44
2,2,,0.135,0.18,0.685
2,2,,0.025,0.045,0.93
2,2,,0.105,0.42,0.475
2,2,,0.065,0.08,0.855
2,2,,0.06,0.02,0.92
2,2,,0.045,0.035,0.92
2,2,,0.04,0.27,0.69
2,1,,0.04,0.585,0.375
2,2,,0.005,0.065,0.93
2,2,,0.1,0.185,0.715
2,2,,0.13,0.23,0.64
2,1,,0.155,0.54,0.305
2,2,,0.115,0.205,0.68
2,2,,0.36,0.18,0.46
2,2,,0.045,0.405,0.55
2,2,,0.03,0.055,0.915
2,2,,0.03,0.21,0.76
2,2,,0.105,0.315,0.58
2,2,,0.055,0.07,0.875
2,2,,0.205,0.195,0.6
2,2,,0.015,0.41,0.575
2,2,,0.025,0.045,0.93
2,2,,0.105,0.305,0.59
2,2,,0.35,0.06,0.59
2,2,,0.285,0.07,0.645
2,2,,0.085,0.07,0.845
2,2,,0.12,0.3,0.58
2,2,,0.015,0.28,0.705
2,2,,0.055,0.175,0.77
2,2,,0.16,0.395,0.445
2,2,,0.055,0.04,0.905
2,2,,0.415,0.06,0.525
2,2,,0.055,0.205,0.74
2,0,,0.55,0.12,0.33
2,2,,0.41,0.13,0.46
2,2,,0.02,0.125,0.855
2,2,,0.055,0.04,0.905
2,2,,0.24,0.02,0.74
2,2,,0.03,0.445,0.525
2,2,,0.21,0.205,0.585
2,2,,0.135,0.295,0.57
2,2,,0.22,0.315,0.465
2,1,,0.03,0.515,0.455
2,2,,0.18,0.135,0.685
2,1,,0.105,0.48,0.415
2,2,,0.015,0.19,0.795
2,2,,0.025,0.205,0.77
2,2,,0.02,0.17,0.81
2,2,,0.04,0.055,0.905
2,2,,0.035,0.235,0.73
2,2,,0.1,0.02,0.88
2,2,,0.215,0.22,0.565
2,2,,0.13,0.135,0.735
2,2,,0.025,0.115,0.86
2,2,,0.105,0.045,0.85
2,2,,0.065,0.185,0.75
2,2,,0.135,0.035,0.83
2,2,,0.355,0.06,0.585
2,2,,0.09,0.155,0.755
2,2,,0.08,0.12,0.8
2,2,,0.02,0.055,0.925
2,2,,0.035,0.115,0.85
2,2,,0.325,0.115,0.56
2,2,,0.085,0.3,0.615
2,2,,0.04,0.07,0.89
2,2,,0.125,0.04,0.835
2,2,,0.015,0.11,0.875
2,2,,0.135,0.33,0.535
2,2,,0.03,0.275,0.695
2,2,,0.255,0.34,0.405
2,2,,0.14,0.055,0.805
2,2,,0.06,0.1,0.84
2,2,,0.14,0.01,0.85
2,2,,0.045,0.33,0.625
2,2,,0.245,0.11,0.645
2,2,,0.025,0.105,0.87
2,2,,0.085,0.055,0.86
2,2,,0.07,0.205,0.725
2,2,,0.365,0.09,0.545
2,1,,0.16,0.48,0.36
2,2,,0.025,0.205,0.77
2,2,,0.06,0.085,0.855
2,2,,0.08,0.175,0.745
2,2,,0.055,0.065,0.88
2,2,,0.105,0.13,0.765
2,0,,0.65,0.115,0.235
2,2,,0.09,0.2,0.71
2,2,,0.02,0.1,0.88
2,2,,0.05,0.3,0.65
2,2,,0.15,0.0,0.85
2,2,,0.04,0.055,0.905
2,2,,0.02,0.1,0.88
2,2,,0.155,0.09,0.755
2,2,,0.08,0.25,0.67
2,2,,0.025,0.215,0.76
2,2,,0.395,0.08,0.525
2,2,,0.03,0.04,0.93
2,1,,0.105,0.46,0.435
2,2,,0.315,0.17,0.515
2,2,,0.11,0.005,0.885
2,2,,0.035,0.11,0.855
2,2,,0.075,0.055,0.87
2,2,,0.04,0.115,0.845
2,2,,0.03,0.045,0.925
2,2,,0.175,0.375,0.45
2,2,,0.245,0.075,0.68
2,2,,0.18,0.055,0.765
2,2,,0.01,0.055,0.935
2,2,,0.115,0.265,0.62
2,2,,0.075,0.205,0.72
2,2,,0.305,0.345,0.35
2,2,,0.015,0.15,0.835
2,2,,0.085,0.04,0.875
2,2,,0.09,0.165,0.745
2,2,,0.06,0.04,0.9
2,2,,0.04,0.035,0.925
2,2,,0.065,0.06,0.875
2,2,,0.04,0.165,0.795
2,2,,0.095,0.08,0.825
2,2,,0.105,0.385,0.51
2,2,,0.305,0.1,0.595
2,2,,0.03,0.31,0.66
2,2,,0.075,0.29,0.635
2,2,,0.155,0.05,0.795
2,2,,0.21,0.23,0.56
2,2,,0.28,0.34,0.38
2,2,,0.165,0.23,0.605
2,2,,0.075,0.04,0.885
2,2,,0.095,0.195,0.71
2,2,,0.04,0.15,0.81
2,1,,0.185,0.455,0.36
2,2,,0.015,0.04,0.945
2,2,,0.17,0.035,0.795
2,2,,0.18,0.135,0.685
2,2,,0.125,0.22,0.655
2,2,,0.1,0.025,0.875
2,2,,0.095,0.095,0.81
2,2,,0.135,0.175,0.69
2,2,,0.055,0.315,0.63
2,2,,0.13,0.1,0.77
2,2,,0.005,0.02,0.975
2,2,,0.085,0.14,0.775
2,2,,0.04,0.44,0.52
2,2,,0.04,0.145,0.815
2,2,,0.02,0.175,0.805
2,2,,0.17,0.22,0.61
2,2,,0.25,0.02,0.73
2,2,,0.14,0.11,0.75
2,2,,0.03,0.35,0.62
2,2,,0.005,0.155,0.84
2,2,,0.095,0.105,0.8
2,2,,0.14,0.04,0.82
2,2,,0.05,0.125,0.825
2,2,,0.21,0.31,0.48
2,2,,0.1,0.19,0.71
2,2,,0.02,0.075,0.905
2,2,,0.25,0.03,0.72
2,2,,0.0,0.14,0.86
2,2,,0.07,0.285,0.645
2,2,,0.005,0.03,0.965
2,2,,0.185,0.375,0.44
2,2,,0.03,0.12,0.85
2,2,,0.055,0.435,0.51
2,2,,0.105,0.07,0.825
2,1,,0.245,0.385,0.37
2,2,,0.04,0.4,0.56
2,2,,0.25,0.19,0.56
2,2,,0.035,0.075,0.89
2,2,,0.055,0.055,0.89
2,2,,0.035,0.175,0.79
2,2,,0.18,0.055,0.765
2,2,,0.195,0.02,0.785
2,2,,0.125,0.155,0.72
2,2,,0.085,0.19,0.725
2,2,,0.06,0.245,0.695
2,2,,0.145,0.095,0.76
2,2,,0.11,0.17,0.72
2,2,,0.28,0.08,0.64
2,1,,0.07,0.655,0.275
2,2,,0.04,0.12,0.84
2,2,,0.02,0.015,0.965
2,0,,0.425,0.24,0.335
2,2,,0.01,0.035,0.955
2,2,,0.08,0.09,0.83
2,2,,0.22,0.03,0.75
2,2,,0.065,0.205,0.73
2,2,,0.03,0.035,0.935
2,2,,0.055,0.11,0.835
2,2,,0.33,0.055,0.615
2,1,,0.25,0.42,0.33
2,2,,0.11,0.235,0.655
2,0,,0.465,0.24,0.295
2,2,,0.16,0.205,0.635
2,2,,0.025,0.04,0.935
2,2,,0.14,0.04,0.82
2,2,,0.05,0.125,0.825
2,2,,0.02,0.1,0.88
2,2,,0.055,0.17,0.775
2,2,,0.06,0.345,0.595
2,2,,0.315,0.04,0.645
2,2,,0.01,0.08,0.91
2,2,,0.035,0.18,0.785
2,2,,0.015,0.07,0.915
2,2,,0.14,0.3,0.56
2,2,,0.155,0.085,0.76
2,2,,0.075,0.03,0.895
2,2,,0.075,0.1,0.825
2,2,,0.065,0.26,0.675
2,2,,0.115,0.085,0.8
2,2,,0.175,0.08,0.745
2,2,,0.055,0.155,0.79
2,2,,0.04,0.05,0.91
2,2,,0.085,0.075,0.84
2,2,,0.05,0.105,0.845
2,2,,0.215,0.16,0.625
2,2,,0.065,0.095,0.84
2,2,,0.2,0.25,0.55
2,2,,0.135,0.085,0.78
2,2,,0.06,0.395,0.545
2,2,,0.085,0.11,0.805
2,2,,0.045,0.175,0.78
2,2,,0.07,0.285,0.645
2,2,,0.045,0.275,0.68
2,1,,0.24,0.425,0.335
2,2,,0.275,0.135,0.59
2,2,,0.035,0.105,0.86
2,2,,0.425,0.03,0.545
2,2,,0.01,0.01,0.98
2,2,,0.08,0.06,0.86
2,1,,0.12,0.515,0.365
2,2,,0.085,0.08,0.835
2,2,,0.085,0.135,0.78
2,2,,0.03,0.085,0.885
2,2,,0.01,0.07,0.92
2,2,,0.02,0.225,0.755
2,2,,0.03,0.135,0.835
2,2,,0.135,0.33,0.535
2,2,,0.115,0.43,0.455
2,2,,0.06,0.39,0.55
2,2,,0.06,0.235,0.705
2,2,,0.045,0.215,0.74
2,2,,0.07,0.09,0.84
2,2,,0.045,0.09,0.865
2,2,,0.01,0.05,0.94
2,2,,0.05,0.11,0.84
2,2,,0.115,0.055,0.83
2,2,,0.215,0.14,0.645
2,2,,0.21,0.17,0.62
2,2,,0.05,0.085,0.865
2,2,,0.08,0.18,0.74
2,2,,0.1,0.185,0.715
2,2,,0.075,0.335,0.59
2,2,,0.065,0.155,0.78
2,2,,0.115,0.255,0.63
2,2,,0.105,0.325,0.57
2,2,,0.13,0.08,0.79
2,2,,0.11,0.195,0.695
2,2,,0.1,0.28,0.62
2,0,,0.395,0.21,0.395
2,2,,0.045,0.08,0.875
2,2,,0.135,0.36,0.505
2,2,,0.1,0.105,0.795
2,2,,0.185,0.085,0.73
2,2,,0.035,0.035,0.93
2,1,,0.355,0.415,0.23
2,2,,0.025,0.06,0.915
2,2,,0.17,0.295,0.535
2,2,,0.225,0.305,0.47
2,2,,0.2,0.21,0.59
2,2,,0.115,0.335,0.55
2,2,,0.03,0.025,0.945
2,1,,0.065,0.57,0.365
2,1,,0.095,0.46,0.445
2,2,,0.13,0.015,0.855
2,2,,0.06,0.075,0.865
2,2,,0.16,0.09,0.75
2,2,,0.11,0.155,0.735
2,2,,0.06,0.3,0.64
2,2,,0.21,0.36,0.43
2,2,,0.005,0.06,0.935
2,2,,0.445,0.07,0.485
2,2,,0.02,0.02,0.96
2,2,,0.04,0.18,0.78
2,2,,0.08,0.325,0.595
2,2,,0.045,0.24,0.715
2,2,,0.03,0.14,0.83
2,2,,0.27,0.16,0.57
2,2,,0.025,0.135,0.84
2,2,,0.135,0.385,0.48
2,2,,0.075,0.065,0.86
2,2,,0.01,0.205,0.785
2,2,,0.07,0.04,0.89
2,2,,0.31,0.03,0.66
2,2,,0.035,0.035,0.93
2,1,,0.06,0.48,0.46
2,2,,0.105,0.095,0.8
2,2,,0.175,0.165,0.66
2,2,,0.09,0.3,0.61
2,2,,0.09,0.26,0.65
2,2,,0.215,0.295,0.49
2,2,,0.095,0.33,0.575
2,2,,0.075,0.075,0.85
2,2,,0.075,0.28,0.645
2,2,,0.02,0.065,0.915
2,2,,0.045,0.05,0.905
2,2,,0.09,0.035,0.875
2,2,,0.065,0.3,0.635
2,2,,0.16,0.23,0.61
2,0,,0.435,0.195,0.37
2,2,,0.22,0.055,0.725
2,2,,0.455,0.08,0.465
2,2,,0.11,0.215,0.675
2,1,,0.11,0.465,0.425
2,2,,0.035,0.22,0.745
2,2,,0.035,0.05,0.915
2,2,,0.3,0.055,0.645
2,2,,0.0,0.12,0.88
2,2,,0.03,0.08,0.89
2,2,,0.025,0.02,0.955
2,2,,0.09,0.11,0.8
2,2,,0.05,0.065,0.885
2,2,,0.135,0.325,0.54
2,0,,0.635,0.085,0.28
2,1,,0.155,0.5,0.345
2,2,,0.215,0.055,0.73
2,2,,0.11,0.02,0.87
2,2,,0.07,0.19,0.74
2,2,,0.025,0.095,0.88
2,2,,0.115,0.24,0.645
2,1,,0.08,0.54,0.38
2,2,,0.075,0.155,0.77
2,2,,0.145,0.275,0.58
2,2,,0.305,0.1,0.595
2,2,,0.145,0.13,0.725
2,2,,0.025,0.1,0.875
2,2,,0.24,0.235,0.525
2,2,,0.005,0.065,0.93
2,2,,0.18,0.34,0.48
2,2,,0.425,0.055,0.52
2,2,,0.1,0.08,0.82
2,2,,0.11,0.15,0.74
2,2,,0.02,0.04,0.94
2,2,,0.02,0.095,0.885
2,2,,0.11,0.015,0.875
2,2,,0.1,0.265,0.635
2,2,,0.025,0.06,0.915
2,2,,0.265,0.105,0.63
2,1,,0.065,0.5,0.435
2,2,,0.075,0.15,0.775
2,2,,0.1,0.175,0.725
2,2,,0.09,0.105,0.805
2,2,,0.135,0.025,0.84
2,2,,0.1,0.275,0.625
2,2,,0.14,0.185,0.675
2,2,,0.16,0.15,0.69
2,2,,0.025,0.03,0.945
2,2,,0.005,0.27,0.725
2,1,,0.12,0.45,0.43
2,2,,0.15,0.185,0.665
2,2,,0.14,0.07,0.79
2,2,,0.035,0.025,0.94
2,2,,0.055,0.055,0.89
2,2,,0.01,0.05,0.94
2,2,,0.13,0.085,0.785
2,2,,0.125,0.07,0.805
2,2,,0.065,0.065,0.87
2,2,,0.04,0.29,0.67
2,2,,0.015,0.045,0.94
2,2,,0.07,0.01,0.92
2,2,,0.27,0.24,0.49
2,1,,0.05,0.595,0.355
2,2,,0.065,0.125,0.81
2,2,,0.34,0.09,0.57
2,2,,0.265,0.195,0.54
2,2,,0.055,0.18,0.765
2,2,,0.035,0.15,0.815
2,2,,0.075,0.29,0.635
2,2,,0.115,0.3,0.585
2,2,,0.055,0.025,0.92
2,2,,0.01,0.11,0.88
2,2,,0.04,0.14,0.82
2,2,,0.045,0.26,0.695
2,2,,0.07,0.225,0.705
2,2,,0.1,0.25,0.65
2,2,,0.205,0.08,0.715
2,2,,0.04,0.02,0.94
2,2,,0.095,0.095,0.81
2,2,,0.055,0.08,0.865
2,2,,0.115,0.1,0.785
2,2,,0.16,0.195,0.645
2,2,,0.025,0.16,0.815
2,2,,0.01,0.145,0.845
2,2,,0.28,0.105,0.615
2,2,,0.215,0.175,0.61
2,2,,0.07,0.215,0.715
2,2,,0.0,0.01,0.99
2,2,,0.06,0.225,0.715
2,2,,0.075,0.13,0.795
2,2,,0.215,0.145,0.64
2,2,,0.065,0.115,0.82
2,2,,0.04,0.12,0.84
2,2,,0.105,0.11,0.785
2,2,,0.035,0.025,0.94
2,2,,0.26,0.05,0.69
2,1,,0.115,0.565,0.32
2,2,,0.105,0.165,0.73
2,2,,0.04,0.3,0.66
2,2,,0.135,0.3,0.565
2,2,,0.015,0.165,0.82
2,2,,0.015,0.085,0.9
2,2,,0.14,0.175,0.685
2,2,,0.12,0.265,0.615
2,1,,0.07,0.5,0.43
2,2,,0.105,0.2,0.695
2,2,,0.015,0.205,0.78
2,2,,0.105,0.27,0.625
2,2,,0.185,0.245,0.57
2,2,,0.265,0.305,0.43
2,2,,0.11,0.41,0.48
2,2,,0.205,0.27,0.525
2,2,,0.025,0.355,0.62
2,2,,0.025,0.125,0.85
2,2,,0.15,0.265,0.585
2,2,,0.0,0.19,0.81
2,2,,0.01,0.01,0.98
2,2,,0.025,0.405,0.57
2,2,,0.24,0.13,0.63
2,2,,0.02,0.28,0.7
2,2,,0.145,0.265,0.59
2,2,,0.085,0.02,0.895
2,2,,0.195,0.095,0.71
2,2,,0.195,0.215,0.59
2,2,,0.06,0.09,0.85
2,2,,0.015,0.125,0.86
2,2,,0.12,0.005,0.875
2,2,,0.01,0.125,0.865
2,2,,0.21,0.125,0.665
2,2,,0.085,0.065,0.85
2,2,,0.155,0.08,0.765
2,2,,0.065,0.25,0.685
2,2,,0.185,0.155,0.66
2,2,,0.06,0.215,0.725
2,2,,0.03,0.11,0.86
2,2,,0.005,0.035,0.96
2,2,,0.22,0.095,0.685
2,2,,0.05,0.15,0.8
2,2,,0.195,0.25,0.555
2,2,,0.03,0.02,0.95
2,1,,0.16,0.48,0.36
2,2,,0.025,0.045,0.93
2,2,,0.335,0.095,0.57
2,2,,0.205,0.21,0.585
2,2,,0.09,0.285,0.625
2,2,,0.205,0.25,0.545
2,2,,0.06,0.36,0.58
2,2,,0.025,0.145,0.83
2,2,,0.065,0.22,0.715
2,2,,0.04,0.05,0.91
2,2,,0.14,0.065,0.795
2,2,,0.385,0.04,0.575
2,2,,0.07,0.425,0.505
2,2,,0.05,0.315,0.635
2,2,,0.17,0.06,0.77
2,2,,0.04,0.19,0.77
2,2,,0.405,0.155,0.44
2,2,,0.07,0.07,0.86
2,2,,0.025,0.105,0.87
2,2,,0.195,0.105,0.7
2,2,,0.235,0.1,0.665
2,2,,0.175,0.055,0.77
2,1,,0.235,0.425,0.34
2,2,,0.285,0.03,0.685
2,2,,0.14,0.285,0.575
2,1,,0.16,0.445,0.395
2,2,,0.1,0.19,0.71
2,2,,0.065,0.075,0.86
2,2,,0.11,0.11,0.78
2,2,,0.12,0.075,0.805
2,2,,0.05,0.04,0.91
2,2,,0.115,0.265,0.62
2,2,,0.165,0.135,0.7
2,2,,0.06,0.105,0.835
2,1,,0.28,0.365,0.355
2,2,,0.02,0.035,0.945
2,2,,0.055,0.145,0.8
2,2,,0.09,0.01,0.9
2,2,,0.1,0.25,0.65
2,2,,0.045,0.135,0.82
2,2,,0.33,0.065,0.605
2,2,,0.13,0.405,0.465
2,2,,0.12,0.095,0.785
2,2,,0.05,0.07,0.88
2,2,,0.08,0.145,0.775
2,2,,0.015,0.09,0.895
2,2,,0.02,0.165,0.815
2,2,,0.035,0.34,0.625
2,2,,0.025,0.06,0.915
2,2,,0.19,0.215,0.595
2,2,,0.03,0.01,0.96
2,2,,0.06,0.26,0.68
2,2,,0.085,0.055,0.86
2,2,,0.025,0.15,0.825
2,2,,0.055,0.185,0.76
2,2,,0.065,0.315,0.62
2,2,,0.3,0.15,0.55
2,2,,0.36,0.08,0.56
2,2,,0.085,0.04,0.875
2,2,,0.21,0.03,0.76
2,2,,0.06,0.155,0.785
2,2,,0.02,0.16,0.82
2,2,,0.11,0.135,0.755
2,2,,0.145,0.11,0.745
2,2,,0.285,0.115,0.6
2,1,,0.15,0.445,0.405
2,2,,0.08,0.285,0.635
2,2,,0.19,0.085,0.725
2,2,,0.03,0.4,0.57
2,2,,0.225,0.115,0.66
2,2,,0.085,0.115,0.8
2,2,,0.12,0.155,0.725
2,2,,0.1,0.0,0.9
2,2,,0.315,0.16,0.525
2,2,,0.095,0.18,0.725
2,2,,0.09,0.085,0.825
2,2,,0.0,0.115,0.885
2,2,,0.025,0.095,0.88
2,2,,0.035,0.39,0.575
2,2,,0.19,0.115,0.695
2,2,,0.09,0.25,0.66
2,2,,0.275,0.12,0.605
2,2,,0.185,0.105,0.71
2,2,,0.155,0.21,0.635
2,2,,0.275,0.125,0.6
2,2,,0.1,0.08,0.82
2,2,,0.07,0.105,0.825
2,2,,0.235,0.245,0.52
2,1,,0.135,0.585,0.28
2,2,,0.05,0.095,0.855
2,2,,0.025,0.04,0.935
2,2,,0.125,0.165,0.71
2,2,,0.05,0.07,0.88
2,1,,0.18,0.52,0.3
2,2,,0.175,0.35,0.475
2,2,,0.03,0.085,0.885
2,1,,0.075,0.495,0.43
2,2,,0.04,0.045,0.915
2,2,,0.02,0.15,0.83
2,2,,0.085,0.385,0.53
2,2,,0.175,0.355,0.47
2,2,,0.09,0.315,0.595
2,2,,0.06,0.065,0.875
2,2,,0.04,0.09,0.87
2,2,,0.095,0.085,0.82
2,2,,0.03,0.045,0.925
2,2,,0.345,0.115,0.54
2,2,,0.08,0.11,0.81
2,2,,0.045,0.065,0.89
2,2,,0.015,0.08,0.905
2,2,,0.035,0.295,0.67
2,2,,0.005,0.065,0.93
2,2,,0.18,0.135,0.685
2,2,,0.035,0.105,0.86
2,2,,0.015,0.24,0.745
2,2,,0.05,0.13,0.82
2,2,,0.105,0.01,0.885
2,2,,0.115,0.125,0.76
2,2,,0.15,0.035,0.815
2,2,,0.135,0.265,0.6
2,2,,0.155,0.315,0.53
2,2,,0.065,0.12,0.815
2,2,,0.06,0.005,0.935
2,2,,0.12,0.08,0.8
2,2,,0.025,0.18,0.795
2,2,,0.12,0.15,0.73
2,2,,0.015,0.025,0.96
2,2,,0.46,0.045,0.495
2,2,,0.04,0.055,0.905
2,0,,0.55,0.145,0.305
2,2,,0.275,0.185,0.54
2,2,,0.145,0.365,0.49
2,2,,0.1,0.35,0.55
2,2,,0.03,0.125,0.845
2,2,,0.035,0.075,0.89
2,2,,0.005,0.09,0.905
2,2,,0.16,0.07,0.77
2,2,,0.19,0.14,0.67
2,2,,0.1,0.13,0.77
2,2,,0.45,0.055,0.495
2,2,,0.045,0.06,0.895
2,2,,0.125,0.105,0.77
2,2,,0.115,0.145,0.74
2,2,,0.055,0.305,0.64
2,2,,0.015,0.015,0.97
2,2,,0.02,0.215,0.765
2,2,,0.145,0.105,0.75
2,2,,0.045,0.1,0.855
2,1,,0.275,0.395,0.33
2,2,,0.205,0.255,0.54
2,2,,0.1,0.11,0.79
2,2,,0.21,0.235,0.555
2,2,,0.075,0.37,0.555
2,2,,0.115,0.145,0.74
2,2,,0.03,0.235,0.735
2,2,,0.065,0.15,0.785
2,2,,0.085,0.43,0.485
2,2,,0.08,0.22,0.7
2,0,,0.49,0.03,0.48
2,2,,0.025,0.2,0.775
2,2,,0.03,0.085,0.885
2,2,,0.185,0.22,0.595
2,2,,0.085,0.145,0.77
2,2,,0.115,0.16,0.725
2,1,,0.03,0.5,0.47
2,2,,0.04,0.19,0.77
2,2,,0.205,0.335,0.46
2,2,,0.165,0.125,0.71
2,2,,0.09,0.14,0.77
2,2,,0.02,0.025,0.955
2,2,,0.045,0.195,0.76
2,2,,0.28,0.09,0.63
2,2,,0.175,0.115,0.71
2,1,,0.035,0.575,0.39
2,2,,0.115,0.195,0.69
2,2,,0.035,0.2,0.765
2,2,,0.045,0.155,0.8
2,2,,0.04,0.13,0.83
2,2,,0.05,0.04,0.91
2,2,,0.255,0.035,0.71
2,0,,0.47,0.265,0.265
2,2,,0.095,0.04,0.865
2,2,,0.025,0.105,0.87
2,2,,0.06,0.025,0.915
2,2,,0.06,0.25,0.69
2,2,,0.015,0.12,0.865
2,2,,0.23,0.23,0.54
2,2,,0.405,0.07,0.525
2,2,,0.325,0.03,0.645
2,2,,0.015,0.15,0.835
2,2,,0.2,0.17,0.63
2,1,,0.115,0.52,0.365
2,2,,0.15,0.24,0.61
2,2,,0.085,0.1,0.815
2,2,,0.03,0.08,0.89
2,2,,0.245,0.125,0.63
2,2,,0.185,0.15,0.665
2,2,,0.025,0.105,0.87
2,2,,0.065,0.06,0.875
2,2,,0.065,0.065,0.87
2,2,,0.035,0.07,0.895
2,2,,0.095,0.27,0.635
2,2,,0.125,0.09,0.785
2,2,,0.185,0.365,0.45
2,2,,0.055,0.045,0.9
2,2,,0.185,0.245,0.57
2,2,,0.1,0.245,0.655
2,2,,0.235,0.07,0.695
2,2,,0.26,0.045,0.695
2,2,,0.145,0.155,0.7
2,2,,0.22,0.22,0.56
2,2,,0.115,0.195,0.69
2,2,,0.07,0.03,0.9
2,1,,0.155,0.47,0.375
2,2,,0.18,0.27,0.55
2,2,,0.21,0.175,0.615
2,2,,0.1,0.175,0.725
2,2,,0.055,0.405,0.54
2,2,,0.355,0.01,0.635
2,2,,0.16,0.285,0.555
2,2,,0.025,0.09,0.885
2,1,,0.165,0.545,0.29
2,2,,0.01,0.08,0.91
2,2,,0.005,0.045,0.95
2,2,,0.08,0.11,0.81
2,2,,0.285,0.05,0.665
2,1,,0.06,0.6,0.34
2,2,,0.045,0.015,0.94
2,2,,0.175,0.135,0.69
2,2,,0.035,0.235,0.73
2,2,,0.025,0.085,0.89
2,1,,0.165,0.49,0.345
2,2,,0.11,0.26,0.63
2,2,,0.125,0.235,0.64
2,2,,0.035,0.07,0.895
2,2,,0.105,0.295,0.6
2,2,,0.025,0.05,0.925
2,2,,0.06,0.355,0.585
2,2,,0.025,0.22,0.755
2,2,,0.055,0.005,0.94
2,2,,0.245,0.095,0.66
2,2,,0.175,0.29,0.535
2,2,,0.025,0.08,0.895
2,2,,0.215,0.02,0.765
2,2,,0.085,0.105,0.81
2,2,,0.05,0.21,0.74
2,2,,0.08,0.145,0.775
2,2,,0.01,0.145,0.845
2,2,,0.105,0.405,0.49
2,2,,0.02,0.045,0.935
2,2,,0.05,0.105,0.845
2,2,,0.045,0.44,0.515
2,2,,0.05,0.235,0.715
2,2,,0.03,0.035,0.935
2,2,,0.08,0.085,0.835
2,2,,0.27,0.025,0.705
2,2,,0.035,0.14,0.825
2,2,,0.065,0.4,0.535
2,2,,0.025,0.13,0.845
2,2,,0.115,0.305,0.58
2,2,,0.025,0.28,0.695
2,2,,0.055,0.185,0.76
2,1,,0.27,0.43,0.3
2,2,,0.19,0.3,0.51
2,2,,0.11,0.055,0.835
2,2,,0.15,0.09,0.76
2,2,,0.055,0.07,0.875
2,2,,0.22,0.22,0.56
2,2,,0.055,0.07,0.875
2,2,,0.185,0.245,0.57
2,2,,0.03,0.075,0.895
2,2,,0.405,0.14,0.455
2,2,,0.23,0.135,0.635
2,2,,0.025,0.155,0.82
2,2,,0.11,0.065,0.825
2,2,,0.08,0.04,0.88
2,1,,0.295,0.4,0.305
2,2,,0.26,0.075,0.665
2,2,,0.065,0.1,0.835
2,2,,0.04,0.195,0.765
2,2,,0.285,0.055,0.66
2,2,,0.06,0.035,0.905
2,2,,0.015,0.02,0.965
2,2,,0.18,0.23,0.59
2,2,,0.045,0.055,0.9
2,1,,0.09,0.63,0.28
2,2,,0.085,0.25,0.665
2,2,,0.02,0.06,0.92
2,2,,0.04,0.27,0.69
2,2,,0.005,0.06,0.935
2,2,,0.195,0.11,0.695
2,2,,0.06,0.1,0.84
2,2,,0.07,0.24,0.69
2,2,,0.085,0.05,0.865
2,2,,0.135,0.265,0.6
2,2,,0.215,0.155,0.63
2,2,,0.02,0.21,0.77
2,2,,0.105,0.295,0.6
2,2,,0.055,0.175,0.77
2,2,,0.12,0.19,0.69
2,2,,0.14,0.045,0.815
2,2,,0.07,0.07,0.86
2,2,,0.125,0.12,0.755
2,2,,0.1,0.145,0.755
2,2,,0.34,0.185,0.475
2,2,,0.16,0.05,0.79
2,2,,0.195,0.215,0.59
2,2,,0.035,0.02,0.945
2,2,,0.105,0.225,0.67
2,2,,0.075,0.085,0.84
2,2,,0.06,0.205,0.735
2,2,,0.085,0.06,0.855
2,2,,0.12,0.13,0.75
2,1,,0.045,0.56,0.395
2,2,,0.24,0.04,0.72
2,2,,0.03,0.145,0.825
2,2,,0.195,0.13,0.675
2,2,,0.29,0.165,0.545
2,2,,0.035,0.205,0.76
2,2,,0.085,0.08,0.835
2,2,,0.05,0.11,0.84
2,2,,0.335,0.04,0.625
2,2,,0.2,0.395,0.405
2,2,,0.06,0.095,0.845
2,2,,0.095,0.28,0.625
2,2,,0.275,0.065,0.66
2,2,,0.105,0.205,0.69
2,2,,0.195,0.12,0.685
2,2,,0.025,0.045,0.93
2,2,,0.1,0.325,0.575
2,2,,0.405,0.135,0.46
2,2,,0.045,0.115,0.84
2,2,,0.13,0.045,0.825
2,2,,0.24,0.22,0.54
2,2,,0.075,0.17,0.755
2,2,,0.1,0.18,0.72
2,2,,0.24,0.275,0.485
2,2,,0.03,0.4,0.57
2,2,,0.055,0.265,0.68
2,2,,0.045,0.04,0.915
2,2,,0.045,0.08,0.875
2,1,,0.13,0.54,0.33
2,2,,0.05,0.035,0.915
2,2,,0.065,0.18,0.755
2,2,,0.1,0.2,0.7
2,2,,0.26,0.125,0.615
2,2,,0.22,0.21,0.57
2,2,,0.065,0.18,0.755
2,2,,0.155,0.125,0.72
2,2,,0.25,0.34,0.41
2,2,,0.22,0.125,0.655
2,2,,0.03,0.155,0.815
2,1,,0.265,0.49,0.245
2,2,,0.03,0.045,0.925
2,2,,0.155,0.37,0.475
2,2,,0.14,0.015,0.845
2,2,,0.075,0.21,0.715
2,2,,0.075,0.19,0.735
2,2,,0.025,0.2,0.775
2,2,,0.215,0.05,0.735
2,2,,0.025,0.165,0.81
2,2,,0.055,0.245,0.7
2,2,,0.04,0.02,0.94
2,2,,0.175,0.125,0.7
2,2,,0.085,0.305,0.61
2,2,,0.07,0.16,0.77
2,2,,0.225,0.015,0.76
2,0,,0.53,0.175,0.295
2,0,,0.505,0.205,0.29
2,2,,0.14,0.24,0.62
2,2,,0.03,0.085,0.885
2,2,,0.025,0.01,0.965
2,2,,0.075,0.085,0.84
2,2,,0.01,0.05,0.94
2,1,,0.075,0.525,0.4
2,2,,0.01,0.12,0.87
2,2,,0.13,0.08,0.79
2,2,,0.23,0.2,0.57
2,2,,0.155,0.19,0.655
2,2,,0.025,0.095,0.88
2,2,,0.07,0.05,0.88
2,2,,0.15,0.055,0.795
2,2,,0.065,0.165,0.77
2,2,,0.045,0.075,0.88
2,2,,0.12,0.215,0.665
2,2,,0.055,0.33,0.615
2,2,,0.04,0.015,0.945
2,1,,0.075,0.565,0.36
2,2,,0.005,0.28,0.715
2,2,,0.025,0.045,0.93
2,2,,0.32,0.175,0.505
2,2,,0.15,0.36,0.49
2,2,,0.085,0.375,0.54
2,2,,0.04,0.17,0.79
2,2,,0.095,0.065,0.84
2,2,,0.16,0.08,0.76
2,2,,0.03,0.265,0.705
2,2,,0.165,0.14,0.695
2,2,,0.0,0.115,0.885
2,2,,0.165,0.08,0.755
2,2,,0.215,0.165,0.62
2,2,,0.055,0.305,0.64
2,2,,0.325,0.09,0.585
2,2,,0.055,0.445,0.5
2,2,,0.215,0.265,0.52
2,1,,0.105,0.55,0.345
2,2,,0.025,0.12,0.855
2,2,,0.19,0.105,0.705
2,2,,0.245,0.105,0.65
2,2,,0.065,0.055,0.88
2,0,,0.42,0.265,0.315
2,2,,0.09,0.01,0.9
2,2,,0.405,0.17,0.425
2,2,,0.13,0.245,0.625
2,2,,0.03,0.105,0.865
2,2,,0.005,0.13,0.865
2,2,,0.1,0.105,0.795
2,2,,0.015,0.11,0.875
2,2,,0.02,0.07,0.91
2,2,,0.08,0.035,0.885
2,2,,0.015,0.32,0.665
2,2,,0.145,0.33,0.525
2,0,,0.515,0.06,0.425
2,2,,0.085,0.275,0.64
2,2,,0.045,0.08,0.875
2,2,,0.02,0.075,0.905
2,2,,0.07,0.09,0.84
2,2,,0.39,0.075,0.535
2,2,,0.03,0.085,0.885
2,2,,0.025,0.065,0.91
2,0,,0.505,0.205,0.29
2,2,,0.1,0.015,0.885
2,2,,0.22,0.27,0.51
2,2,,0.225,0.24,0.535
2,2,,0.105,0.285,0.61
2,2,,0.09,0.215,0.695
2,2,,0.17,0.12,0.71
2,2,,0.035,0.105,0.86
2,2,,0.06,0.3,0.64
2,2,,0.05,0.22,0.73
2,2,,0.09,0.0,0.91
2,2,,0.055,0.12,0.825
2,2,,0.02,0.37,0.61
2,2,,0.08,0.14,0.78
2,2,,0.07,0.065,0.865
2,2,,0.14,0.095,0.765
2,2,,0.02,0.075,0.905
2,2,,0.015,0.045,0.94
2,2,,0.13,0.22,0.65
2,2,,0.235,0.19,0.575
2,2,,0.04,0.11,0.85
2,2,,0.045,0.095,0.86
2,2,,0.06,0.07,0.87
2,2,,0.07,0.295,0.635
2,2,,0.07,0.26,0.67
2,2,,0.315,0.05,0.635
2,2,,0.105,0.145,0.75
2,2,,0.05,0.035,0.915
2,2,,0.205,0.03,0.765
2,2,,0.02,0.005,0.975
2,2,,0.145,0.005,0.85
2,2,,0.04,0.02,0.94
2,2,,0.2,0.015,0.785
2,2,,0.055,0.055,0.89
2,2,,0.085,0.41,0.505
2,2,,0.22,0.105,0.675
2,1,,0.32,0.425,0.255
2,2,,0.125,0.35,0.525
2,2,,0.11,0.265,0.625
2,2,,0.08,0.2,0.72
2,2,,0.21,0.07,0.72
2,2,,0.13,0.03,0.84
2,2,,0.05,0.015,0.935
2,2,,0.045,0.235,0.72
2,2,,0.155,0.025,0.82
2,2,,0.17,0.11,0.72
2,2,,0.205,0.16,0.635
2,2,,0.03,0.085,0.885
2,2,,0.28,0.105,0.615
2,2,,0.005,0.005,0.99
2,2,,0.035,0.115,0.85
2,2,,0.045,0.305,0.65
2,2,,0.11,0.255,0.635
2,2,,0.04,0.045,0.915
2,0,,0.485,0.03,0.485
2,1,,0.165,0.49,0.345
2,2,,0.115,0.13,0.755
2,2,,0.085,0.045,0.87
2,2,,0.04,0.055,0.905
2,2,,0.04,0.12,0.84
2,2,,0.13,0.08,0.79
2,2,,0.19,0.105,0.705
2,2,,0.175,0.155,0.67
2,2,,0.085,0.055,0.86
2,2,,0.04,0.1,0.86
2,2,,0.255,0.095,0.65
2,2,,0.03,0.045,0.925
2,2,,0.095,0.09,0.815
2,2,,0.065,0.175,0.76
2,2,,0.06,0.155,0.785
2,2,,0.21,0.13,0.66
2,2,,0.09,0.31,0.6
2,2,,0.075,0.25,0.675
2,2,,0.045,0.11,0.845
2,2,,0.07,0.125,0.805
2,2,,0.185,0.345,0.47
2,2,,0.025,0.42,0.555
2,2,,0.13,0.11,0.76
2,2,,0.04,0.165,0.795
2,2,,0.09,0.085,0.825
2,2,,0.04,0.1,0.86
2,1,,0.06,0.495,0.445
2,2,,0.06,0.105,0.835
2,2,,0.13,0.16,0.71
2,1,,0.06,0.495,0.445
2,1,,0.035,0.515,0.45
2,2,,0.115,0.025,0.86
2,2,,0.085,0.07,0.845
2,2,,0.125,0.105,0.77
2,2,,0.055,0.155,0.79
2,2,,0.05,0.065,0.885
2,2,,0.36,0.115,0.525
2,2,,0.2,0.37,0.43
2,2,,0.005,0.02,0.975
2,2,,0.35,0.115,0.535
2,2,,0.075,0.165,0.76
2,2,,0.135,0.195,0.67
2,2,,0.05,0.22,0.73
2,2,,0.005,0.065,0.93
2,2,,0.035,0.06,0.905
2,2,,0.045,0.035,0.92
2,2,,0.145,0.2,0.655
2,2,,0.065,0.145,0.79
2,2,,0.125,0.005,0.87
2,2,,0.005,0.035,0.96
2,2,,0.175,0.145,0.68
2,2,,0.035,0.205,0.76
2,2,,0.04,0.075,0.885
2,2,,0.015,0.17,0.815
2,2,,0.01,0.025,0.965
2,2,,0.02,0.055,0.925
2,2,,0.4,0.05,0.55
2,2,,0.075,0.185,0.74
2,2,,0.05,0.175,0.775
2,2,,0.08,0.1,0.82
2,2,,0.24,0.16,0.6
2,2,,0.055,0.29,0.655
2,2,,0.02,0.035,0.945
2,2,,0.07,0.065,0.865
2,2,,0.045,0.115,0.84
2,2,,0.29,0.18,0.53
2,2,,0.175,0.045,0.78
2,2,,0.095,0.15,0.755
2,2,,0.03,0.015,0.955
2,2,,0.13,0.205,0.665
2,2,,0.085,0.205,0.71
2,2,,0.195,0.16,0.645
2,2,,0.025,0.2,0.775
2,2,,0.025,0.04,0.935
2,2,,0.21,0.235,0.555
2,2,,0.205,0.3,0.495
2,2,,0.03,0.03,0.94
2,2,,0.005,0.04,0.955
2,2,,0.025,0.055,0.92
2,2,,0.115,0.32,0.565
2,2,,0.025,0.075,0.9
2,2,,0.06,0.06,0.88
2,2,,0.255,0.055,0.69
2,2,,0.03,0.025,0.945
2,2,,0.095,0.055,0.85
2,2,,0.165,0.105,0.73
2,2,,0.08,0.205,0.715
2,2,,0.025,0.14,0.835
2,2,,0.055,0.115,0.83
2,2,,0.14,0.29,0.57
2,2,,0.235,0.03,0.735
2,2,,0.105,0.075,0.82
2,2,,0.25,0.135,0.615
2,2,,0.045,0.04,0.915
2,2,,0.105,0.38,0.515
2,2,,0.15,0.23,0.62
2,1,,0.075,0.56,0.365
2,2,,0.12,0.21,0.67
2,2,,0.055,0.045,0.9
2,2,,0.025,0.035,0.94
2,1,,0.125,0.5,0.375
2,2,,0.115,0.045,0.84
2,2,,0.015,0.01,0.975
2,2,,0.035,0.08,0.885
2,2,,0.03,0.185,0.785
2,2,,0.04,0.01,0.95
2,2,,0.1,0.105,0.795
2,2,,0.055,0.05,0.895
2,2,,0.16,0.36,0.48
2,2,,0.39,0.145,0.465
2,2,,0.11,0.04,0.85
2,2,,0.015,0.01,0.975
2,2,,0.025,0.195,0.78
2,0,,0.37,0.27,0.36
2,2,,0.055,0.105,0.84
2,2,,0.055,0.045,0.9
2,2,,0.06,0.2,0.74
2,2,,0.07,0.11,0.82
2,2,,0.075,0.345,0.58
2,2,,0.055,0.12,0.825
2,2,,0.0,0.035,0.965
2,2,,0.26,0.33,0.41
2,2,,0.135,0.285,0.58
2,2,,0.0,0.06,0.94
2,2,,0.01,0.03,0.96
2,2,,0.04,0.24,0.72
2,1,,0.085,0.645,0.27
2,2,,0.36,0.075,0.565
2,2,,0.01,0.06,0.93
2,2,,0.01,0.07,0.92
2,2,,0.09,0.305,0.605
2,2,,0.045,0.145,0.81
2,2,,0.38,0.085,0.535
2,2,,0.365,0.075,0.56
2,2,,0.075,0.115,0.81
2,2,,0.125,0.015,0.86
2,2,,0.01,0.2,0.79
2,2,,0.2,0.19,0.61
2,2,,0.015,0.085,0.9
2,2,,0.055,0.195,0.75
2,2,,0.045,0.12,0.835
2,2,,0.1,0.065,0.835
2,2,,0.005,0.03,0.965
2,1,,0.305,0.355,0.34
2,2,,0.02,0.04,0.94
2,2,,0.21,0.12,0.67
2,2,,0.035,0.03,0.935
2,2,,0.155,0.275,0.57
2,1,,0.285,0.36,0.355
2,2,,0.25,0.365,0.385
2,2,,0.005,0.25,0.745
2,2,,0.175,0.31,0.515
2,2,,0.045,0.125,0.83
2,1,,0.07,0.59,0.34
2,2,,0.055,0.205,0.74
2,2,,0.085,0.075,0.84
2,2,,0.115,0.28,0.605
2,2,,0.075,0.12,0.805
2,2,,0.08,0.145,0.775
2,2,,0.01,0.01,0.98
2,2,,0.19,0.125,0.685
2,2,,0.0,0.115,0.885
2,2,,0.095,0.045,0.86
2,2,,0.09,0.275,0.635
2,2,,0.045,0.475,0.48
2,2,,0.16,0.06,0.78
2,2,,0.055,0.075,0.87
2,2,,0.2,0.235,0.565
2,2,,0.255,0.225,0.52
2,2,,0.03,0.41,0.56
2,2,,0.05,0.05,0.9
2,2,,0.055,0.145,0.8
2,2,,0.135,0.145,0.72
2,2,,0.075,0.085,0.84
2,2,,0.06,0.105,0.835
2,2,,0.205,0.28,0.515
2,2,,0.095,0.395,0.51
2,2,,0.065,0.24,0.695
2,1,,0.19,0.53,0.28
2,1,,0.095,0.51,0.395
2,2,,0.22,0.06,0.72
2,2,,0.225,0.125,0.65
2,2,,0.065,0.09,0.845
2,2,,0.03,0.21,0.76
2,2,,0.08,0.165,0.755
2,2,,0.055,0.195,0.75
2,2,,0.065,0.275,0.66
2,2,,0.055,0.065,0.88
2,2,,0.29,0.05,0.66
2,2,,0.055,0.065,0.88
2,1,,0.06,0.565,0.375
2,2,,0.145,0.105,0.75
2,2,,0.095,0.365,0.54
2,2,,0.085,0.045,0.87
2,2,,0.15,0.28,0.57
2,1,,0.085,0.49,0.425
2,2,,0.15,0.24,0.61
2,2,,0.23,0.245,0.525
2,2,,0.11,0.395,0.495
2,2,,0.105,0.135,0.76
2,2,,0.05,0.12,0.83
2,1,,0.08,0.485,0.435
2,2,,0.16,0.185,0.655
2,2,,0.145,0.28,0.575
2,2,,0.04,0.18,0.78
2,2,,0.13,0.255,0.615
2,2,,0.085,0.25,0.665
2,2,,0.23,0.045,0.725
2,2,,0.035,0.2,0.765
2,2,,0.075,0.39,0.535
2,2,,0.025,0.1,0.875
2,2,,0.105,0.295,0.6
2,2,,0.04,0.265,0.695
2,2,,0.21,0.295,0.495
2,2,,0.07,0.045,0.885
2,2,,0.07,0.22,0.71
2,2,,0.015,0.03,0.955
2,2,,0.17,0.035,0.795
2,1,,0.125,0.6,0.275
2,2,,0.05,0.155,0.795
2,2,,0.055,0.085,0.86
2,2,,0.22,0.16,0.62
2,2,,0.255,0.23,0.515
2,0,,0.46,0.135,0.405
2,2,,0.065,0.04,0.895
2,2,,0.195,0.23,0.575
2,2,,0.01,0.175,0.815
2,2,,0.02,0.04,0.94
2,2,,0.09,0.27,0.64
2,1,,0.305,0.425,0.27
2,2,,0.125,0.255,0.62
2,2,,0.025,0.085,0.89
2,2,,0.025,0.395,0.58
2,2,,0.25,0.03,0.72
2,2,,0.02,0.025,0.955
2,2,,0.105,0.065,0.83
2,2,,0.015,0.1,0.885
2,0,,0.42,0.255,0.325
2,2,,0.13,0.26,0.61
2,2,,0.01,0.065,0.925
2,0,,0.365,0.275,0.36
2,2,,0.2,0.185,0.615
2,2,,0.03,0.09,0.88
2,2,,0.015,0.115,0.87
2,2,,0.045,0.18,0.775
2,2,,0.04,0.145,0.815
2,2,,0.11,0.265,0.625
2,2,,0.125,0.305,0.57
2,2,,0.035,0.4,0.565
2,2,,0.085,0.075,0.84
2,2,,0.095,0.155,0.75
2,2,,0.255,0.075,0.67
2,2,,0.17,0.2,0.63
2,2,,0.12,0.15,0.73
2,2,,0.04,0.1,0.86
2,2,,0.04,0.025,0.935
2,1,,0.25,0.43,0.32
2,2,,0.19,0.015,0.795
2,2,,0.01,0.095,0.895
2,2,,0.01,0.075,0.915
2,2,,0.025,0.14,0.835
2,2,,0.215,0.305,0.48
2,2,,0.03,0.27,0.7
2,2,,0.025,0.195,0.78
2,2,,0.05,0.325,0.625
2,2,,0.16,0.12,0.72
2,2,,0.05,0.085,0.865
2,2,,0.065,0.12,0.815
2,2,,0.09,0.13,0.78
2,2,,0.07,0.065,0.865
2,2,,0.035,0.085,0.88
2,2,,0.19,0.23,0.58
2,2,,0.11,0.175,0.715
2,2,,0.105,0.05,0.845
2,2,,0.12,0.025,0.855
2,2,,0.045,0.065,0.89
2,2,,0.05,0.125,0.825
2,0,,0.455,0.115,0.43
2,2,,0.085,0.095,0.82
2,2,,0.325,0.185,0.49
2,2,,0.04,0.11,0.85
2,2,,0.04,0.23,0.73
2,2,,0.025,0.18,0.795
2,2,,0.38,0.075,0.545
2,2,,0.4,0.195,0.405
2,2,,0.065,0.085,0.85
2,2,,0.05,0.2,0.75
2,2,,0.035,0.04,0.925
2,2,,0.08,0.29,0.63
2,2,,0.125,0.15,0.725
2,2,,0.35,0.04,0.61
2,2,,0.155,0.42,0.425
2,2,,0.09,0.205,0.705
2,2,,0.21,0.215,0.575
2,2,,0.04,0.29,0.67
2,2,,0.035,0.22,0.745
2,2,,0.055,0.1,0.845
2,2,,0.015,0.1,0.885
2,2,,0.025,0.025,0.95
2,2,,0.025,0.24,0.735
2,2,,0.055,0.19,0.755
2,2,,0.065,0.145,0.79
2,2,,0.13,0.11,0.76
2,2,,0.105,0.41,0.485
2,1,,0.045,0.5,0.455
2,2,,0.125,0.37,0.505
2,2,,0.045,0.115,0.84
2,2,,0.02,0.05,0.93
2,1,,0.165,0.545,0.29
2,2,,0.33,0.01,0.66
2,2,,0.13,0.28,0.59
2,2,,0.115,0.22,0.665
2,2,,0.055,0.265,0.68
2,2,,0.225,0.12,0.655
2,2,,0.03,0.025,0.945
2,1,,0.23,0.49,0.28
2,2,,0.035,0.48,0.485
2,2,,0.065,0.115,0.82
2,0,,0.495,0.09,0.415
2,2,,0.095,0.07,0.835
2,2,,0.09,0.18,0.73
2,1,,0.05,0.515,0.435
2,2,,0.095,0.25,0.655
2,2,,0.03,0.125,0.845
2,2,,0.25,0.075,0.675
2,2,,0.015,0.005,0.98
2,2,,0.04,0.02,0.94
2,2,,0.065,0.15,0.785
2,2,,0.015,0.06,0.925
2,2,,0.405,0.135,0.46
2,1,,0.09,0.56,0.35
2,2,,0.105,0.215,0.68
2,2,,0.06,0.125,0.815
2,2,,0.005,0.03,0.965
2,2,,0.135,0.28,0.585
2,2,,0.01,0.04,0.95
2,2,,0.015,0.1,0.885
2,2,,0.45,0.08,0.47
2,2,,0.295,0.175,0.53
2,2,,0.0,0.12,0.88
2,2,,0.085,0.08,0.835
2,2,,0.195,0.355,0.45
2,2,,0.1,0.055,0.845
2,2,,0.04,0.05,0.91
2,2,,0.035,0.1,0.865
2,2,,0.02,0.035,0.945
2,2,,0.02,0.205,0.775
2,2,,0.435,0.025,0.54
2,2,,0.165,0.385,0.45
2,2,,0.085,0.075,0.84
2,2,,0.01,0.28,0.71
2,2,,0.285,0.185,0.53
2,2,,0.12,0.045,0.835
2,2,,0.08,0.23,0.69
2,2,,0.105,0.295,0.6
2,2,,0.045,0.065,0.89
2,2,,0.12,0.285,0.595
2,1,,0.135,0.52,0.345
2,2,,0.08,0.205,0.715
2,2,,0.025,0.305,0.67
2,2,,0.15,0.18,0.67
2,2,,0.17,0.245,0.585
2,2,,0.02,0.025,0.955
2,2,,0.02,0.245,0.735
2,2,,0.045,0.05,0.905
2,2,,0.115,0.025,0.86
2,2,,0.065,0.06,0.875
2,2,,0.04,0.465,0.495
