CBF,rstc,TEST,4,MILLISECONDS,Generated by run_classification_experiment on 08/10/2024, 03:09:17. Encoder dictionary: {'1': 0, '2': 1, '3': 2}
{'batch_size': 100, 'contract_max_n_shapelet_samples': inf, 'estimator': None, 'max_shapelet_length': None, 'max_shapelets': None, 'n_jobs': 1, 'n_shapelet_samples': 10000, 'random_state': 4, 'shapelet_quality': 'Kruskal_Wallis', 'time_limit_in_minutes': 0, 'transform_limit_in_minutes': 0}
0.9888888888888889,13648,2521,-1,19619840,3,N/A,-1,-1
0,0,,0.985,0.0,0.015
0,0,,0.815,0.13,0.055
0,0,,0.635,0.03,0.335
0,0,,0.895,0.0,0.105
0,0,,0.96,0.02,0.02
0,0,,0.9,0.015,0.085
0,0,,0.975,0.005,0.02
0,0,,0.945,0.035,0.02
0,0,,0.88,0.015,0.105
0,0,,0.875,0.055,0.07
0,0,,0.68,0.11,0.21
0,0,,0.91,0.0,0.09
0,2,,0.405,0.1,0.495
0,0,,0.925,0.015,0.06
0,0,,0.91,0.075,0.015
0,0,,0.98,0.01,0.01
0,0,,0.445,0.24,0.315
0,0,,0.835,0.0,0.165
0,0,,0.925,0.025,0.05
0,0,,0.505,0.11,0.385
0,0,,0.89,0.0,0.11
0,0,,0.9,0.05,0.05
0,0,,0.49,0.105,0.405
0,0,,0.83,0.08,0.09
0,0,,0.77,0.205,0.025
0,0,,0.975,0.0,0.025
0,0,,0.435,0.13,0.435
0,0,,0.535,0.065,0.4
0,0,,0.455,0.125,0.42
0,0,,0.88,0.015,0.105
0,0,,0.94,0.02,0.04
0,0,,0.55,0.105,0.345
0,0,,0.855,0.025,0.12
0,0,,0.59,0.025,0.385
0,0,,0.825,0.015,0.16
0,0,,0.88,0.07,0.05
0,0,,0.92,0.0,0.08
0,0,,0.95,0.01,0.04
0,0,,0.45,0.18,0.37
0,0,,0.91,0.055,0.035
0,0,,0.555,0.08,0.365
0,0,,0.595,0.135,0.27
0,0,,0.94,0.045,0.015
0,0,,0.91,0.005,0.085
0,0,,0.595,0.055,0.35
0,0,,0.49,0.08,0.43
0,0,,0.95,0.025,0.025
0,0,,0.95,0.02,0.03
0,0,,0.925,0.015,0.06
0,0,,0.41,0.185,0.405
0,0,,0.94,0.045,0.015
0,0,,0.975,0.02,0.005
0,0,,0.925,0.035,0.04
0,0,,0.795,0.085,0.12
0,0,,0.89,0.05,0.06
0,0,,0.83,0.075,0.095
0,0,,0.895,0.01,0.095
0,0,,0.945,0.0,0.055
0,2,,0.395,0.2,0.405
0,0,,0.75,0.225,0.025
0,0,,0.91,0.05,0.04
0,0,,0.815,0.115,0.07
0,0,,0.955,0.02,0.025
0,0,,0.96,0.0,0.04
0,0,,0.93,0.015,0.055
0,0,,0.53,0.145,0.325
0,0,,0.97,0.02,0.01
0,0,,0.96,0.0,0.04
0,0,,0.53,0.065,0.405
0,0,,0.78,0.085,0.135
0,0,,0.79,0.01,0.2
0,0,,0.585,0.02,0.395
0,0,,0.895,0.085,0.02
0,0,,0.99,0.005,0.005
0,0,,0.465,0.185,0.35
0,0,,0.955,0.01,0.035
0,0,,0.495,0.09,0.415
0,0,,0.85,0.085,0.065
0,0,,0.96,0.015,0.025
0,0,,0.945,0.015,0.04
0,0,,0.96,0.0,0.04
0,0,,0.97,0.01,0.02
0,0,,0.555,0.115,0.33
0,0,,0.94,0.025,0.035
0,0,,0.935,0.03,0.035
0,0,,0.9,0.08,0.02
0,0,,0.875,0.02,0.105
0,0,,0.955,0.0,0.045
0,0,,0.475,0.145,0.38
0,0,,0.86,0.115,0.025
0,0,,0.945,0.03,0.025
0,0,,0.915,0.065,0.02
0,0,,0.88,0.0,0.12
0,0,,0.97,0.005,0.025
0,0,,0.95,0.01,0.04
0,0,,0.875,0.01,0.115
0,0,,0.925,0.01,0.065
0,0,,0.42,0.195,0.385
0,0,,0.945,0.0,0.055
0,0,,0.75,0.005,0.245
0,0,,0.895,0.0,0.105
0,0,,0.59,0.14,0.27
0,0,,0.9,0.025,0.075
0,0,,0.425,0.21,0.365
0,0,,0.66,0.05,0.29
0,0,,0.945,0.0,0.055
0,0,,0.92,0.04,0.04
0,0,,0.875,0.01,0.115
0,0,,0.94,0.02,0.04
0,0,,0.91,0.02,0.07
0,0,,0.93,0.035,0.035
0,0,,0.87,0.105,0.025
0,0,,0.475,0.145,0.38
0,0,,0.905,0.06,0.035
0,0,,0.96,0.005,0.035
0,0,,0.965,0.025,0.01
0,0,,0.56,0.07,0.37
0,0,,0.885,0.005,0.11
0,0,,0.955,0.0,0.045
0,0,,0.47,0.09,0.44
0,0,,0.805,0.19,0.005
0,0,,0.555,0.13,0.315
0,0,,0.91,0.015,0.075
0,0,,0.825,0.06,0.115
0,0,,0.965,0.0,0.035
0,0,,0.86,0.115,0.025
0,0,,0.805,0.07,0.125
0,0,,0.475,0.245,0.28
0,0,,0.85,0.0,0.15
0,0,,0.9,0.01,0.09
0,0,,0.95,0.035,0.015
0,0,,0.565,0.075,0.36
0,0,,0.965,0.005,0.03
0,0,,0.63,0.07,0.3
0,0,,0.545,0.1,0.355
0,0,,0.99,0.005,0.005
0,0,,0.88,0.0,0.12
0,0,,0.74,0.03,0.23
0,0,,0.84,0.0,0.16
0,0,,0.925,0.02,0.055
0,0,,0.98,0.02,0.0
0,0,,0.855,0.03,0.115
0,0,,0.86,0.005,0.135
0,0,,0.975,0.015,0.01
0,0,,0.47,0.17,0.36
0,0,,0.96,0.025,0.015
0,0,,0.98,0.005,0.015
0,0,,0.97,0.005,0.025
0,0,,0.82,0.0,0.18
0,0,,0.56,0.085,0.355
0,0,,0.96,0.01,0.03
0,0,,0.385,0.275,0.34
0,0,,0.8,0.04,0.16
0,0,,0.465,0.135,0.4
0,0,,0.95,0.015,0.035
0,0,,0.41,0.195,0.395
0,0,,0.935,0.01,0.055
0,0,,0.96,0.025,0.015
0,0,,0.81,0.005,0.185
0,0,,0.975,0.005,0.02
0,0,,0.935,0.065,0.0
0,0,,0.94,0.035,0.025
0,0,,0.615,0.06,0.325
0,0,,0.79,0.015,0.195
0,0,,0.545,0.055,0.4
0,0,,0.585,0.085,0.33
0,0,,0.935,0.045,0.02
0,0,,0.97,0.02,0.01
0,0,,0.975,0.0,0.025
0,0,,0.915,0.035,0.05
0,0,,0.875,0.115,0.01
0,0,,0.925,0.0,0.075
0,0,,0.95,0.0,0.05
0,0,,0.865,0.095,0.04
0,0,,0.505,0.075,0.42
0,0,,0.755,0.055,0.19
0,0,,0.9,0.0,0.1
0,0,,0.915,0.01,0.075
0,0,,0.955,0.0,0.045
0,0,,0.96,0.005,0.035
0,0,,0.5,0.165,0.335
0,0,,0.92,0.0,0.08
0,0,,0.975,0.01,0.015
0,0,,0.925,0.0,0.075
0,0,,0.7,0.075,0.225
0,0,,0.87,0.005,0.125
0,0,,0.91,0.02,0.07
0,0,,0.555,0.06,0.385
0,0,,0.51,0.14,0.35
0,0,,0.97,0.02,0.01
0,0,,0.575,0.14,0.285
0,0,,0.88,0.02,0.1
0,0,,0.95,0.005,0.045
0,0,,0.54,0.11,0.35
0,0,,0.505,0.22,0.275
0,0,,0.96,0.0,0.04
0,0,,0.81,0.02,0.17
0,0,,0.92,0.005,0.075
0,0,,0.765,0.075,0.16
0,0,,0.93,0.0,0.07
0,0,,0.8,0.11,0.09
0,0,,0.455,0.19,0.355
0,0,,0.94,0.04,0.02
0,0,,0.93,0.01,0.06
0,2,,0.42,0.135,0.445
0,0,,0.825,0.17,0.005
0,0,,0.99,0.0,0.01
0,0,,0.985,0.0,0.015
0,0,,0.73,0.05,0.22
0,2,,0.38,0.18,0.44
0,0,,0.93,0.035,0.035
0,0,,0.89,0.04,0.07
0,0,,0.875,0.02,0.105
0,0,,0.89,0.09,0.02
0,0,,0.54,0.095,0.365
0,0,,0.92,0.025,0.055
0,0,,0.97,0.015,0.015
0,0,,0.955,0.01,0.035
0,0,,0.535,0.125,0.34
0,0,,0.805,0.105,0.09
0,0,,0.925,0.055,0.02
0,0,,0.435,0.18,0.385
0,0,,0.84,0.01,0.15
0,0,,0.825,0.045,0.13
0,0,,0.925,0.045,0.03
0,0,,0.975,0.01,0.015
0,0,,0.945,0.0,0.055
0,0,,0.945,0.0,0.055
0,0,,0.96,0.0,0.04
0,0,,0.895,0.075,0.03
0,0,,0.545,0.16,0.295
0,0,,0.68,0.065,0.255
0,0,,0.89,0.01,0.1
0,0,,0.96,0.005,0.035
0,0,,0.55,0.08,0.37
0,0,,0.96,0.01,0.03
0,0,,0.555,0.09,0.355
0,0,,0.82,0.035,0.145
0,0,,0.475,0.16,0.365
0,0,,0.89,0.005,0.105
0,0,,0.525,0.08,0.395
0,0,,0.92,0.02,0.06
0,0,,0.635,0.025,0.34
0,0,,0.465,0.22,0.315
0,0,,0.855,0.08,0.065
0,0,,0.92,0.02,0.06
0,0,,0.955,0.0,0.045
0,0,,0.845,0.01,0.145
0,0,,0.77,0.08,0.15
0,0,,0.95,0.04,0.01
0,0,,0.92,0.02,0.06
0,0,,0.96,0.0,0.04
0,0,,0.985,0.0,0.015
0,0,,0.9,0.065,0.035
0,2,,0.415,0.13,0.455
0,0,,0.95,0.04,0.01
0,0,,0.845,0.135,0.02
0,0,,0.55,0.115,0.335
0,0,,0.875,0.055,0.07
0,0,,0.995,0.0,0.005
0,0,,0.95,0.005,0.045
0,0,,0.965,0.0,0.035
0,0,,0.915,0.01,0.075
0,0,,0.91,0.025,0.065
0,0,,0.74,0.16,0.1
0,0,,0.79,0.05,0.16
0,0,,0.955,0.015,0.03
0,0,,0.97,0.01,0.02
0,0,,0.97,0.015,0.015
0,0,,0.94,0.005,0.055
0,0,,0.5,0.145,0.355
0,0,,0.905,0.015,0.08
0,0,,0.935,0.0,0.065
0,0,,0.445,0.14,0.415
0,0,,0.565,0.1,0.335
0,0,,0.895,0.0,0.105
0,0,,0.93,0.02,0.05
0,2,,0.42,0.155,0.425
0,0,,0.96,0.0,0.04
0,0,,0.495,0.13,0.375
0,0,,0.84,0.025,0.135
0,0,,0.94,0.045,0.015
0,0,,0.88,0.055,0.065
0,0,,0.9,0.04,0.06
0,0,,0.46,0.13,0.41
0,0,,0.47,0.18,0.35
0,0,,0.98,0.01,0.01
0,0,,0.985,0.01,0.005
0,0,,0.955,0.01,0.035
0,0,,0.965,0.015,0.02
0,0,,0.975,0.005,0.02
0,0,,0.97,0.0,0.03
0,0,,0.845,0.08,0.075
0,0,,0.88,0.085,0.035
0,0,,0.965,0.01,0.025
0,0,,0.5,0.08,0.42
0,0,,0.99,0.0,0.01
0,0,,0.795,0.025,0.18
0,0,,0.435,0.145,0.42
0,0,,0.91,0.015,0.075
1,1,,0.025,0.965,0.01
1,1,,0.01,0.975,0.015
1,1,,0.03,0.945,0.025
1,1,,0.025,0.955,0.02
1,1,,0.03,0.935,0.035
1,1,,0.015,0.98,0.005
1,1,,0.06,0.865,0.075
1,1,,0.01,0.97,0.02
1,1,,0.015,0.965,0.02
1,1,,0.02,0.955,0.025
1,1,,0.0,1.0,0.0
1,1,,0.07,0.885,0.045
1,1,,0.03,0.945,0.025
1,1,,0.01,0.99,0.0
1,1,,0.005,0.99,0.005
1,1,,0.01,0.99,0.0
1,1,,0.03,0.95,0.02
1,1,,0.005,0.99,0.005
1,1,,0.03,0.925,0.045
1,1,,0.05,0.9,0.05
1,1,,0.03,0.945,0.025
1,1,,0.005,0.975,0.02
1,1,,0.035,0.94,0.025
1,1,,0.02,0.965,0.015
1,1,,0.02,0.97,0.01
1,1,,0.01,0.95,0.04
1,1,,0.01,0.98,0.01
1,1,,0.025,0.94,0.035
1,1,,0.005,0.985,0.01
1,1,,0.03,0.955,0.015
1,1,,0.04,0.91,0.05
1,1,,0.01,0.98,0.01
1,1,,0.025,0.96,0.015
1,1,,0.075,0.83,0.095
1,1,,0.015,0.97,0.015
1,1,,0.01,0.98,0.01
1,1,,0.0,0.99,0.01
1,1,,0.03,0.955,0.015
1,1,,0.1,0.78,0.12
1,1,,0.005,0.99,0.005
1,1,,0.03,0.955,0.015
1,1,,0.025,0.96,0.015
1,1,,0.005,0.995,0.0
1,1,,0.015,0.985,0.0
1,1,,0.005,0.98,0.015
1,1,,0.01,0.99,0.0
1,1,,0.005,0.99,0.005
1,1,,0.03,0.945,0.025
1,1,,0.02,0.975,0.005
1,1,,0.13,0.74,0.13
1,1,,0.015,0.96,0.025
1,1,,0.005,0.98,0.015
1,1,,0.09,0.78,0.13
1,1,,0.015,0.96,0.025
1,1,,0.005,0.99,0.005
1,1,,0.015,0.975,0.01
1,1,,0.005,0.985,0.01
1,1,,0.045,0.92,0.035
1,1,,0.01,0.99,0.0
1,1,,0.05,0.9,0.05
1,1,,0.01,0.98,0.01
1,1,,0.02,0.97,0.01
1,1,,0.03,0.96,0.01
1,1,,0.09,0.845,0.065
1,1,,0.035,0.935,0.03
1,1,,0.025,0.945,0.03
1,1,,0.01,0.935,0.055
1,1,,0.075,0.865,0.06
1,1,,0.005,0.99,0.005
1,1,,0.02,0.965,0.015
1,1,,0.005,0.995,0.0
1,1,,0.045,0.895,0.06
1,1,,0.005,0.995,0.0
1,1,,0.01,0.965,0.025
1,1,,0.0,1.0,0.0
1,1,,0.19,0.665,0.145
1,1,,0.045,0.93,0.025
1,1,,0.005,0.995,0.0
1,1,,0.02,0.955,0.025
1,1,,0.02,0.97,0.01
1,1,,0.04,0.94,0.02
1,1,,0.005,0.99,0.005
1,1,,0.005,0.995,0.0
1,1,,0.035,0.95,0.015
1,1,,0.02,0.94,0.04
1,1,,0.015,0.97,0.015
1,1,,0.055,0.885,0.06
1,1,,0.0,1.0,0.0
1,1,,0.095,0.835,0.07
1,1,,0.025,0.95,0.025
1,1,,0.01,0.99,0.0
1,1,,0.065,0.875,0.06
1,1,,0.065,0.795,0.14
1,1,,0.03,0.965,0.005
1,1,,0.05,0.91,0.04
1,1,,0.105,0.845,0.05
1,1,,0.045,0.945,0.01
1,1,,0.05,0.925,0.025
1,1,,0.01,0.975,0.015
1,1,,0.005,0.98,0.015
1,1,,0.035,0.905,0.06
1,1,,0.015,0.985,0.0
1,1,,0.035,0.955,0.01
1,1,,0.04,0.935,0.025
1,1,,0.02,0.98,0.0
1,1,,0.01,0.975,0.015
1,1,,0.015,0.975,0.01
1,1,,0.025,0.96,0.015
1,1,,0.03,0.96,0.01
1,1,,0.005,0.995,0.0
1,1,,0.01,0.965,0.025
1,1,,0.0,1.0,0.0
1,1,,0.03,0.96,0.01
1,1,,0.02,0.97,0.01
1,1,,0.01,0.97,0.02
1,1,,0.015,0.965,0.02
1,1,,0.01,0.975,0.015
1,1,,0.04,0.945,0.015
1,1,,0.0,1.0,0.0
1,1,,0.025,0.955,0.02
1,1,,0.02,0.97,0.01
1,1,,0.01,0.99,0.0
1,1,,0.045,0.935,0.02
1,1,,0.025,0.965,0.01
1,1,,0.015,0.96,0.025
1,1,,0.035,0.95,0.015
1,1,,0.045,0.905,0.05
1,1,,0.005,0.985,0.01
1,1,,0.045,0.94,0.015
1,1,,0.04,0.925,0.035
1,1,,0.025,0.955,0.02
1,1,,0.01,0.98,0.01
1,1,,0.025,0.97,0.005
1,1,,0.01,0.97,0.02
1,1,,0.015,0.97,0.015
1,1,,0.03,0.94,0.03
1,1,,0.015,0.965,0.02
1,1,,0.0,1.0,0.0
1,1,,0.02,0.97,0.01
1,1,,0.015,0.96,0.025
1,1,,0.02,0.96,0.02
1,1,,0.015,0.965,0.02
1,1,,0.02,0.975,0.005
1,1,,0.01,0.985,0.005
1,1,,0.0,0.995,0.005
1,1,,0.005,0.985,0.01
1,1,,0.025,0.94,0.035
1,1,,0.135,0.745,0.12
1,1,,0.02,0.95,0.03
1,1,,0.055,0.89,0.055
1,1,,0.025,0.96,0.015
1,1,,0.015,0.975,0.01
1,1,,0.03,0.94,0.03
1,1,,0.055,0.88,0.065
1,1,,0.06,0.885,0.055
1,1,,0.03,0.95,0.02
1,1,,0.02,0.97,0.01
1,1,,0.025,0.975,0.0
1,1,,0.0,0.985,0.015
1,1,,0.02,0.955,0.025
1,1,,0.03,0.935,0.035
1,1,,0.01,0.98,0.01
1,1,,0.02,0.955,0.025
1,1,,0.005,0.99,0.005
1,1,,0.015,0.955,0.03
1,1,,0.085,0.875,0.04
1,1,,0.005,0.98,0.015
1,1,,0.145,0.76,0.095
1,1,,0.01,0.975,0.015
1,1,,0.08,0.855,0.065
1,1,,0.03,0.955,0.015
1,1,,0.005,0.99,0.005
1,1,,0.01,0.97,0.02
1,1,,0.01,0.98,0.01
1,1,,0.025,0.945,0.03
1,1,,0.03,0.955,0.015
1,1,,0.025,0.955,0.02
1,1,,0.075,0.875,0.05
1,1,,0.005,0.995,0.0
1,1,,0.025,0.92,0.055
1,1,,0.005,0.99,0.005
1,1,,0.005,0.995,0.0
1,1,,0.0,0.995,0.005
1,1,,0.025,0.95,0.025
1,1,,0.01,0.99,0.0
1,1,,0.005,0.99,0.005
1,1,,0.02,0.97,0.01
1,1,,0.05,0.945,0.005
1,1,,0.035,0.95,0.015
1,1,,0.04,0.93,0.03
1,1,,0.04,0.925,0.035
1,1,,0.025,0.925,0.05
1,1,,0.03,0.955,0.015
1,1,,0.01,0.975,0.015
1,1,,0.02,0.955,0.025
1,1,,0.025,0.945,0.03
1,1,,0.075,0.82,0.105
1,1,,0.015,0.965,0.02
1,1,,0.025,0.965,0.01
1,1,,0.015,0.975,0.01
1,1,,0.025,0.94,0.035
1,1,,0.03,0.925,0.045
1,1,,0.025,0.96,0.015
1,1,,0.005,0.995,0.0
1,1,,0.0,0.995,0.005
1,1,,0.07,0.87,0.06
1,1,,0.01,0.975,0.015
1,1,,0.03,0.96,0.01
1,1,,0.01,0.985,0.005
1,1,,0.025,0.955,0.02
1,1,,0.05,0.87,0.08
1,1,,0.16,0.66,0.18
1,1,,0.025,0.955,0.02
1,1,,0.08,0.875,0.045
1,1,,0.025,0.945,0.03
1,1,,0.095,0.82,0.085
1,1,,0.035,0.935,0.03
1,1,,0.03,0.94,0.03
1,1,,0.055,0.9,0.045
1,1,,0.01,0.975,0.015
1,1,,0.03,0.955,0.015
1,1,,0.03,0.92,0.05
1,1,,0.045,0.95,0.005
1,1,,0.04,0.92,0.04
1,1,,0.015,0.97,0.015
1,1,,0.025,0.965,0.01
1,1,,0.02,0.96,0.02
1,1,,0.025,0.975,0.0
1,1,,0.02,0.95,0.03
1,1,,0.015,0.965,0.02
1,1,,0.015,0.97,0.015
1,1,,0.02,0.955,0.025
1,1,,0.03,0.94,0.03
1,1,,0.055,0.88,0.065
1,1,,0.03,0.945,0.025
1,1,,0.01,0.975,0.015
1,1,,0.03,0.905,0.065
1,1,,0.025,0.94,0.035
1,1,,0.005,0.995,0.0
1,1,,0.025,0.925,0.05
1,1,,0.0,0.995,0.005
1,1,,0.015,0.945,0.04
1,1,,0.005,0.985,0.01
1,1,,0.015,0.965,0.02
1,1,,0.025,0.925,0.05
1,1,,0.03,0.905,0.065
1,1,,0.075,0.88,0.045
1,1,,0.015,0.955,0.03
1,1,,0.025,0.955,0.02
1,1,,0.015,0.98,0.005
1,1,,0.015,0.95,0.035
1,1,,0.01,0.96,0.03
1,1,,0.14,0.755,0.105
1,1,,0.03,0.915,0.055
1,1,,0.03,0.94,0.03
1,1,,0.025,0.96,0.015
1,1,,0.005,0.975,0.02
1,1,,0.03,0.945,0.025
1,1,,0.015,0.955,0.03
1,1,,0.045,0.895,0.06
1,1,,0.025,0.935,0.04
1,1,,0.05,0.92,0.03
1,1,,0.0,1.0,0.0
1,1,,0.035,0.945,0.02
1,1,,0.0,0.995,0.005
1,1,,0.005,0.995,0.0
1,1,,0.025,0.97,0.005
1,1,,0.015,0.965,0.02
1,1,,0.01,0.98,0.01
1,1,,0.035,0.94,0.025
1,1,,0.01,0.98,0.01
1,1,,0.01,0.98,0.01
1,1,,0.02,0.97,0.01
1,1,,0.0,0.995,0.005
1,1,,0.005,0.98,0.015
1,1,,0.015,0.97,0.015
1,1,,0.03,0.94,0.03
1,1,,0.02,0.97,0.01
1,1,,0.02,0.96,0.02
1,1,,0.01,0.975,0.015
1,1,,0.05,0.91,0.04
1,1,,0.01,0.985,0.005
1,1,,0.015,0.975,0.01
1,1,,0.065,0.835,0.1
1,1,,0.01,0.98,0.01
1,1,,0.08,0.855,0.065
1,1,,0.015,0.97,0.015
1,1,,0.005,0.985,0.01
1,1,,0.025,0.915,0.06
1,1,,0.025,0.96,0.015
1,1,,0.075,0.875,0.05
1,1,,0.03,0.945,0.025
1,1,,0.025,0.95,0.025
1,1,,0.01,0.985,0.005
1,1,,0.045,0.92,0.035
1,1,,0.025,0.965,0.01
1,1,,0.005,0.975,0.02
1,1,,0.05,0.885,0.065
2,2,,0.045,0.01,0.945
2,2,,0.305,0.035,0.66
2,2,,0.045,0.0,0.955
2,2,,0.085,0.01,0.905
2,2,,0.05,0.015,0.935
2,2,,0.325,0.065,0.61
2,2,,0.04,0.035,0.925
2,2,,0.045,0.415,0.54
2,2,,0.345,0.045,0.61
2,2,,0.14,0.275,0.585
2,2,,0.07,0.105,0.825
2,2,,0.065,0.035,0.9
2,2,,0.055,0.265,0.68
2,2,,0.055,0.0,0.945
2,2,,0.015,0.005,0.98
2,2,,0.045,0.075,0.88
2,2,,0.255,0.045,0.7
2,2,,0.025,0.105,0.87
2,2,,0.285,0.075,0.64
2,2,,0.31,0.055,0.635
2,2,,0.085,0.105,0.81
2,2,,0.235,0.015,0.75
2,2,,0.185,0.0,0.815
2,2,,0.055,0.02,0.925
2,2,,0.1,0.045,0.855
2,2,,0.025,0.055,0.92
2,2,,0.035,0.05,0.915
2,2,,0.41,0.025,0.565
2,2,,0.135,0.015,0.85
2,2,,0.215,0.035,0.75
2,2,,0.245,0.03,0.725
2,2,,0.37,0.04,0.59
2,2,,0.105,0.03,0.865
2,2,,0.055,0.115,0.83
2,2,,0.07,0.31,0.62
2,2,,0.045,0.0,0.955
2,2,,0.075,0.015,0.91
2,2,,0.02,0.055,0.925
2,2,,0.175,0.03,0.795
2,2,,0.155,0.025,0.82
2,2,,0.02,0.055,0.925
2,2,,0.06,0.055,0.885
2,2,,0.07,0.355,0.575
2,2,,0.04,0.005,0.955
2,2,,0.205,0.015,0.78
2,2,,0.345,0.015,0.64
2,2,,0.105,0.03,0.865
2,2,,0.01,0.27,0.72
2,2,,0.035,0.08,0.885
2,2,,0.44,0.035,0.525
2,2,,0.125,0.0,0.875
2,2,,0.41,0.105,0.485
2,2,,0.155,0.02,0.825
2,2,,0.165,0.01,0.825
2,2,,0.305,0.0,0.695
2,2,,0.125,0.03,0.845
2,2,,0.06,0.015,0.925
2,2,,0.27,0.0,0.73
2,2,,0.3,0.01,0.69
2,2,,0.13,0.0,0.87
2,2,,0.035,0.15,0.815
2,2,,0.05,0.0,0.95
2,2,,0.04,0.205,0.755
2,2,,0.34,0.045,0.615
2,2,,0.205,0.015,0.78
2,2,,0.14,0.005,0.855
2,2,,0.0,0.03,0.97
2,2,,0.09,0.005,0.905
2,2,,0.03,0.04,0.93
2,2,,0.065,0.02,0.915
2,2,,0.005,0.14,0.855
2,2,,0.225,0.035,0.74
2,2,,0.1,0.005,0.895
2,2,,0.03,0.01,0.96
2,2,,0.03,0.23,0.74
2,1,,0.09,0.455,0.455
2,2,,0.275,0.015,0.71
2,2,,0.09,0.0,0.91
2,2,,0.09,0.02,0.89
2,2,,0.03,0.035,0.935
2,2,,0.22,0.01,0.77
2,2,,0.38,0.035,0.585
2,2,,0.04,0.03,0.93
2,2,,0.02,0.025,0.955
2,2,,0.19,0.0,0.81
2,2,,0.43,0.04,0.53
2,2,,0.24,0.045,0.715
2,2,,0.22,0.025,0.755
2,2,,0.065,0.0,0.935
2,2,,0.17,0.015,0.815
2,2,,0.05,0.055,0.895
2,2,,0.04,0.005,0.955
2,2,,0.02,0.165,0.815
2,2,,0.25,0.01,0.74
2,2,,0.15,0.0,0.85
2,2,,0.35,0.025,0.625
2,2,,0.17,0.0,0.83
2,2,,0.105,0.0,0.895
2,2,,0.08,0.13,0.79
2,2,,0.04,0.095,0.865
2,2,,0.3,0.0,0.7
2,2,,0.02,0.18,0.8
2,2,,0.025,0.15,0.825
2,2,,0.075,0.325,0.6
2,2,,0.05,0.07,0.88
2,2,,0.31,0.03,0.66
2,2,,0.04,0.05,0.91
2,2,,0.025,0.0,0.975
2,2,,0.05,0.02,0.93
2,2,,0.035,0.3,0.665
2,2,,0.14,0.005,0.855
2,2,,0.1,0.005,0.895
2,2,,0.145,0.0,0.855
2,2,,0.12,0.01,0.87
2,2,,0.025,0.0,0.975
2,2,,0.365,0.025,0.61
2,2,,0.065,0.0,0.935
2,2,,0.245,0.025,0.73
2,2,,0.04,0.01,0.95
2,2,,0.255,0.01,0.735
2,2,,0.15,0.02,0.83
2,2,,0.155,0.015,0.83
2,2,,0.285,0.125,0.59
2,2,,0.04,0.34,0.62
2,2,,0.055,0.0,0.945
2,2,,0.04,0.44,0.52
2,0,,0.47,0.08,0.45
2,2,,0.095,0.02,0.885
2,2,,0.07,0.005,0.925
2,2,,0.06,0.005,0.935
2,2,,0.065,0.005,0.93
2,2,,0.02,0.35,0.63
2,2,,0.055,0.0,0.945
2,2,,0.27,0.0,0.73
2,2,,0.34,0.03,0.63
2,2,,0.225,0.02,0.755
2,2,,0.235,0.005,0.76
2,2,,0.26,0.2,0.54
2,2,,0.1,0.0,0.9
2,2,,0.02,0.055,0.925
2,2,,0.42,0.02,0.56
2,0,,0.575,0.025,0.4
2,2,,0.04,0.0,0.96
2,2,,0.125,0.005,0.87
2,2,,0.265,0.015,0.72
2,2,,0.335,0.025,0.64
2,2,,0.065,0.155,0.78
2,2,,0.05,0.105,0.845
2,2,,0.075,0.0,0.925
2,2,,0.19,0.005,0.805
2,2,,0.32,0.05,0.63
2,2,,0.13,0.07,0.8
2,2,,0.075,0.015,0.91
2,2,,0.085,0.02,0.895
2,2,,0.275,0.035,0.69
2,2,,0.165,0.03,0.805
2,2,,0.25,0.01,0.74
2,2,,0.08,0.03,0.89
2,2,,0.055,0.41,0.535
2,2,,0.155,0.02,0.825
2,2,,0.05,0.0,0.95
2,2,,0.03,0.055,0.915
2,2,,0.01,0.01,0.98
2,2,,0.185,0.05,0.765
2,2,,0.105,0.0,0.895
2,2,,0.4,0.035,0.565
2,2,,0.1,0.005,0.895
2,2,,0.09,0.005,0.905
2,2,,0.11,0.0,0.89
2,2,,0.09,0.0,0.91
2,2,,0.09,0.02,0.89
2,2,,0.06,0.01,0.93
2,2,,0.14,0.16,0.7
2,2,,0.055,0.005,0.94
2,2,,0.13,0.24,0.63
2,2,,0.04,0.0,0.96
2,2,,0.12,0.03,0.85
2,2,,0.05,0.1,0.85
2,2,,0.05,0.015,0.935
2,2,,0.095,0.035,0.87
2,2,,0.07,0.005,0.925
2,2,,0.02,0.0,0.98
2,2,,0.045,0.02,0.935
2,2,,0.105,0.045,0.85
2,2,,0.29,0.01,0.7
2,2,,0.015,0.02,0.965
2,2,,0.355,0.01,0.635
2,2,,0.04,0.055,0.905
2,2,,0.14,0.005,0.855
2,2,,0.3,0.04,0.66
2,2,,0.12,0.02,0.86
2,2,,0.04,0.005,0.955
2,2,,0.105,0.03,0.865
2,2,,0.15,0.08,0.77
2,2,,0.065,0.05,0.885
2,2,,0.335,0.04,0.625
2,2,,0.065,0.015,0.92
2,2,,0.02,0.07,0.91
2,2,,0.01,0.005,0.985
2,2,,0.395,0.02,0.585
2,2,,0.135,0.03,0.835
2,2,,0.035,0.27,0.695
2,2,,0.135,0.025,0.84
2,2,,0.04,0.055,0.905
2,2,,0.34,0.015,0.645
2,2,,0.275,0.005,0.72
2,2,,0.105,0.0,0.895
2,2,,0.345,0.035,0.62
2,2,,0.025,0.035,0.94
2,2,,0.0,0.005,0.995
2,2,,0.055,0.0,0.945
2,2,,0.02,0.02,0.96
2,2,,0.31,0.035,0.655
2,2,,0.155,0.01,0.835
2,2,,0.145,0.005,0.85
2,2,,0.03,0.025,0.945
2,2,,0.205,0.07,0.725
2,2,,0.03,0.33,0.64
2,2,,0.315,0.015,0.67
2,2,,0.305,0.03,0.665
2,2,,0.05,0.285,0.665
2,2,,0.355,0.08,0.565
2,2,,0.375,0.01,0.615
2,2,,0.05,0.105,0.845
2,2,,0.03,0.055,0.915
2,2,,0.12,0.0,0.88
2,2,,0.165,0.02,0.815
2,2,,0.415,0.0,0.585
2,2,,0.2,0.0,0.8
2,2,,0.24,0.06,0.7
2,2,,0.24,0.015,0.745
2,2,,0.24,0.0,0.76
2,2,,0.05,0.12,0.83
2,2,,0.2,0.035,0.765
2,2,,0.02,0.0,0.98
2,2,,0.075,0.025,0.9
2,2,,0.04,0.025,0.935
2,2,,0.08,0.005,0.915
2,2,,0.09,0.265,0.645
2,2,,0.245,0.14,0.615
2,2,,0.28,0.005,0.715
2,2,,0.1,0.215,0.685
2,2,,0.025,0.075,0.9
2,2,,0.135,0.025,0.84
2,2,,0.045,0.05,0.905
2,2,,0.205,0.0,0.795
2,2,,0.12,0.165,0.715
2,2,,0.155,0.005,0.84
2,2,,0.02,0.025,0.955
2,2,,0.055,0.195,0.75
2,2,,0.15,0.0,0.85
2,2,,0.03,0.03,0.94
2,2,,0.05,0.005,0.945
2,2,,0.07,0.0,0.93
2,2,,0.01,0.2,0.79
2,2,,0.045,0.245,0.71
2,2,,0.04,0.03,0.93
2,2,,0.36,0.005,0.635
2,2,,0.04,0.005,0.955
2,2,,0.095,0.125,0.78
2,2,,0.07,0.0,0.93
2,2,,0.3,0.005,0.695
2,2,,0.165,0.02,0.815
2,2,,0.015,0.005,0.98
2,2,,0.125,0.005,0.87
2,2,,0.35,0.005,0.645
2,2,,0.17,0.02,0.81
2,2,,0.135,0.025,0.84
2,2,,0.42,0.035,0.545
2,2,,0.19,0.01,0.8
2,2,,0.08,0.01,0.91
2,2,,0.145,0.015,0.84
2,0,,0.49,0.04,0.47
2,2,,0.12,0.2,0.68
2,2,,0.055,0.015,0.93
2,2,,0.31,0.075,0.615
2,2,,0.01,0.04,0.95
2,2,,0.085,0.04,0.875
2,2,,0.02,0.34,0.64
2,2,,0.05,0.005,0.945
2,2,,0.06,0.015,0.925
2,2,,0.05,0.155,0.795
2,2,,0.005,0.135,0.86
2,2,,0.16,0.03,0.81
2,2,,0.045,0.315,0.64
2,2,,0.025,0.255,0.72
2,2,,0.04,0.05,0.91
2,2,,0.135,0.025,0.84
2,2,,0.015,0.21,0.775
2,2,,0.085,0.01,0.905
2,2,,0.075,0.01,0.915
2,2,,0.275,0.075,0.65
2,2,,0.17,0.02,0.81
2,2,,0.12,0.08,0.8
2,2,,0.035,0.025,0.94
2,2,,0.09,0.275,0.635
2,2,,0.01,0.005,0.985
2,2,,0.115,0.01,0.875
2,2,,0.075,0.005,0.92
2,2,,0.025,0.01,0.965
2,2,,0.05,0.005,0.945
2,2,,0.29,0.02,0.69
