Adiac,rstc,TEST,4,MILLISECONDS,Generated by run_classification_experiment on 08/13/2024, 18:41:22. Encoder dictionary: {'1': 0, '10': 1, '11': 2, '12': 3, '13': 4, '14': 5, '15': 6, '16': 7, '17': 8, '18': 9, '19': 10, '2': 11, '20': 12, '21': 13, '22': 14, '23': 15, '24': 16, '25': 17, '26': 18, '27': 19, '28': 20, '29': 21, '3': 22, '30': 23, '31': 24, '32': 25, '33': 26, '34': 27, '35': 28, '36': 29, '37': 30, '4': 31, '5': 32, '6': 33, '7': 34, '8': 35, '9': 36}
{'batch_size': 100, 'contract_max_n_shapelet_samples': inf, 'estimator': None, 'max_shapelet_length': None, 'max_shapelets': None, 'n_jobs': 1, 'n_shapelet_samples': 5000, 'random_state': 4, 'shapelet_quality': 'Kolmogorov', 'time_limit_in_minutes': 0, 'transform_limit_in_minutes': 0}
0.7749360613810742,308694,11692,-1,95002624,37,N/A,-1,-1
0,0,,0.67,0.0,0.005,0.0,0.06,0.0,0.01,0.0,0.01,0.0,0.0,0.0,0.015,0.1,0.045,0.02,0.0,0.0,0.0,0.0,0.015,0.01,0.0,0.0,0.01,0.0,0.01,0.0,0.0,0.0,0.0,0.0,0.0,0.0,0.0,0.02,0.0
0,0,,0.785,0.0,0.01,0.0,0.01,0.0,0.045,0.0,0.0,0.0,0.0,0.0,0.0,0.035,0.0,0.005,0.0,0.0,0.0,0.0,0.025,0.0,0.0,0.0,0.07,0.0,0.015,0.0,0.0,0.0,0.0,0.0,0.0,0.0,0.0,0.0,0.0
0,0,,0.92,0.0,0.005,0.0,0.01,0.005,0.0,0.0,0.0,0.0,0.0,0.0,0.01,0.0,0.01,0.0,0.0,0.0,0.0,0.0,0.015,0.0,0.0,0.0,0.015,0.0,0.005,0.0,0.0,0.0,0.005,0.0,0.0,0.0,0.0,0.0,0.0
0,0,,0.695,0.0,0.025,0.0,0.06,0.01,0.02,0.0,0.005,0.0,0.0,0.0,0.01,0.085,0.0,0.005,0.0,0.0,0.0,0.0,0.015,0.005,0.0,0.0,0.03,0.0,0.02,0.0,0.0,0.0,0.0,0.0,0.0,0.0,0.0,0.015,0.0
0,0,,0.675,0.0,0.01,0.0,0.01,0.0,0.085,0.0,0.005,0.0,0.0,0.0,0.02,0.08,0.015,0.0,0.0,0.0,0.0,0.0,0.035,0.0,0.0,0.0,0.065,0.0,0.0,0.0,0.0,0.0,0.0,0.0,0.0,0.0,0.0,0.0,0.0
0,0,,0.785,0.0,0.01,0.0,0.01,0.0,0.075,0.0,0.0,0.0,0.0,0.0,0.0,0.01,0.025,0.015,0.0,0.0,0.0,0.0,0.015,0.0,0.0,0.0,0.03,0.0,0.025,0.0,0.0,0.0,0.0,0.0,0.0,0.0,0.0,0.0,0.0
0,0,,0.73,0.0,0.0,0.0,0.0,0.0,0.13,0.0,0.005,0.0,0.0,0.0,0.005,0.025,0.015,0.0,0.0,0.0,0.0,0.0,0.02,0.0,0.0,0.0,0.045,0.0,0.02,0.005,0.0,0.0,0.0,0.0,0.0,0.0,0.0,0.0,0.0
1,1,,0.0,0.935,0.005,0.005,0.0,0.0,0.0,0.0,0.005,0.0,0.0,0.04,0.0,0.0,0.0,0.0,0.0,0.0,0.0,0.0,0.0,0.0,0.0,0.0,0.0,0.0,0.005,0.0,0.0,0.0,0.0,0.0,0.0,0.0,0.0,0.005,0.0
1,1,,0.005,0.48,0.07,0.005,0.005,0.0,0.0,0.0,0.005,0.015,0.005,0.225,0.0,0.0,0.0,0.01,0.0,0.0,0.0,0.005,0.0,0.0,0.01,0.0,0.0,0.0,0.015,0.0,0.015,0.015,0.0,0.07,0.0,0.01,0.0,0.03,0.005
1,1,,0.0,0.81,0.01,0.0,0.005,0.0,0.0,0.0,0.0,0.005,0.0,0.025,0.0,0.035,0.0,0.01,0.0,0.005,0.005,0.0,0.0,0.0,0.005,0.0,0.01,0.0,0.005,0.0,0.0,0.0,0.0,0.05,0.005,0.005,0.0,0.01,0.0
1,1,,0.0,0.905,0.0,0.01,0.005,0.0,0.0,0.0,0.005,0.0,0.0,0.04,0.0,0.0,0.0,0.0,0.0,0.0,0.01,0.0,0.0,0.0,0.0,0.0,0.0,0.0,0.0,0.0,0.0,0.0,0.0,0.02,0.0,0.0,0.0,0.005,0.0
1,1,,0.0,0.635,0.015,0.0,0.005,0.0,0.0,0.0,0.005,0.01,0.01,0.245,0.0,0.0,0.0,0.0,0.0,0.0,0.005,0.0,0.0,0.0,0.005,0.0,0.0,0.0,0.0,0.0,0.005,0.015,0.0,0.035,0.0,0.0,0.0,0.01,0.0
1,1,,0.0,0.555,0.03,0.005,0.01,0.0,0.0,0.0,0.005,0.025,0.0,0.195,0.005,0.04,0.0,0.0,0.0,0.005,0.015,0.0,0.0,0.0,0.02,0.0,0.01,0.0,0.005,0.0,0.0,0.0,0.0,0.06,0.0,0.0,0.005,0.01,0.0
1,11,,0.005,0.32,0.0,0.0,0.0,0.0,0.0,0.0,0.0,0.01,0.0,0.525,0.0,0.0,0.0,0.0,0.0,0.005,0.005,0.0,0.0,0.0,0.01,0.0,0.0,0.0,0.0,0.0,0.0,0.0,0.0,0.12,0.0,0.0,0.0,0.0,0.0
1,1,,0.0,0.755,0.02,0.0,0.01,0.0,0.005,0.0,0.0,0.015,0.01,0.035,0.0,0.025,0.005,0.005,0.0,0.0,0.0,0.005,0.0,0.0,0.01,0.0,0.005,0.005,0.0,0.0,0.005,0.0,0.0,0.075,0.0,0.005,0.0,0.005,0.0
1,1,,0.005,0.595,0.005,0.0,0.0,0.0,0.0,0.0,0.0,0.005,0.0,0.29,0.0,0.0,0.0,0.0,0.0,0.0,0.005,0.0,0.0,0.0,0.0,0.0,0.0,0.0,0.0,0.0,0.0,0.0,0.0,0.09,0.0,0.0,0.0,0.005,0.0
2,2,,0.075,0.0,0.355,0.01,0.045,0.01,0.01,0.015,0.01,0.0,0.0,0.0,0.025,0.045,0.045,0.01,0.0,0.0,0.005,0.0,0.015,0.0,0.005,0.0,0.015,0.02,0.05,0.0,0.0,0.0,0.02,0.0,0.005,0.0,0.0,0.21,0.0
2,2,,0.075,0.0,0.485,0.005,0.015,0.005,0.005,0.01,0.015,0.005,0.0,0.0,0.02,0.075,0.05,0.02,0.0,0.0,0.0,0.0,0.0,0.0,0.005,0.0,0.0,0.01,0.03,0.0,0.0,0.0,0.005,0.0,0.0,0.0,0.0,0.165,0.0
2,2,,0.025,0.005,0.38,0.01,0.04,0.005,0.0,0.005,0.0,0.005,0.0,0.0,0.025,0.05,0.025,0.005,0.005,0.0,0.015,0.0,0.005,0.0,0.0,0.0,0.005,0.03,0.02,0.0,0.0,0.0,0.01,0.01,0.005,0.0,0.0,0.315,0.0
2,2,,0.0,0.01,0.865,0.01,0.0,0.005,0.005,0.0,0.005,0.0,0.0,0.0,0.005,0.005,0.005,0.005,0.0,0.0,0.02,0.0,0.0,0.005,0.01,0.0,0.005,0.0,0.0,0.0,0.005,0.015,0.0,0.005,0.0,0.0,0.005,0.0,0.01
2,2,,0.01,0.005,0.785,0.0,0.005,0.005,0.005,0.01,0.0,0.005,0.0,0.0,0.005,0.0,0.005,0.0,0.0,0.0,0.0,0.0,0.0,0.0,0.0,0.0,0.0,0.01,0.0,0.0,0.0,0.005,0.0,0.005,0.005,0.0,0.0,0.135,0.0
2,2,,0.0,0.005,0.905,0.0,0.0,0.005,0.0,0.005,0.0,0.0,0.005,0.0,0.0,0.0,0.005,0.0,0.0,0.0,0.0,0.0,0.0,0.0,0.005,0.0,0.0,0.005,0.005,0.0,0.0,0.0,0.0,0.0,0.0,0.0,0.0,0.055,0.0
2,2,,0.105,0.0,0.315,0.01,0.025,0.0,0.015,0.0,0.0,0.005,0.0,0.0,0.03,0.035,0.05,0.005,0.0,0.0,0.015,0.0,0.02,0.0,0.0,0.0,0.01,0.025,0.02,0.0,0.0,0.0,0.025,0.005,0.005,0.0,0.005,0.275,0.0
2,2,,0.005,0.005,0.86,0.0,0.005,0.005,0.0,0.01,0.015,0.005,0.005,0.0,0.005,0.01,0.005,0.005,0.0,0.0,0.005,0.0,0.0,0.0,0.01,0.0,0.0,0.0,0.01,0.0,0.0,0.0,0.0,0.0,0.005,0.0,0.0,0.03,0.0
2,2,,0.02,0.0,0.675,0.01,0.01,0.0,0.035,0.015,0.025,0.0,0.0,0.0,0.005,0.005,0.02,0.01,0.0,0.0,0.005,0.0,0.005,0.005,0.005,0.0,0.01,0.0,0.03,0.0,0.0,0.0,0.005,0.0,0.0,0.0,0.0,0.105,0.0
2,2,,0.0,0.005,0.92,0.0,0.0,0.005,0.0,0.0,0.0,0.01,0.005,0.0,0.0,0.0,0.0,0.0,0.0,0.0,0.015,0.0,0.0,0.0,0.005,0.0,0.0,0.0,0.01,0.0,0.015,0.0,0.0,0.0,0.0,0.005,0.0,0.0,0.005
3,3,,0.0,0.0,0.0,0.715,0.0,0.0,0.0,0.015,0.005,0.0,0.0,0.0,0.0,0.0,0.0,0.0,0.0,0.0,0.01,0.0,0.0,0.0,0.005,0.0,0.0,0.0,0.0,0.0,0.0,0.245,0.0,0.0,0.0,0.0,0.0,0.005,0.0
3,3,,0.0,0.005,0.0,0.925,0.0,0.005,0.0,0.005,0.01,0.0,0.0,0.0,0.02,0.015,0.0,0.005,0.0,0.0,0.0,0.0,0.0,0.0,0.005,0.0,0.0,0.0,0.0,0.0,0.0,0.0,0.0,0.0,0.0,0.0,0.0,0.005,0.0
3,3,,0.0,0.0,0.0,0.865,0.0,0.0,0.0,0.01,0.0,0.005,0.0,0.0,0.015,0.0,0.0,0.0,0.0,0.0,0.005,0.0,0.0,0.0,0.0,0.0,0.0,0.0,0.0,0.0,0.0,0.095,0.0,0.0,0.0,0.0,0.0,0.005,0.0
3,3,,0.0,0.0,0.0,0.955,0.0,0.0,0.0,0.035,0.0,0.0,0.0,0.0,0.005,0.005,0.0,0.0,0.0,0.0,0.0,0.0,0.0,0.0,0.0,0.0,0.0,0.0,0.0,0.0,0.0,0.0,0.0,0.0,0.0,0.0,0.0,0.0,0.0
3,3,,0.0,0.0,0.0,0.83,0.0,0.0,0.0,0.02,0.0,0.0,0.0,0.0,0.005,0.0,0.005,0.0,0.0,0.0,0.0,0.0,0.0,0.0,0.005,0.0,0.0,0.0,0.0,0.0,0.0,0.135,0.0,0.0,0.0,0.0,0.0,0.0,0.0
3,3,,0.005,0.01,0.015,0.73,0.015,0.0,0.0,0.0,0.01,0.0,0.0,0.0,0.09,0.08,0.005,0.01,0.0,0.0,0.0,0.0,0.0,0.0,0.0,0.0,0.0,0.0,0.0,0.0,0.0,0.005,0.0,0.0,0.0,0.0,0.01,0.015,0.0
3,3,,0.0,0.0,0.0,0.935,0.0,0.0,0.0,0.025,0.0,0.005,0.0,0.0,0.005,0.01,0.0,0.0,0.0,0.0,0.0,0.0,0.005,0.0,0.0,0.0,0.0,0.0,0.0,0.0,0.0,0.015,0.0,0.0,0.0,0.0,0.0,0.0,0.0
3,3,,0.0,0.0,0.005,0.935,0.0,0.0,0.0,0.055,0.0,0.0,0.0,0.0,0.0,0.0,0.0,0.0,0.0,0.0,0.0,0.0,0.0,0.0,0.0,0.0,0.0,0.0,0.0,0.0,0.0,0.005,0.0,0.0,0.0,0.0,0.0,0.0,0.0
3,3,,0.0,0.015,0.02,0.915,0.005,0.0,0.0,0.005,0.0,0.0,0.0,0.0,0.015,0.005,0.005,0.0,0.0,0.0,0.005,0.0,0.0,0.0,0.0,0.0,0.0,0.0,0.005,0.0,0.0,0.0,0.0,0.0,0.0,0.0,0.0,0.005,0.0
3,3,,0.0,0.005,0.0,0.73,0.0,0.0,0.0,0.045,0.005,0.0,0.0,0.0,0.0,0.0,0.0,0.0,0.0,0.0,0.0,0.0,0.005,0.0,0.0,0.0,0.0,0.0,0.0,0.0,0.0,0.21,0.0,0.0,0.0,0.0,0.0,0.0,0.0
3,3,,0.0,0.005,0.025,0.86,0.005,0.005,0.0,0.045,0.0,0.0,0.0,0.0,0.025,0.01,0.005,0.0,0.0,0.0,0.0,0.0,0.0,0.0,0.0,0.0,0.0,0.0,0.0,0.0,0.0,0.01,0.0,0.0,0.0,0.0,0.0,0.005,0.0
3,3,,0.0,0.0,0.0,0.8,0.0,0.0,0.0,0.09,0.0,0.0,0.0,0.0,0.0,0.0,0.0,0.0,0.0,0.0,0.0,0.0,0.0,0.0,0.005,0.0,0.005,0.0,0.0,0.0,0.0,0.095,0.0,0.0,0.0,0.0,0.0,0.005,0.0
3,3,,0.0,0.0,0.0,0.955,0.0,0.0,0.0,0.03,0.0,0.0,0.0,0.0,0.005,0.0,0.0,0.0,0.0,0.0,0.0,0.0,0.0,0.0,0.0,0.0,0.0,0.0,0.0,0.0,0.0,0.0,0.0,0.0,0.0,0.0,0.0,0.01,0.0
3,29,,0.0,0.01,0.0,0.105,0.005,0.0,0.0,0.01,0.0,0.0,0.0,0.0,0.005,0.0,0.005,0.005,0.0,0.0,0.0,0.0,0.0,0.0,0.0,0.0,0.0,0.0,0.0,0.0,0.0,0.845,0.0,0.005,0.0,0.0,0.0,0.005,0.0
4,4,,0.1,0.005,0.04,0.0,0.335,0.0,0.0,0.0,0.005,0.01,0.0,0.0,0.045,0.11,0.02,0.015,0.0,0.005,0.05,0.0,0.025,0.005,0.015,0.005,0.11,0.0,0.01,0.0,0.0,0.0,0.0,0.01,0.0,0.0,0.005,0.075,0.0
4,4,,0.07,0.005,0.03,0.0,0.39,0.01,0.0,0.0,0.005,0.04,0.0,0.0,0.035,0.11,0.015,0.035,0.0,0.0,0.08,0.0,0.005,0.0,0.01,0.005,0.015,0.015,0.02,0.0,0.0,0.0,0.0,0.005,0.0,0.0,0.005,0.095,0.0
4,0,,0.33,0.0,0.07,0.0,0.21,0.005,0.005,0.0,0.0,0.025,0.0,0.0,0.02,0.015,0.045,0.01,0.0,0.005,0.06,0.0,0.015,0.0,0.005,0.005,0.025,0.01,0.03,0.0,0.0,0.0,0.0,0.005,0.0,0.0,0.005,0.1,0.0
4,31,,0.0,0.05,0.0,0.0,0.03,0.0,0.0,0.0,0.0,0.13,0.005,0.0,0.025,0.14,0.015,0.03,0.0,0.0,0.16,0.0,0.0,0.0,0.015,0.005,0.01,0.025,0.01,0.0,0.0,0.005,0.0,0.245,0.0,0.0,0.01,0.09,0.0
4,4,,0.11,0.005,0.015,0.005,0.495,0.0,0.025,0.0,0.01,0.0,0.0,0.0,0.04,0.085,0.015,0.09,0.0,0.0,0.005,0.0,0.015,0.0,0.0,0.0,0.04,0.005,0.0,0.0,0.0,0.0,0.0,0.005,0.0,0.0,0.0,0.035,0.0
4,0,,0.68,0.0,0.005,0.0,0.045,0.0,0.03,0.0,0.005,0.0,0.0,0.0,0.02,0.04,0.025,0.01,0.0,0.0,0.015,0.0,0.01,0.0,0.0,0.0,0.04,0.005,0.015,0.0,0.0,0.0,0.005,0.0,0.0,0.0,0.0,0.05,0.0
4,4,,0.035,0.0,0.02,0.0,0.76,0.0,0.01,0.0,0.0,0.0,0.0,0.0,0.02,0.035,0.015,0.025,0.0,0.0,0.005,0.0,0.0,0.0,0.005,0.0,0.03,0.005,0.0,0.0,0.0,0.0,0.0,0.0,0.0,0.0,0.0,0.035,0.0
4,0,,0.25,0.005,0.075,0.005,0.15,0.005,0.0,0.0,0.0,0.025,0.0,0.0,0.015,0.05,0.04,0.025,0.0,0.005,0.1,0.0,0.015,0.005,0.02,0.0,0.045,0.0,0.035,0.0,0.0,0.0,0.0,0.015,0.005,0.0,0.01,0.1,0.0
4,4,,0.215,0.01,0.02,0.0,0.465,0.0,0.04,0.005,0.025,0.0,0.0,0.0,0.01,0.03,0.045,0.01,0.0,0.0,0.0,0.0,0.0,0.0,0.0,0.0,0.03,0.0,0.01,0.0,0.0,0.0,0.0,0.01,0.0,0.0,0.0,0.075,0.0
4,4,,0.265,0.01,0.025,0.0,0.485,0.0,0.015,0.0,0.015,0.0,0.0,0.0,0.01,0.065,0.015,0.02,0.0,0.0,0.005,0.0,0.005,0.0,0.0,0.0,0.025,0.0,0.015,0.0,0.0,0.0,0.0,0.005,0.0,0.0,0.0,0.02,0.0
4,4,,0.175,0.0,0.02,0.0,0.48,0.0,0.01,0.0,0.02,0.0,0.0,0.0,0.035,0.105,0.03,0.025,0.0,0.0,0.0,0.0,0.015,0.005,0.0,0.0,0.03,0.0,0.005,0.0,0.0,0.0,0.0,0.0,0.0,0.0,0.0,0.045,0.0
4,4,,0.03,0.04,0.035,0.015,0.555,0.0,0.02,0.0,0.01,0.005,0.0,0.0,0.0,0.12,0.01,0.04,0.0,0.0,0.015,0.0,0.005,0.0,0.0,0.0,0.03,0.0,0.0,0.0,0.0,0.0,0.0,0.0,0.0,0.01,0.005,0.055,0.0
4,4,,0.03,0.005,0.005,0.0,0.635,0.0,0.005,0.0,0.005,0.005,0.0,0.0,0.01,0.125,0.005,0.025,0.0,0.0,0.005,0.0,0.0,0.0,0.015,0.0,0.04,0.0,0.005,0.0,0.0,0.0,0.0,0.015,0.0,0.0,0.0,0.065,0.0
4,4,,0.125,0.005,0.02,0.0,0.505,0.0,0.0,0.0,0.01,0.01,0.0,0.0,0.015,0.17,0.01,0.035,0.0,0.0,0.025,0.0,0.01,0.0,0.005,0.0,0.02,0.0,0.005,0.0,0.0,0.0,0.0,0.005,0.0,0.0,0.0,0.025,0.0
5,5,,0.0,0.0,0.0,0.0,0.0,0.86,0.0,0.0,0.0,0.0,0.025,0.0,0.005,0.0,0.005,0.0,0.0,0.0,0.0,0.0,0.0,0.0,0.0,0.03,0.0,0.0,0.0,0.0,0.01,0.0,0.0,0.005,0.0,0.05,0.0,0.01,0.0
5,5,,0.0,0.0,0.005,0.0,0.0,0.92,0.0,0.0,0.0,0.0,0.025,0.0,0.0,0.0,0.0,0.0,0.0,0.01,0.005,0.0,0.0,0.005,0.0,0.01,0.0,0.0,0.005,0.0,0.0,0.0,0.0,0.0,0.005,0.01,0.0,0.0,0.0
5,5,,0.005,0.0,0.0,0.0,0.0,0.905,0.0,0.0,0.005,0.0,0.025,0.0,0.0,0.0,0.005,0.0,0.0,0.0,0.0,0.0,0.0,0.005,0.0,0.015,0.0,0.0,0.0,0.0,0.005,0.01,0.0,0.0,0.005,0.01,0.0,0.005,0.0
5,5,,0.0,0.0,0.0,0.0,0.0,0.96,0.0,0.0,0.0,0.0,0.01,0.0,0.0,0.0,0.0,0.0,0.0,0.005,0.0,0.0,0.005,0.005,0.005,0.005,0.0,0.0,0.0,0.0,0.0,0.0,0.0,0.0,0.0,0.005,0.0,0.0,0.0
5,5,,0.0,0.0,0.005,0.0,0.0,0.335,0.0,0.0,0.0,0.0,0.0,0.005,0.0,0.0,0.01,0.01,0.28,0.005,0.0,0.0,0.0,0.01,0.0,0.005,0.0,0.0,0.325,0.005,0.005,0.0,0.0,0.0,0.0,0.0,0.0,0.0,0.0
5,5,,0.0,0.005,0.015,0.0,0.005,0.7,0.0,0.0,0.0,0.0,0.005,0.0,0.0,0.005,0.015,0.0,0.075,0.0,0.0,0.0,0.0,0.005,0.0,0.015,0.005,0.005,0.085,0.0,0.005,0.0,0.0,0.0,0.01,0.035,0.01,0.0,0.0
5,5,,0.005,0.005,0.01,0.0,0.0,0.88,0.0,0.0,0.005,0.0,0.02,0.0,0.0,0.0,0.005,0.0,0.0,0.005,0.005,0.0,0.0,0.0,0.0,0.01,0.0,0.005,0.005,0.005,0.01,0.005,0.0,0.0,0.005,0.005,0.0,0.005,0.005
5,5,,0.005,0.0,0.015,0.0,0.0,0.87,0.0,0.005,0.005,0.005,0.015,0.0,0.0,0.0,0.005,0.005,0.0,0.01,0.0,0.0,0.005,0.0,0.0,0.005,0.0,0.0,0.005,0.0,0.005,0.01,0.0,0.0,0.005,0.015,0.0,0.01,0.0
5,5,,0.0,0.0,0.005,0.0,0.0,0.88,0.0,0.0,0.0,0.0,0.01,0.0,0.0,0.0,0.015,0.0,0.005,0.0,0.005,0.0,0.0,0.0,0.005,0.005,0.0,0.0,0.04,0.0,0.0,0.0,0.005,0.0,0.0,0.005,0.015,0.005,0.0
6,6,,0.0,0.0,0.0,0.0,0.0,0.005,0.92,0.0,0.005,0.0,0.0,0.0,0.0,0.0,0.0,0.015,0.0,0.0,0.0,0.0,0.01,0.0,0.0,0.0,0.035,0.0,0.005,0.005,0.0,0.0,0.0,0.0,0.0,0.0,0.0,0.0,0.0
6,6,,0.015,0.0,0.0,0.0,0.0,0.0,0.91,0.0,0.01,0.0,0.0,0.0,0.005,0.0,0.0,0.015,0.0,0.0,0.0,0.0,0.005,0.0,0.0,0.0,0.04,0.0,0.0,0.0,0.0,0.0,0.0,0.0,0.0,0.0,0.0,0.0,0.0
6,6,,0.02,0.0,0.0,0.0,0.0,0.0,0.865,0.0,0.005,0.0,0.0,0.0,0.005,0.01,0.005,0.015,0.0,0.0,0.0,0.0,0.03,0.0,0.0,0.0,0.035,0.0,0.005,0.005,0.0,0.0,0.0,0.0,0.0,0.0,0.0,0.0,0.0
6,6,,0.02,0.0,0.015,0.0,0.005,0.0,0.785,0.0,0.025,0.0,0.0,0.0,0.0,0.015,0.005,0.035,0.0,0.0,0.0,0.0,0.01,0.0,0.0,0.0,0.04,0.0,0.01,0.015,0.0,0.005,0.005,0.0,0.0,0.0,0.0,0.01,0.0
6,6,,0.0,0.0,0.01,0.0,0.0,0.0,0.8,0.0,0.005,0.0,0.0,0.0,0.0,0.0,0.005,0.01,0.0,0.0,0.0,0.0,0.025,0.0,0.0,0.0,0.13,0.0,0.01,0.005,0.0,0.0,0.0,0.0,0.0,0.0,0.0,0.0,0.0
6,6,,0.0,0.0,0.01,0.0,0.0,0.0,0.545,0.005,0.005,0.0,0.0,0.0,0.0,0.0,0.0,0.065,0.0,0.0,0.0,0.0,0.095,0.0,0.0,0.0,0.225,0.0,0.005,0.04,0.0,0.0,0.005,0.0,0.0,0.0,0.0,0.0,0.0
6,6,,0.075,0.0,0.0,0.0,0.0,0.0,0.645,0.005,0.0,0.0,0.0,0.0,0.0,0.015,0.005,0.005,0.0,0.0,0.0,0.0,0.09,0.005,0.0,0.0,0.135,0.0,0.005,0.01,0.0,0.0,0.005,0.0,0.0,0.0,0.0,0.0,0.0
6,6,,0.01,0.005,0.005,0.0,0.0,0.0,0.78,0.005,0.045,0.0,0.0,0.0,0.0,0.015,0.005,0.015,0.0,0.0,0.005,0.0,0.01,0.005,0.0,0.0,0.075,0.0,0.01,0.01,0.0,0.0,0.0,0.0,0.0,0.0,0.0,0.0,0.0
6,6,,0.02,0.0,0.005,0.005,0.0,0.0,0.935,0.005,0.0,0.005,0.0,0.0,0.0,0.0,0.0,0.0,0.0,0.0,0.0,0.0,0.0,0.0,0.0,0.0,0.02,0.0,0.005,0.0,0.0,0.0,0.0,0.0,0.0,0.0,0.0,0.0,0.0
7,7,,0.0,0.0,0.01,0.02,0.0,0.005,0.0,0.89,0.02,0.0,0.0,0.0,0.005,0.005,0.0,0.0,0.0,0.0,0.0,0.0,0.015,0.0,0.0,0.0,0.01,0.0,0.015,0.0,0.0,0.0,0.005,0.0,0.0,0.0,0.0,0.0,0.0
7,7,,0.0,0.0,0.0,0.09,0.0,0.0,0.0,0.88,0.005,0.0,0.0,0.0,0.005,0.005,0.0,0.005,0.0,0.0,0.0,0.0,0.0,0.0,0.0,0.0,0.0,0.0,0.0,0.0,0.0,0.0,0.01,0.0,0.0,0.0,0.0,0.0,0.0
7,7,,0.0,0.0,0.0,0.0,0.005,0.005,0.005,0.93,0.0,0.0,0.0,0.0,0.005,0.005,0.005,0.0,0.005,0.0,0.0,0.0,0.01,0.0,0.0,0.005,0.005,0.0,0.005,0.0,0.0,0.0,0.01,0.0,0.0,0.0,0.0,0.0,0.0
7,7,,0.0,0.0,0.01,0.025,0.0,0.01,0.0,0.92,0.005,0.0,0.0,0.0,0.005,0.0,0.0,0.0,0.0,0.0,0.0,0.0,0.005,0.0,0.0,0.005,0.0,0.0,0.0,0.005,0.0,0.0,0.01,0.0,0.0,0.0,0.0,0.0,0.0
7,2,,0.015,0.0,0.19,0.0,0.015,0.065,0.005,0.015,0.12,0.015,0.0,0.0,0.005,0.01,0.04,0.0,0.055,0.02,0.025,0.0,0.03,0.065,0.0,0.035,0.085,0.005,0.055,0.01,0.0,0.0,0.07,0.0,0.005,0.005,0.0,0.025,0.015
7,7,,0.0,0.0,0.01,0.015,0.005,0.0,0.0,0.93,0.0,0.0,0.0,0.0,0.005,0.005,0.0,0.0,0.0,0.0,0.0,0.0,0.005,0.0,0.0,0.0,0.005,0.0,0.0,0.0,0.0,0.0,0.015,0.0,0.0,0.0,0.0,0.005,0.0
7,7,,0.0,0.0,0.0,0.005,0.0,0.0,0.005,0.98,0.0,0.0,0.0,0.0,0.005,0.0,0.0,0.0,0.0,0.0,0.0,0.0,0.005,0.0,0.0,0.0,0.0,0.0,0.0,0.0,0.0,0.0,0.0,0.0,0.0,0.0,0.0,0.0,0.0
7,7,,0.0,0.0,0.005,0.015,0.005,0.0,0.0,0.965,0.005,0.0,0.0,0.0,0.0,0.0,0.0,0.0,0.0,0.0,0.0,0.0,0.0,0.0,0.0,0.0,0.0,0.0,0.0,0.0,0.0,0.0,0.0,0.0,0.0,0.0,0.0,0.0,0.005
7,7,,0.0,0.0,0.0,0.125,0.0,0.0,0.0,0.845,0.015,0.0,0.0,0.0,0.01,0.005,0.0,0.0,0.0,0.0,0.0,0.0,0.0,0.0,0.0,0.0,0.0,0.0,0.0,0.0,0.0,0.0,0.0,0.0,0.0,0.0,0.0,0.0,0.0
7,7,,0.005,0.0,0.0,0.095,0.005,0.01,0.01,0.785,0.02,0.0,0.0,0.0,0.015,0.005,0.005,0.0,0.005,0.0,0.0,0.0,0.01,0.0,0.0,0.0,0.01,0.0,0.0,0.005,0.0,0.0,0.01,0.0,0.0,0.0,0.0,0.005,0.0
8,8,,0.0,0.0,0.0,0.0,0.0,0.0,0.0,0.0,1.0,0.0,0.0,0.0,0.0,0.0,0.0,0.0,0.0,0.0,0.0,0.0,0.0,0.0,0.0,0.0,0.0,0.0,0.0,0.0,0.0,0.0,0.0,0.0,0.0,0.0,0.0,0.0,0.0
8,8,,0.015,0.0,0.03,0.005,0.005,0.005,0.01,0.005,0.845,0.0,0.0,0.0,0.005,0.005,0.0,0.015,0.0,0.0,0.0,0.0,0.005,0.01,0.0,0.0,0.01,0.0,0.01,0.005,0.0,0.005,0.0,0.0,0.0,0.0,0.0,0.005,0.005
8,24,,0.0,0.0,0.005,0.0,0.0,0.005,0.165,0.0,0.0,0.0,0.0,0.0,0.0,0.0,0.0,0.2,0.0,0.0,0.0,0.0,0.105,0.0,0.0,0.0,0.325,0.0,0.01,0.17,0.0,0.0,0.015,0.0,0.0,0.0,0.0,0.0,0.0
8,8,,0.025,0.0,0.025,0.02,0.01,0.0,0.015,0.02,0.71,0.0,0.0,0.0,0.0,0.01,0.005,0.02,0.005,0.005,0.0,0.0,0.0,0.025,0.0,0.01,0.01,0.0,0.005,0.01,0.0,0.005,0.0,0.005,0.0,0.0,0.0,0.01,0.05
8,8,,0.0,0.0,0.005,0.0,0.0,0.0,0.0,0.0,0.99,0.0,0.0,0.0,0.0,0.0,0.0,0.005,0.0,0.0,0.0,0.0,0.0,0.0,0.0,0.0,0.0,0.0,0.0,0.0,0.0,0.0,0.0,0.0,0.0,0.0,0.0,0.0,0.0
8,8,,0.01,0.0,0.025,0.0,0.0,0.0,0.0,0.005,0.945,0.0,0.0,0.0,0.0,0.0,0.0,0.0,0.0,0.0,0.0,0.0,0.0,0.0,0.0,0.0,0.0,0.0,0.0,0.0,0.0,0.005,0.0,0.0,0.0,0.0,0.0,0.01,0.0
8,8,,0.005,0.01,0.005,0.0,0.01,0.0,0.0,0.0,0.94,0.005,0.0,0.0,0.0,0.0,0.0,0.0,0.0,0.0,0.0,0.0,0.0,0.0,0.0,0.0,0.005,0.0,0.0,0.0,0.0,0.005,0.0,0.0,0.0,0.0,0.0,0.015,0.0
8,8,,0.06,0.01,0.055,0.015,0.035,0.0,0.025,0.01,0.58,0.0,0.0,0.005,0.01,0.02,0.005,0.035,0.01,0.0,0.01,0.0,0.005,0.0,0.0,0.0,0.04,0.005,0.005,0.0,0.0,0.015,0.01,0.0,0.0,0.01,0.0,0.025,0.0
8,8,,0.015,0.005,0.025,0.015,0.005,0.0,0.0,0.005,0.88,0.005,0.0,0.0,0.005,0.0,0.0,0.005,0.0,0.0,0.0,0.0,0.0,0.0,0.0,0.005,0.0,0.005,0.0,0.0,0.0,0.0,0.0,0.0,0.0,0.005,0.0,0.005,0.015
9,10,,0.0,0.0,0.0,0.0,0.0,0.0,0.0,0.0,0.0,0.175,0.51,0.005,0.0,0.01,0.005,0.0,0.0,0.01,0.01,0.075,0.0,0.0,0.01,0.01,0.005,0.005,0.0,0.0,0.045,0.0,0.0,0.015,0.0,0.105,0.0,0.005,0.0
9,9,,0.0,0.0,0.0,0.0,0.0,0.0,0.0,0.0,0.0,0.44,0.345,0.0,0.0,0.0,0.015,0.01,0.0,0.085,0.025,0.035,0.0,0.0,0.01,0.0,0.0,0.0,0.0,0.0,0.0,0.0,0.0,0.03,0.005,0.0,0.0,0.0,0.0
9,9,,0.0,0.04,0.0,0.0,0.0,0.0,0.0,0.0,0.0,0.56,0.15,0.115,0.0,0.005,0.0,0.035,0.0,0.005,0.0,0.0,0.0,0.0,0.01,0.0,0.0,0.005,0.0,0.0,0.005,0.0,0.0,0.05,0.0,0.015,0.0,0.005,0.0
9,9,,0.0,0.01,0.0,0.0,0.0,0.0,0.0,0.0,0.0,0.605,0.145,0.075,0.0,0.0,0.01,0.005,0.0,0.04,0.01,0.015,0.0,0.0,0.015,0.005,0.0,0.005,0.0,0.0,0.0,0.0,0.0,0.04,0.0,0.005,0.0,0.015,0.0
9,9,,0.0,0.025,0.005,0.0,0.0,0.0,0.0,0.0,0.0,0.555,0.115,0.02,0.015,0.0,0.01,0.09,0.0,0.05,0.015,0.005,0.0,0.0,0.02,0.0,0.005,0.005,0.005,0.0,0.005,0.005,0.0,0.03,0.01,0.0,0.0,0.01,0.0
9,10,,0.0,0.0,0.005,0.0,0.005,0.0,0.0,0.0,0.0,0.15,0.64,0.0,0.0,0.0,0.03,0.0,0.0,0.035,0.01,0.06,0.0,0.0,0.005,0.005,0.0,0.0,0.0,0.0,0.01,0.0,0.0,0.005,0.005,0.02,0.0,0.015,0.0
9,9,,0.0,0.08,0.07,0.0,0.01,0.015,0.0,0.0,0.01,0.12,0.105,0.025,0.005,0.005,0.08,0.035,0.0,0.02,0.065,0.03,0.0,0.0,0.06,0.045,0.005,0.005,0.01,0.0,0.025,0.0,0.0,0.08,0.005,0.04,0.01,0.03,0.01
9,9,,0.0,0.01,0.0,0.0,0.0,0.0,0.0,0.0,0.0,0.575,0.07,0.065,0.0,0.0,0.0,0.025,0.0,0.035,0.025,0.01,0.0,0.0,0.035,0.0,0.0,0.0,0.0,0.0,0.0,0.005,0.0,0.145,0.0,0.0,0.0,0.0,0.0
9,10,,0.0,0.0,0.005,0.0,0.0,0.0,0.0,0.0,0.0,0.33,0.37,0.0,0.0,0.0,0.005,0.02,0.0,0.09,0.01,0.085,0.0,0.0,0.01,0.015,0.0,0.01,0.005,0.0,0.005,0.0,0.0,0.025,0.0,0.005,0.005,0.005,0.0
9,9,,0.0,0.005,0.0,0.0,0.005,0.0,0.0,0.0,0.0,0.46,0.385,0.04,0.0,0.0,0.0,0.005,0.0,0.025,0.02,0.015,0.0,0.0,0.015,0.0,0.0,0.0,0.0,0.0,0.01,0.0,0.0,0.015,0.0,0.0,0.0,0.0,0.0
9,9,,0.0,0.0,0.0,0.0,0.0,0.0,0.0,0.0,0.0,0.56,0.145,0.0,0.005,0.0,0.015,0.04,0.0,0.065,0.03,0.02,0.0,0.0,0.0,0.005,0.0,0.005,0.0,0.0,0.0,0.0,0.0,0.11,0.0,0.0,0.0,0.0,0.0
9,10,,0.0,0.015,0.0,0.0,0.0,0.0,0.0,0.0,0.0,0.295,0.51,0.03,0.0,0.0,0.0,0.02,0.0,0.02,0.01,0.005,0.0,0.0,0.025,0.01,0.0,0.0,0.005,0.0,0.015,0.0,0.0,0.015,0.0,0.015,0.0,0.01,0.0
9,9,,0.0,0.01,0.0,0.0,0.0,0.0,0.0,0.0,0.0,0.65,0.115,0.025,0.0,0.01,0.0,0.03,0.0,0.045,0.01,0.025,0.0,0.0,0.015,0.01,0.0,0.005,0.0,0.0,0.005,0.0,0.0,0.025,0.005,0.0,0.0,0.015,0.0
10,10,,0.0,0.0,0.005,0.0,0.0,0.03,0.0,0.0,0.005,0.0,0.455,0.0,0.0,0.0,0.01,0.0,0.0,0.0,0.0,0.0,0.0,0.0,0.005,0.015,0.005,0.0,0.005,0.0,0.18,0.0,0.005,0.0,0.005,0.24,0.005,0.025,0.005
10,10,,0.0,0.0,0.0,0.0,0.0,0.005,0.0,0.0,0.0,0.1,0.465,0.0,0.005,0.0,0.0,0.03,0.0,0.225,0.025,0.05,0.0,0.0,0.015,0.03,0.0,0.01,0.005,0.0,0.0,0.0,0.0,0.02,0.01,0.005,0.0,0.0,0.0
10,10,,0.005,0.005,0.0,0.0,0.0,0.005,0.0,0.0,0.0,0.02,0.76,0.0,0.0,0.005,0.005,0.0,0.0,0.005,0.0,0.01,0.0,0.0,0.005,0.01,0.0,0.0,0.0,0.0,0.06,0.0,0.0,0.0,0.0,0.105,0.0,0.0,0.0
10,10,,0.0,0.005,0.0,0.0,0.0,0.005,0.0,0.0,0.0,0.02,0.71,0.005,0.0,0.0,0.03,0.0,0.0,0.01,0.005,0.025,0.0,0.0,0.015,0.01,0.0,0.01,0.0,0.0,0.025,0.0,0.0,0.0,0.0,0.11,0.005,0.005,0.005
10,10,,0.0,0.0,0.005,0.0,0.0,0.005,0.0,0.0,0.0,0.065,0.675,0.025,0.0,0.0,0.02,0.005,0.0,0.035,0.005,0.055,0.0,0.0,0.025,0.02,0.005,0.005,0.0,0.0,0.02,0.0,0.0,0.005,0.0,0.02,0.0,0.005,0.0
10,10,,0.0,0.0,0.005,0.0,0.0,0.0,0.0,0.0,0.0,0.05,0.75,0.0,0.0,0.0,0.0,0.005,0.0,0.03,0.005,0.085,0.0,0.0,0.0,0.045,0.005,0.015,0.0,0.0,0.0,0.0,0.0,0.005,0.0,0.0,0.0,0.0,0.0
10,34,,0.0,0.0,0.0,0.0,0.005,0.0,0.0,0.0,0.0,0.005,0.045,0.0,0.005,0.0,0.035,0.005,0.0,0.055,0.06,0.01,0.0,0.0,0.01,0.12,0.0,0.035,0.005,0.0,0.005,0.0,0.0,0.0,0.0,0.0,0.6,0.0,0.0
10,28,,0.0,0.0,0.0,0.0,0.0,0.005,0.0,0.0,0.0,0.01,0.245,0.0,0.0,0.0,0.12,0.005,0.0,0.0,0.0,0.06,0.0,0.0,0.0,0.05,0.0,0.0,0.0,0.0,0.295,0.0,0.0,0.0,0.18,0.02,0.005,0.005,0.0
10,10,,0.0,0.01,0.0,0.0,0.0,0.0,0.0,0.0,0.0,0.085,0.505,0.03,0.0,0.0,0.02,0.01,0.0,0.01,0.0,0.015,0.0,0.0,0.035,0.025,0.005,0.01,0.005,0.0,0.105,0.0,0.0,0.01,0.01,0.09,0.0,0.02,0.0
10,10,,0.0,0.0,0.0,0.0,0.0,0.0,0.0,0.0,0.0,0.005,0.76,0.0,0.0,0.0,0.01,0.0,0.0,0.015,0.0,0.145,0.0,0.0,0.0,0.02,0.0,0.0,0.0,0.0,0.035,0.0,0.0,0.0,0.005,0.005,0.0,0.0,0.0
10,23,,0.0,0.0,0.0,0.0,0.0,0.005,0.0,0.0,0.0,0.005,0.095,0.0,0.0,0.0,0.05,0.0,0.005,0.2,0.005,0.1,0.0,0.0,0.0,0.345,0.0,0.01,0.005,0.0,0.0,0.0,0.0,0.0,0.01,0.0,0.16,0.005,0.0
10,10,,0.0,0.0,0.0,0.0,0.0,0.0,0.0,0.0,0.0,0.01,0.79,0.005,0.0,0.0,0.02,0.0,0.005,0.01,0.0,0.03,0.0,0.0,0.005,0.065,0.0,0.0,0.0,0.0,0.015,0.0,0.0,0.0,0.025,0.015,0.005,0.0,0.0
11,11,,0.0,0.04,0.005,0.0,0.0,0.0,0.0,0.0,0.005,0.015,0.02,0.885,0.0,0.005,0.005,0.0,0.0,0.0,0.0,0.0,0.0,0.0,0.0,0.0,0.0,0.005,0.0,0.0,0.0,0.0,0.0,0.01,0.0,0.0,0.0,0.0,0.005
11,11,,0.0,0.36,0.0,0.0,0.0,0.0,0.0,0.0,0.0,0.04,0.01,0.5,0.0,0.015,0.0,0.005,0.0,0.01,0.005,0.0,0.0,0.0,0.015,0.0,0.0,0.0,0.005,0.0,0.0,0.0,0.0,0.03,0.0,0.005,0.0,0.0,0.0
11,1,,0.0,0.56,0.0,0.0,0.0,0.0,0.0,0.0,0.0,0.04,0.01,0.3,0.005,0.015,0.0,0.005,0.0,0.005,0.0,0.0,0.0,0.0,0.0,0.0,0.0,0.005,0.005,0.0,0.0,0.0,0.0,0.025,0.0,0.005,0.005,0.015,0.0
11,11,,0.0,0.06,0.0,0.0,0.0,0.0,0.0,0.0,0.0,0.005,0.01,0.845,0.0,0.005,0.0,0.01,0.0,0.0,0.0,0.0,0.0,0.0,0.0,0.0,0.0,0.0,0.0,0.0,0.0,0.0,0.0,0.065,0.0,0.0,0.0,0.0,0.0
11,11,,0.0,0.055,0.0,0.0,0.0,0.0,0.0,0.0,0.0,0.005,0.005,0.915,0.0,0.0,0.0,0.0,0.0,0.0,0.0,0.0,0.0,0.0,0.015,0.0,0.0,0.0,0.0,0.0,0.0,0.0,0.0,0.005,0.0,0.0,0.0,0.0,0.0
11,11,,0.0,0.0,0.0,0.0,0.0,0.0,0.0,0.0,0.0,0.035,0.015,0.87,0.0,0.0,0.0,0.0,0.0,0.01,0.0,0.0,0.0,0.0,0.015,0.0,0.0,0.0,0.0,0.0,0.005,0.0,0.0,0.05,0.0,0.0,0.0,0.0,0.0
11,11,,0.0,0.015,0.0,0.0,0.0,0.0,0.0,0.0,0.0,0.0,0.005,0.975,0.0,0.0,0.0,0.0,0.0,0.0,0.0,0.0,0.0,0.0,0.0,0.0,0.0,0.0,0.0,0.0,0.0,0.0,0.0,0.005,0.0,0.0,0.0,0.0,0.0
11,11,,0.0,0.155,0.0,0.0,0.0,0.0,0.0,0.0,0.0,0.0,0.0,0.825,0.0,0.005,0.0,0.0,0.0,0.0,0.0,0.0,0.0,0.0,0.0,0.0,0.0,0.0,0.0,0.0,0.0,0.0,0.0,0.015,0.0,0.0,0.0,0.0,0.0
11,11,,0.0,0.05,0.0,0.0,0.0,0.0,0.0,0.0,0.0,0.015,0.0,0.905,0.0,0.0,0.0,0.005,0.0,0.0,0.0,0.0,0.0,0.0,0.0,0.0,0.0,0.0,0.0,0.0,0.0,0.0,0.0,0.025,0.0,0.0,0.0,0.0,0.0
11,11,,0.0,0.025,0.0,0.0,0.0,0.0,0.0,0.0,0.005,0.01,0.02,0.89,0.0,0.0,0.0,0.005,0.0,0.005,0.0,0.0,0.0,0.0,0.005,0.0,0.0,0.0,0.0,0.0,0.0,0.0,0.0,0.035,0.0,0.0,0.0,0.0,0.0
11,11,,0.0,0.035,0.0,0.0,0.0,0.0,0.0,0.0,0.0,0.015,0.0,0.93,0.0,0.0,0.0,0.0,0.0,0.0,0.0,0.0,0.0,0.0,0.005,0.0,0.0,0.0,0.0,0.0,0.0,0.0,0.0,0.015,0.0,0.0,0.0,0.0,0.0
11,11,,0.01,0.38,0.0,0.0,0.0,0.0,0.0,0.0,0.0,0.02,0.01,0.44,0.005,0.02,0.0,0.01,0.0,0.01,0.015,0.0,0.0,0.0,0.0,0.0,0.0,0.0,0.005,0.0,0.0,0.0,0.0,0.07,0.0,0.0,0.005,0.0,0.0
11,11,,0.0,0.135,0.0,0.0,0.0,0.0,0.0,0.0,0.0,0.01,0.0,0.84,0.0,0.0,0.0,0.005,0.0,0.0,0.0,0.0,0.0,0.0,0.005,0.0,0.0,0.0,0.0,0.0,0.0,0.0,0.0,0.005,0.0,0.0,0.0,0.0,0.0
12,12,,0.01,0.0,0.005,0.005,0.035,0.0,0.0,0.0,0.0,0.0,0.0,0.0,0.715,0.075,0.0,0.01,0.0,0.0,0.045,0.0,0.01,0.0,0.005,0.01,0.01,0.01,0.015,0.0,0.0,0.0,0.0,0.0,0.0,0.0,0.005,0.035,0.0
12,12,,0.005,0.0,0.0,0.005,0.02,0.0,0.0,0.0,0.005,0.01,0.0,0.0,0.695,0.055,0.01,0.01,0.0,0.0,0.095,0.0,0.01,0.005,0.015,0.0,0.01,0.015,0.0,0.0,0.0,0.0,0.0,0.0,0.0,0.0,0.0,0.035,0.0
12,18,,0.015,0.0,0.005,0.0,0.045,0.0,0.0,0.0,0.0,0.02,0.0,0.0,0.18,0.025,0.04,0.005,0.0,0.01,0.5,0.0,0.005,0.0,0.005,0.005,0.0,0.04,0.0,0.0,0.0,0.0,0.0,0.005,0.0,0.0,0.015,0.08,0.0
12,12,,0.015,0.0,0.015,0.02,0.105,0.0,0.0,0.0,0.0,0.015,0.0,0.0,0.4,0.13,0.025,0.02,0.0,0.0,0.04,0.0,0.005,0.0,0.0,0.0,0.02,0.065,0.005,0.0,0.0,0.0,0.0,0.0,0.0,0.0,0.0,0.115,0.005
12,12,,0.035,0.0,0.015,0.0,0.065,0.0,0.0,0.005,0.0,0.01,0.0,0.0,0.525,0.125,0.01,0.005,0.0,0.0,0.04,0.0,0.01,0.005,0.0,0.0,0.01,0.03,0.01,0.0,0.0,0.0,0.0,0.0,0.0,0.0,0.005,0.095,0.0
12,12,,0.015,0.0,0.005,0.015,0.02,0.0,0.0,0.0,0.005,0.01,0.0,0.0,0.65,0.035,0.015,0.025,0.005,0.0,0.145,0.005,0.0,0.0,0.0,0.0,0.005,0.0,0.005,0.0,0.0,0.0,0.0,0.02,0.0,0.0,0.0,0.02,0.0
12,18,,0.005,0.005,0.01,0.005,0.01,0.0,0.0,0.0,0.0,0.045,0.01,0.01,0.285,0.055,0.005,0.09,0.0,0.04,0.315,0.0,0.0,0.0,0.01,0.0,0.015,0.005,0.01,0.0,0.0,0.0,0.0,0.035,0.0,0.0,0.0,0.035,0.0
12,12,,0.005,0.005,0.0,0.005,0.03,0.0,0.0,0.0,0.0,0.025,0.005,0.005,0.495,0.065,0.015,0.02,0.0,0.005,0.23,0.0,0.0,0.0,0.005,0.005,0.015,0.02,0.005,0.0,0.0,0.0,0.0,0.0,0.0,0.0,0.0,0.04,0.0
12,12,,0.015,0.0,0.01,0.0,0.045,0.0,0.01,0.0,0.0,0.015,0.0,0.0,0.535,0.175,0.005,0.04,0.0,0.0,0.015,0.0,0.0,0.0,0.0,0.005,0.055,0.0,0.015,0.0,0.0,0.0,0.0,0.0,0.0,0.0,0.005,0.055,0.0
12,12,,0.19,0.0,0.01,0.0,0.115,0.005,0.005,0.005,0.01,0.0,0.0,0.0,0.27,0.075,0.02,0.065,0.0,0.0,0.02,0.0,0.08,0.005,0.0,0.0,0.1,0.0,0.005,0.0,0.0,0.0,0.0,0.0,0.0,0.0,0.0,0.02,0.0
12,12,,0.0,0.0,0.005,0.005,0.015,0.0,0.0,0.0,0.0,0.0,0.0,0.0,0.76,0.025,0.01,0.015,0.005,0.0,0.04,0.0,0.03,0.005,0.0,0.0,0.015,0.055,0.0,0.0,0.0,0.0,0.0,0.005,0.0,0.0,0.0,0.01,0.0
12,12,,0.01,0.0,0.005,0.015,0.05,0.0,0.0,0.0,0.0,0.005,0.0,0.0,0.655,0.06,0.01,0.005,0.0,0.0,0.1,0.0,0.0,0.0,0.0,0.0,0.01,0.03,0.005,0.0,0.0,0.0,0.0,0.0,0.0,0.0,0.0,0.035,0.005
13,13,,0.04,0.01,0.02,0.01,0.045,0.0,0.0,0.0,0.0,0.015,0.0,0.0,0.185,0.495,0.015,0.01,0.0,0.005,0.06,0.0,0.0,0.0,0.015,0.0,0.02,0.005,0.005,0.0,0.0,0.005,0.0,0.01,0.0,0.0,0.0,0.025,0.005
13,13,,0.03,0.025,0.015,0.005,0.07,0.005,0.0,0.0,0.0,0.045,0.005,0.005,0.075,0.42,0.01,0.01,0.0,0.0,0.095,0.0,0.01,0.0,0.03,0.0,0.025,0.01,0.005,0.0,0.0,0.0,0.0,0.04,0.0,0.0,0.0,0.065,0.0
13,13,,0.025,0.02,0.04,0.01,0.085,0.005,0.005,0.0,0.005,0.01,0.0,0.0,0.03,0.525,0.015,0.005,0.0,0.0,0.04,0.0,0.005,0.0,0.025,0.0,0.07,0.0,0.025,0.0,0.0,0.0,0.0,0.025,0.0,0.0,0.0,0.03,0.0
13,13,,0.035,0.0,0.015,0.03,0.015,0.0,0.0,0.03,0.0,0.0,0.0,0.0,0.11,0.625,0.005,0.015,0.0,0.0,0.0,0.0,0.015,0.0,0.0,0.0,0.065,0.005,0.005,0.0,0.0,0.0,0.0,0.0,0.0,0.0,0.0,0.03,0.0
13,13,,0.035,0.0,0.03,0.01,0.035,0.0,0.005,0.005,0.0,0.0,0.0,0.0,0.125,0.55,0.005,0.045,0.0,0.0,0.0,0.0,0.02,0.0,0.0,0.0,0.1,0.0,0.02,0.0,0.0,0.0,0.0,0.0,0.0,0.0,0.0,0.015,0.0
13,13,,0.005,0.01,0.005,0.055,0.04,0.0,0.0,0.005,0.015,0.0,0.0,0.0,0.065,0.66,0.01,0.03,0.0,0.0,0.01,0.0,0.0,0.005,0.0,0.0,0.015,0.0,0.03,0.0,0.0,0.0,0.0,0.005,0.0,0.0,0.0,0.035,0.0
13,13,,0.005,0.005,0.02,0.03,0.085,0.0,0.0,0.0,0.0,0.005,0.0,0.005,0.135,0.485,0.005,0.03,0.0,0.0,0.035,0.0,0.0,0.0,0.01,0.0,0.045,0.015,0.02,0.0,0.0,0.0,0.0,0.025,0.0,0.0,0.0,0.04,0.0
13,13,,0.0,0.01,0.01,0.015,0.06,0.0,0.0,0.0,0.0,0.0,0.0,0.0,0.11,0.665,0.0,0.05,0.0,0.0,0.005,0.0,0.0,0.0,0.0,0.0,0.04,0.005,0.01,0.0,0.0,0.0,0.0,0.0,0.0,0.0,0.0,0.02,0.0
13,13,,0.005,0.02,0.015,0.02,0.09,0.005,0.0,0.0,0.005,0.0,0.0,0.0,0.04,0.58,0.0,0.045,0.0,0.0,0.035,0.0,0.005,0.0,0.01,0.0,0.04,0.005,0.01,0.0,0.0,0.0,0.0,0.035,0.0,0.0,0.0,0.035,0.0
13,13,,0.01,0.01,0.0,0.0,0.03,0.0,0.0,0.0,0.0,0.0,0.0,0.0,0.015,0.86,0.0,0.015,0.0,0.0,0.005,0.0,0.005,0.0,0.0,0.0,0.03,0.0,0.01,0.0,0.0,0.0,0.0,0.0,0.0,0.0,0.0,0.01,0.0
13,13,,0.01,0.03,0.005,0.005,0.03,0.0,0.0,0.0,0.0,0.02,0.0,0.0,0.08,0.465,0.015,0.02,0.0,0.0,0.12,0.0,0.005,0.0,0.02,0.0,0.025,0.015,0.01,0.0,0.0,0.0,0.0,0.045,0.0,0.0,0.005,0.075,0.0
13,13,,0.015,0.02,0.045,0.04,0.01,0.0,0.0,0.015,0.0,0.005,0.0,0.0,0.17,0.525,0.01,0.03,0.0,0.0,0.01,0.0,0.0,0.0,0.005,0.0,0.035,0.0,0.02,0.0,0.0,0.0,0.0,0.005,0.0,0.0,0.0,0.04,0.0
14,2,,0.005,0.015,0.245,0.025,0.005,0.04,0.005,0.02,0.035,0.03,0.01,0.0,0.05,0.02,0.07,0.02,0.015,0.005,0.06,0.005,0.025,0.055,0.015,0.015,0.015,0.0,0.065,0.0,0.005,0.01,0.01,0.0,0.01,0.0,0.05,0.04,0.005
14,14,,0.0,0.0,0.0,0.0,0.0,0.02,0.0,0.0,0.0,0.005,0.015,0.0,0.0,0.0,0.585,0.0,0.0,0.0,0.01,0.0,0.0,0.0,0.0,0.01,0.0,0.2,0.005,0.0,0.005,0.0,0.0,0.0,0.005,0.0,0.05,0.09,0.0
14,14,,0.0,0.0,0.0,0.0,0.0,0.005,0.0,0.0,0.0,0.0,0.005,0.0,0.0,0.0,0.575,0.0,0.0,0.0,0.035,0.0,0.0,0.0,0.0,0.01,0.0,0.285,0.0,0.0,0.0,0.0,0.0,0.0,0.005,0.0,0.065,0.015,0.0
14,25,,0.0,0.0,0.0,0.0,0.0,0.0,0.0,0.0,0.0,0.02,0.005,0.0,0.0,0.0,0.27,0.0,0.0,0.0,0.065,0.0,0.0,0.0,0.0,0.0,0.0,0.565,0.0,0.0,0.0,0.0,0.0,0.0,0.005,0.0,0.01,0.06,0.0
14,34,,0.0,0.0,0.0,0.0,0.005,0.005,0.0,0.0,0.0,0.025,0.01,0.0,0.02,0.0,0.125,0.005,0.025,0.0,0.105,0.01,0.015,0.005,0.005,0.115,0.0,0.015,0.005,0.0,0.0,0.0,0.0,0.0,0.01,0.0,0.495,0.0,0.0
14,10,,0.0,0.0,0.005,0.0,0.005,0.01,0.0,0.0,0.0,0.015,0.41,0.01,0.0,0.0,0.15,0.0,0.0,0.025,0.005,0.13,0.0,0.0,0.0,0.055,0.0,0.02,0.0,0.0,0.07,0.0,0.0,0.0,0.045,0.015,0.0,0.03,0.0
14,20,,0.1,0.0,0.01,0.0,0.0,0.03,0.005,0.0,0.01,0.0,0.0,0.0,0.015,0.015,0.095,0.005,0.0,0.0,0.005,0.0,0.39,0.09,0.0,0.015,0.135,0.0,0.025,0.0,0.0,0.0,0.055,0.0,0.0,0.0,0.0,0.0,0.0
14,35,,0.0,0.0,0.0,0.0,0.0,0.0,0.0,0.0,0.0,0.015,0.015,0.0,0.0,0.0,0.225,0.005,0.0,0.0,0.03,0.0,0.0,0.0,0.0,0.0,0.0,0.26,0.005,0.0,0.0,0.0,0.0,0.005,0.0,0.0,0.005,0.435,0.0
14,14,,0.0,0.0,0.0,0.0,0.0,0.01,0.0,0.0,0.0,0.0,0.03,0.0,0.0,0.0,0.38,0.0,0.0,0.035,0.02,0.005,0.0,0.0,0.0,0.075,0.0,0.145,0.005,0.0,0.0,0.0,0.0,0.0,0.02,0.0,0.035,0.24,0.0
14,34,,0.005,0.01,0.01,0.06,0.005,0.01,0.0,0.0,0.035,0.0,0.01,0.0,0.1,0.005,0.105,0.015,0.05,0.005,0.07,0.0,0.005,0.025,0.0,0.075,0.005,0.02,0.0,0.0,0.0,0.04,0.0,0.0,0.015,0.0,0.295,0.02,0.005
15,15,,0.0,0.0,0.0,0.0,0.0,0.0,0.005,0.0,0.0,0.0,0.0,0.0,0.0,0.0,0.0,0.78,0.0,0.0,0.0,0.0,0.05,0.0,0.0,0.005,0.015,0.0,0.005,0.135,0.0,0.0,0.005,0.0,0.0,0.0,0.0,0.0,0.0
15,12,,0.03,0.005,0.0,0.0,0.19,0.0,0.0,0.0,0.0,0.005,0.0,0.0,0.415,0.02,0.055,0.025,0.0,0.0,0.035,0.0,0.13,0.01,0.0,0.0,0.045,0.005,0.0,0.0,0.0,0.0,0.005,0.0,0.0,0.0,0.0,0.025,0.0
15,27,,0.0,0.0,0.0,0.0,0.0,0.005,0.0,0.0,0.005,0.0,0.0,0.0,0.0,0.0,0.0,0.02,0.0,0.0,0.0,0.0,0.36,0.005,0.0,0.095,0.04,0.0,0.0,0.375,0.005,0.0,0.09,0.0,0.0,0.0,0.0,0.0,0.0
15,0,,0.365,0.0,0.01,0.0,0.02,0.0,0.21,0.0,0.015,0.0,0.0,0.0,0.01,0.045,0.025,0.02,0.0,0.0,0.0,0.0,0.16,0.01,0.0,0.0,0.085,0.0,0.01,0.0,0.0,0.0,0.0,0.0,0.0,0.0,0.0,0.015,0.0
15,24,,0.0,0.0,0.005,0.0,0.0,0.0,0.015,0.0,0.0,0.0,0.0,0.0,0.0,0.0,0.005,0.145,0.0,0.0,0.0,0.0,0.25,0.005,0.0,0.005,0.405,0.0,0.0,0.15,0.0,0.0,0.015,0.0,0.0,0.0,0.0,0.0,0.0
15,27,,0.0,0.0,0.0,0.0,0.0,0.0,0.0,0.0,0.0,0.0,0.0,0.0,0.0,0.0,0.0,0.04,0.0,0.0,0.0,0.0,0.28,0.005,0.0,0.005,0.045,0.0,0.0,0.525,0.0,0.0,0.1,0.0,0.0,0.0,0.0,0.0,0.0
15,15,,0.0,0.0,0.0,0.0,0.0,0.005,0.0,0.0,0.0,0.0,0.0,0.0,0.0,0.0,0.0,0.72,0.005,0.0,0.0,0.0,0.04,0.0,0.0,0.005,0.005,0.0,0.0,0.2,0.0,0.0,0.02,0.0,0.0,0.0,0.0,0.0,0.0
15,27,,0.0,0.0,0.0,0.0,0.0,0.005,0.01,0.0,0.0,0.0,0.0,0.0,0.0,0.0,0.0,0.205,0.0,0.0,0.0,0.0,0.115,0.0,0.0,0.0,0.03,0.0,0.0,0.625,0.0,0.0,0.01,0.0,0.0,0.0,0.0,0.0,0.0
15,15,,0.0,0.0,0.0,0.0,0.0,0.0,0.005,0.0,0.0,0.0,0.0,0.0,0.0,0.0,0.0,0.71,0.0,0.0,0.0,0.0,0.04,0.0,0.0,0.0,0.02,0.0,0.0,0.22,0.0,0.0,0.005,0.0,0.0,0.0,0.0,0.0,0.0
15,15,,0.0,0.0,0.005,0.0,0.0,0.0,0.0,0.0,0.0,0.0,0.0,0.0,0.0,0.0,0.0,0.76,0.02,0.0,0.0,0.0,0.055,0.0,0.0,0.01,0.025,0.0,0.01,0.115,0.0,0.0,0.0,0.0,0.0,0.0,0.0,0.0,0.0
15,4,,0.015,0.025,0.005,0.005,0.22,0.005,0.0,0.0,0.0,0.075,0.005,0.0,0.16,0.085,0.005,0.015,0.0,0.0,0.185,0.0,0.01,0.0,0.025,0.005,0.01,0.02,0.01,0.0,0.0,0.0,0.0,0.015,0.0,0.0,0.01,0.09,0.0
16,16,,0.0,0.0,0.0,0.0,0.0,0.07,0.0,0.0,0.005,0.0,0.0,0.0,0.0,0.0,0.005,0.005,0.9,0.0,0.0,0.0,0.0,0.0,0.0,0.0,0.005,0.0,0.0,0.0,0.0,0.0,0.01,0.0,0.0,0.0,0.0,0.0,0.0
16,16,,0.0,0.0,0.0,0.0,0.0,0.15,0.0,0.0,0.0,0.0,0.0,0.0,0.0,0.0,0.005,0.005,0.805,0.0,0.0,0.0,0.0,0.01,0.0,0.01,0.005,0.0,0.01,0.0,0.0,0.0,0.0,0.0,0.0,0.0,0.0,0.0,0.0
16,16,,0.0,0.0,0.005,0.0,0.0,0.145,0.0,0.0,0.0,0.0,0.0,0.0,0.0,0.0,0.0,0.005,0.81,0.0,0.0,0.0,0.0,0.015,0.0,0.0,0.0,0.0,0.005,0.0,0.0,0.0,0.0,0.0,0.0,0.005,0.005,0.005,0.0
16,16,,0.0,0.0,0.0,0.0,0.0,0.26,0.0,0.005,0.005,0.0,0.0,0.0,0.0,0.0,0.0,0.0,0.63,0.0,0.0,0.0,0.0,0.065,0.0,0.03,0.0,0.0,0.005,0.0,0.0,0.0,0.0,0.0,0.0,0.0,0.0,0.0,0.0
16,16,,0.0,0.0,0.0,0.0,0.0,0.0,0.0,0.0,0.0,0.0,0.0,0.0,0.0,0.0,0.0,0.0,0.995,0.0,0.0,0.0,0.0,0.0,0.0,0.0,0.0,0.0,0.0,0.0,0.0,0.0,0.0,0.0,0.0,0.0,0.0,0.0,0.005
16,16,,0.0,0.0,0.0,0.0,0.0,0.015,0.0,0.0,0.0,0.0,0.0,0.0,0.0,0.0,0.0,0.0,0.985,0.0,0.0,0.0,0.0,0.0,0.0,0.0,0.0,0.0,0.0,0.0,0.0,0.0,0.0,0.0,0.0,0.0,0.0,0.0,0.0
16,16,,0.0,0.0,0.0,0.0,0.0,0.115,0.0,0.0,0.0,0.0,0.0,0.0,0.0,0.0,0.0,0.0,0.87,0.0,0.0,0.0,0.0,0.005,0.0,0.005,0.0,0.0,0.005,0.0,0.0,0.0,0.0,0.0,0.0,0.0,0.0,0.0,0.0
16,16,,0.0,0.0,0.0,0.005,0.0,0.035,0.0,0.0,0.0,0.0,0.0,0.0,0.0,0.0,0.005,0.0,0.93,0.0,0.0,0.0,0.0,0.01,0.0,0.005,0.0,0.0,0.0,0.0,0.0,0.0,0.0,0.0,0.0,0.0,0.01,0.0,0.0
17,23,,0.0,0.0,0.0,0.0,0.0,0.005,0.0,0.0,0.0,0.005,0.065,0.0,0.0,0.0,0.03,0.0,0.005,0.275,0.01,0.125,0.0,0.0,0.01,0.4,0.0,0.005,0.005,0.0,0.0,0.0,0.0,0.0,0.05,0.0,0.01,0.0,0.0
17,25,,0.005,0.01,0.05,0.04,0.0,0.03,0.0,0.01,0.005,0.005,0.01,0.0,0.04,0.005,0.145,0.0,0.015,0.005,0.14,0.0,0.01,0.01,0.01,0.05,0.0,0.16,0.005,0.0,0.0,0.03,0.005,0.005,0.01,0.0,0.14,0.05,0.0
17,17,,0.0,0.0,0.0,0.0,0.0,0.0,0.0,0.0,0.0,0.0,0.01,0.0,0.0,0.0,0.0,0.005,0.0,0.88,0.095,0.0,0.0,0.0,0.0,0.0,0.0,0.005,0.0,0.0,0.0,0.0,0.0,0.0,0.0,0.0,0.005,0.0,0.0
17,17,,0.0,0.0,0.0,0.0,0.0,0.0,0.0,0.0,0.0,0.025,0.0,0.0,0.0,0.0,0.0,0.0,0.0,0.96,0.015,0.0,0.0,0.0,0.0,0.0,0.0,0.0,0.0,0.0,0.0,0.0,0.0,0.0,0.0,0.0,0.0,0.0,0.0
17,17,,0.0,0.0,0.0,0.0,0.0,0.0,0.0,0.0,0.0,0.02,0.035,0.0,0.0,0.0,0.0,0.005,0.0,0.765,0.075,0.0,0.0,0.0,0.04,0.035,0.0,0.005,0.005,0.0,0.0,0.0,0.0,0.015,0.0,0.0,0.0,0.0,0.0
17,18,,0.0,0.0,0.0,0.0,0.0,0.0,0.0,0.0,0.0,0.06,0.05,0.0,0.005,0.0,0.01,0.01,0.0,0.305,0.505,0.005,0.0,0.0,0.0,0.005,0.0,0.015,0.01,0.0,0.0,0.0,0.0,0.005,0.0,0.0,0.015,0.0,0.0
17,17,,0.0,0.0,0.0,0.0,0.0,0.0,0.0,0.0,0.0,0.01,0.005,0.0,0.0,0.0,0.0,0.005,0.0,0.94,0.03,0.0,0.0,0.0,0.0,0.005,0.0,0.0,0.0,0.0,0.0,0.0,0.0,0.005,0.0,0.0,0.0,0.0,0.0
17,17,,0.0,0.0,0.0,0.0,0.0,0.0,0.0,0.0,0.0,0.02,0.05,0.0,0.0,0.0,0.0,0.015,0.0,0.7,0.095,0.005,0.0,0.0,0.025,0.055,0.0,0.005,0.01,0.0,0.0,0.0,0.0,0.015,0.0,0.005,0.0,0.0,0.0
17,17,,0.0,0.0,0.0,0.0,0.0,0.0,0.0,0.0,0.0,0.01,0.15,0.0,0.0,0.0,0.005,0.0,0.0,0.615,0.025,0.035,0.0,0.0,0.015,0.13,0.0,0.005,0.005,0.0,0.0,0.0,0.0,0.0,0.005,0.0,0.0,0.0,0.0
17,17,,0.0,0.0,0.0,0.0,0.0,0.0,0.0,0.0,0.0,0.005,0.005,0.0,0.0,0.0,0.0,0.0,0.0,0.975,0.015,0.0,0.0,0.0,0.0,0.0,0.0,0.0,0.0,0.0,0.0,0.0,0.0,0.0,0.0,0.0,0.0,0.0,0.0
17,17,,0.0,0.0,0.0,0.0,0.0,0.0,0.0,0.0,0.0,0.0,0.055,0.0,0.0,0.0,0.0,0.0,0.0,0.89,0.01,0.0,0.0,0.0,0.005,0.02,0.0,0.005,0.0,0.0,0.0,0.0,0.0,0.005,0.005,0.0,0.0,0.005,0.0
17,17,,0.0,0.0,0.0,0.0,0.0,0.005,0.0,0.0,0.0,0.045,0.06,0.0,0.005,0.005,0.0,0.015,0.0,0.585,0.215,0.005,0.0,0.0,0.005,0.02,0.0,0.0,0.0,0.0,0.0,0.0,0.0,0.02,0.0,0.0,0.005,0.01,0.0
17,17,,0.0,0.0,0.0,0.0,0.0,0.0,0.0,0.0,0.0,0.02,0.03,0.0,0.0,0.0,0.0,0.0,0.0,0.77,0.08,0.005,0.0,0.0,0.03,0.045,0.0,0.005,0.005,0.0,0.0,0.0,0.0,0.01,0.0,0.0,0.0,0.0,0.0
17,17,,0.0,0.0,0.0,0.0,0.0,0.0,0.0,0.0,0.0,0.01,0.01,0.0,0.0,0.0,0.0,0.0,0.0,0.9,0.06,0.0,0.0,0.0,0.005,0.01,0.0,0.0,0.0,0.0,0.0,0.0,0.0,0.0,0.0,0.0,0.0,0.005,0.0
17,10,,0.0,0.0,0.0,0.0,0.0,0.005,0.0,0.0,0.0,0.1,0.385,0.005,0.0,0.0,0.005,0.005,0.0,0.315,0.02,0.025,0.0,0.0,0.04,0.06,0.0,0.015,0.005,0.0,0.005,0.0,0.0,0.005,0.0,0.005,0.0,0.0,0.0
17,17,,0.0,0.0,0.0,0.0,0.0,0.005,0.0,0.0,0.0,0.045,0.12,0.0,0.0,0.0,0.005,0.005,0.0,0.765,0.005,0.015,0.0,0.0,0.015,0.005,0.0,0.005,0.0,0.0,0.0,0.0,0.0,0.0,0.0,0.0,0.0,0.01,0.0
18,18,,0.0,0.0,0.005,0.01,0.005,0.0,0.0,0.0,0.0,0.01,0.005,0.0,0.395,0.02,0.0,0.005,0.0,0.015,0.465,0.0,0.01,0.0,0.01,0.005,0.005,0.015,0.0,0.0,0.0,0.0,0.0,0.0,0.0,0.0,0.01,0.01,0.0
18,18,,0.01,0.015,0.015,0.005,0.01,0.0,0.0,0.0,0.005,0.12,0.035,0.0,0.05,0.005,0.015,0.02,0.005,0.055,0.37,0.0,0.005,0.005,0.055,0.0,0.0,0.025,0.025,0.0,0.0,0.0,0.0,0.055,0.0,0.0,0.01,0.085,0.0
18,18,,0.0,0.015,0.0,0.0,0.01,0.0,0.0,0.0,0.0,0.14,0.01,0.0,0.02,0.01,0.0,0.04,0.0,0.04,0.36,0.0,0.0,0.0,0.035,0.005,0.005,0.0,0.01,0.0,0.0,0.0,0.0,0.275,0.0,0.0,0.005,0.02,0.0
18,18,,0.0,0.005,0.0,0.0,0.0,0.0,0.0,0.0,0.0,0.035,0.015,0.0,0.01,0.005,0.01,0.02,0.0,0.105,0.705,0.0,0.0,0.0,0.015,0.02,0.0,0.01,0.005,0.0,0.0,0.0,0.0,0.02,0.0,0.0,0.01,0.01,0.0
18,18,,0.005,0.0,0.0,0.0,0.025,0.0,0.0,0.0,0.0,0.09,0.015,0.005,0.1,0.025,0.01,0.025,0.0,0.02,0.595,0.0,0.005,0.0,0.005,0.0,0.005,0.045,0.0,0.0,0.0,0.0,0.0,0.005,0.0,0.0,0.005,0.015,0.0
18,18,,0.005,0.0,0.0,0.005,0.01,0.0,0.0,0.0,0.0,0.15,0.005,0.005,0.02,0.015,0.03,0.005,0.0,0.025,0.59,0.01,0.0,0.0,0.005,0.005,0.0,0.025,0.005,0.0,0.0,0.0,0.0,0.035,0.0,0.0,0.02,0.03,0.0
18,18,,0.005,0.0,0.005,0.0,0.0,0.015,0.0,0.0,0.0,0.01,0.09,0.0,0.015,0.01,0.075,0.0,0.005,0.175,0.22,0.015,0.0,0.005,0.015,0.12,0.0,0.035,0.015,0.0,0.0,0.0,0.0,0.005,0.02,0.0,0.125,0.02,0.0
18,18,,0.0,0.0,0.0,0.0,0.035,0.0,0.0,0.0,0.0,0.015,0.0,0.0,0.05,0.02,0.025,0.01,0.0,0.045,0.63,0.0,0.0,0.0,0.01,0.005,0.0,0.07,0.005,0.0,0.0,0.0,0.0,0.01,0.0,0.0,0.02,0.05,0.0
18,18,,0.015,0.0,0.005,0.005,0.03,0.0,0.0,0.005,0.005,0.095,0.015,0.0,0.045,0.02,0.02,0.005,0.0,0.03,0.565,0.0,0.005,0.005,0.0,0.005,0.01,0.015,0.03,0.0,0.0,0.0,0.0,0.015,0.005,0.0,0.005,0.045,0.0
18,18,,0.0,0.0,0.0,0.0,0.05,0.0,0.0,0.0,0.0,0.04,0.0,0.0,0.07,0.015,0.035,0.0,0.0,0.02,0.675,0.0,0.005,0.0,0.005,0.005,0.005,0.025,0.005,0.0,0.0,0.0,0.0,0.0,0.005,0.0,0.01,0.03,0.0
18,34,,0.005,0.0,0.0,0.0,0.0,0.01,0.0,0.0,0.0,0.005,0.0,0.0,0.05,0.0,0.03,0.0,0.0,0.02,0.225,0.0,0.0,0.0,0.005,0.095,0.005,0.0,0.0,0.0,0.0,0.0,0.005,0.0,0.01,0.0,0.525,0.005,0.005
19,19,,0.0,0.0,0.0,0.0,0.0,0.0,0.0,0.0,0.0,0.01,0.13,0.0,0.0,0.0,0.015,0.0,0.0,0.02,0.0,0.68,0.0,0.0,0.0,0.13,0.0,0.005,0.0,0.0,0.0,0.0,0.0,0.005,0.005,0.0,0.0,0.0,0.0
19,19,,0.0,0.0,0.0,0.0,0.0,0.0,0.0,0.0,0.0,0.0,0.025,0.0,0.0,0.0,0.0,0.0,0.0,0.0,0.0,0.945,0.0,0.0,0.0,0.03,0.0,0.0,0.0,0.0,0.0,0.0,0.0,0.0,0.0,0.0,0.0,0.0,0.0
19,19,,0.0,0.0,0.0,0.0,0.0,0.0,0.0,0.0,0.0,0.0,0.055,0.0,0.0,0.0,0.0,0.005,0.0,0.01,0.0,0.825,0.0,0.0,0.0,0.09,0.0,0.0,0.0,0.0,0.0,0.0,0.0,0.0,0.0,0.0,0.015,0.0,0.0
19,10,,0.0,0.0,0.0,0.0,0.0,0.005,0.0,0.0,0.0,0.005,0.255,0.0,0.0,0.0,0.08,0.0,0.0,0.005,0.0,0.14,0.0,0.0,0.0,0.235,0.0,0.0,0.0,0.0,0.16,0.0,0.0,0.0,0.1,0.01,0.005,0.0,0.0
19,19,,0.0,0.0,0.0,0.0,0.0,0.0,0.0,0.0,0.0,0.0,0.21,0.0,0.0,0.0,0.015,0.0,0.0,0.02,0.0,0.655,0.0,0.0,0.0,0.035,0.0,0.005,0.0,0.0,0.01,0.0,0.0,0.0,0.04,0.005,0.005,0.0,0.0
19,23,,0.0,0.0,0.0,0.0,0.0,0.0,0.0,0.0,0.0,0.01,0.21,0.0,0.0,0.0,0.025,0.0,0.0,0.04,0.0,0.315,0.0,0.0,0.0,0.375,0.0,0.0,0.0,0.0,0.01,0.0,0.0,0.0,0.005,0.01,0.0,0.0,0.0
19,19,,0.0,0.0,0.0,0.0,0.0,0.0,0.0,0.0,0.0,0.005,0.275,0.0,0.0,0.0,0.025,0.0,0.0,0.025,0.005,0.555,0.0,0.0,0.005,0.045,0.0,0.005,0.0,0.0,0.0,0.0,0.0,0.0,0.045,0.01,0.0,0.0,0.0
20,20,,0.105,0.005,0.03,0.01,0.0,0.04,0.045,0.03,0.01,0.0,0.0,0.0,0.03,0.015,0.045,0.035,0.0,0.0,0.0,0.0,0.27,0.01,0.005,0.005,0.13,0.005,0.13,0.0,0.0,0.005,0.015,0.0,0.0,0.0,0.0,0.025,0.0
20,18,,0.0,0.01,0.005,0.0,0.22,0.0,0.0,0.0,0.0,0.06,0.01,0.0,0.16,0.04,0.02,0.03,0.0,0.01,0.25,0.0,0.015,0.0,0.01,0.005,0.015,0.035,0.025,0.0,0.005,0.0,0.0,0.0,0.005,0.005,0.01,0.055,0.0
20,20,,0.025,0.005,0.0,0.0,0.0,0.01,0.025,0.0,0.01,0.0,0.0,0.0,0.02,0.0,0.0,0.005,0.0,0.0,0.0,0.0,0.63,0.03,0.0,0.0,0.11,0.0,0.005,0.015,0.0,0.0,0.105,0.0,0.0,0.0,0.0,0.005,0.0
20,0,,0.255,0.0,0.02,0.005,0.075,0.025,0.0,0.0,0.0,0.01,0.0,0.0,0.1,0.03,0.135,0.02,0.0,0.0,0.115,0.0,0.03,0.01,0.0,0.005,0.025,0.045,0.03,0.0,0.0,0.0,0.01,0.0,0.0,0.0,0.0,0.055,0.0
20,0,,0.36,0.0,0.02,0.0,0.07,0.01,0.01,0.0,0.0,0.01,0.0,0.0,0.095,0.015,0.09,0.005,0.0,0.005,0.05,0.0,0.125,0.01,0.0,0.0,0.045,0.01,0.035,0.005,0.0,0.0,0.005,0.0,0.0,0.0,0.0,0.025,0.0
20,20,,0.0,0.0,0.0,0.0,0.0,0.0,0.0,0.0,0.0,0.0,0.0,0.0,0.0,0.0,0.0,0.005,0.0,0.0,0.0,0.0,0.665,0.0,0.0,0.0,0.29,0.0,0.0,0.035,0.0,0.0,0.005,0.0,0.0,0.0,0.0,0.0,0.0
20,24,,0.0,0.0,0.0,0.0,0.0,0.005,0.065,0.0,0.0,0.0,0.0,0.0,0.0,0.0,0.0,0.04,0.0,0.0,0.0,0.0,0.305,0.0,0.0,0.0,0.355,0.0,0.0,0.21,0.0,0.0,0.02,0.0,0.0,0.0,0.0,0.0,0.0
21,34,,0.005,0.0,0.025,0.0,0.035,0.025,0.0,0.0,0.0,0.015,0.0,0.0,0.065,0.01,0.16,0.0,0.045,0.0,0.12,0.005,0.02,0.13,0.005,0.04,0.02,0.045,0.01,0.0,0.005,0.0,0.005,0.0,0.005,0.0,0.19,0.015,0.0
21,21,,0.01,0.0,0.0,0.005,0.0,0.02,0.005,0.005,0.0,0.0,0.0,0.0,0.015,0.0,0.005,0.0,0.035,0.0,0.0,0.0,0.025,0.755,0.0,0.055,0.015,0.01,0.01,0.0,0.0,0.0,0.01,0.0,0.005,0.0,0.01,0.005,0.0
21,21,,0.0,0.0,0.0,0.0,0.0,0.06,0.0,0.0,0.0,0.0,0.0,0.0,0.0,0.0,0.0,0.0,0.01,0.0,0.0,0.0,0.04,0.48,0.0,0.375,0.02,0.0,0.0,0.0,0.0,0.0,0.015,0.0,0.0,0.0,0.0,0.0,0.0
21,21,,0.0,0.0,0.0,0.0,0.0,0.02,0.0,0.0,0.0,0.0,0.0,0.0,0.0,0.0,0.0,0.0,0.01,0.0,0.0,0.0,0.005,0.89,0.0,0.06,0.01,0.0,0.0,0.0,0.0,0.0,0.005,0.0,0.0,0.0,0.0,0.0,0.0
21,21,,0.0,0.0,0.0,0.0,0.0,0.015,0.0,0.0,0.0,0.0,0.0,0.0,0.0,0.0,0.0,0.0,0.025,0.0,0.0,0.0,0.045,0.69,0.0,0.19,0.02,0.0,0.0,0.0,0.0,0.0,0.01,0.0,0.0,0.0,0.005,0.0,0.0
21,21,,0.0,0.0,0.0,0.0,0.0,0.015,0.0,0.0,0.0,0.0,0.0,0.0,0.0,0.0,0.0,0.0,0.0,0.0,0.0,0.0,0.27,0.525,0.0,0.035,0.11,0.0,0.0,0.01,0.0,0.0,0.035,0.0,0.0,0.0,0.0,0.0,0.0
21,21,,0.0,0.0,0.0,0.0,0.0,0.01,0.0,0.0,0.0,0.0,0.0,0.0,0.0,0.0,0.0,0.0,0.03,0.0,0.0,0.0,0.06,0.7,0.0,0.12,0.045,0.0,0.0,0.0,0.0,0.0,0.035,0.0,0.0,0.0,0.0,0.0,0.0
21,21,,0.0,0.0,0.0,0.0,0.0,0.005,0.0,0.0,0.0,0.0,0.0,0.0,0.0,0.0,0.0,0.0,0.0,0.0,0.0,0.0,0.045,0.905,0.0,0.02,0.01,0.0,0.0,0.0,0.0,0.0,0.015,0.0,0.0,0.0,0.0,0.0,0.0
21,24,,0.0,0.0,0.0,0.0,0.0,0.025,0.005,0.0,0.005,0.0,0.0,0.0,0.005,0.0,0.0,0.0,0.0,0.0,0.0,0.0,0.225,0.265,0.0,0.06,0.28,0.0,0.0,0.005,0.0,0.0,0.125,0.0,0.0,0.0,0.0,0.0,0.0
21,21,,0.0,0.0,0.0,0.0,0.0,0.005,0.0,0.0,0.0,0.0,0.0,0.0,0.0,0.0,0.005,0.0,0.01,0.0,0.0,0.0,0.225,0.535,0.0,0.125,0.07,0.0,0.0,0.01,0.0,0.0,0.01,0.0,0.0,0.0,0.005,0.0,0.0
21,21,,0.0,0.0,0.0,0.0,0.0,0.005,0.0,0.0,0.0,0.0,0.0,0.0,0.0,0.0,0.0,0.0,0.03,0.0,0.0,0.0,0.0,0.86,0.0,0.095,0.0,0.0,0.0,0.0,0.0,0.0,0.01,0.0,0.0,0.0,0.0,0.0,0.0
22,22,,0.0,0.0,0.0,0.0,0.0,0.005,0.0,0.0,0.0,0.03,0.035,0.0,0.0,0.0,0.0,0.005,0.0,0.1,0.005,0.0,0.01,0.0,0.745,0.01,0.0,0.0,0.005,0.0,0.01,0.0,0.0,0.02,0.0,0.015,0.0,0.0,0.005
22,22,,0.0,0.005,0.01,0.0,0.0,0.0,0.005,0.0,0.0,0.01,0.05,0.0,0.0,0.015,0.0,0.005,0.005,0.04,0.01,0.005,0.0,0.0,0.78,0.005,0.0,0.0,0.015,0.0,0.01,0.005,0.0,0.005,0.0,0.015,0.0,0.005,0.0
22,22,,0.0,0.005,0.0,0.0,0.0,0.0,0.0,0.0,0.005,0.005,0.035,0.015,0.0,0.005,0.0,0.005,0.0,0.01,0.005,0.0,0.0,0.0,0.765,0.0,0.0,0.0,0.005,0.0,0.01,0.005,0.0,0.095,0.0,0.03,0.0,0.0,0.0
22,22,,0.0,0.005,0.0,0.0,0.0,0.0,0.0,0.0,0.0,0.01,0.04,0.005,0.0,0.0,0.005,0.0,0.0,0.09,0.015,0.0,0.0,0.0,0.8,0.01,0.0,0.0,0.0,0.0,0.0,0.0,0.0,0.02,0.0,0.0,0.0,0.0,0.0
22,22,,0.0,0.0,0.005,0.0,0.0,0.0,0.005,0.0,0.0,0.01,0.01,0.0,0.0,0.005,0.005,0.0,0.0,0.01,0.0,0.0,0.0,0.0,0.94,0.005,0.0,0.0,0.0,0.0,0.0,0.0,0.0,0.0,0.0,0.005,0.0,0.0,0.0
22,22,,0.005,0.01,0.015,0.0,0.0,0.02,0.0,0.0,0.0,0.02,0.025,0.01,0.0,0.01,0.0,0.0,0.0,0.085,0.025,0.005,0.005,0.0,0.67,0.005,0.005,0.0,0.03,0.0,0.005,0.0,0.0,0.03,0.0,0.01,0.0,0.01,0.0
22,22,,0.0,0.01,0.01,0.0,0.0,0.01,0.005,0.0,0.0,0.025,0.045,0.01,0.01,0.005,0.0,0.01,0.005,0.06,0.0,0.005,0.005,0.0,0.715,0.015,0.0,0.005,0.005,0.0,0.015,0.0,0.0,0.0,0.0,0.025,0.0,0.005,0.0
22,22,,0.01,0.01,0.01,0.01,0.005,0.0,0.0,0.0,0.0,0.01,0.02,0.0,0.005,0.02,0.0,0.005,0.0,0.085,0.115,0.0,0.0,0.0,0.57,0.02,0.0,0.005,0.025,0.0,0.0,0.0,0.0,0.045,0.01,0.0,0.005,0.015,0.0
22,22,,0.0,0.01,0.01,0.0,0.0,0.015,0.0,0.0,0.0,0.02,0.04,0.0,0.0,0.005,0.01,0.0,0.0,0.055,0.005,0.0,0.0,0.0,0.785,0.01,0.0,0.005,0.005,0.0,0.005,0.0,0.0,0.005,0.0,0.015,0.0,0.0,0.0
22,22,,0.0,0.01,0.0,0.0,0.0,0.0,0.0,0.0,0.0,0.015,0.045,0.0,0.0,0.005,0.01,0.0,0.0,0.065,0.005,0.0,0.0,0.0,0.82,0.005,0.0,0.0,0.005,0.0,0.0,0.0,0.0,0.01,0.0,0.005,0.0,0.0,0.0
22,22,,0.0,0.005,0.01,0.0,0.0,0.005,0.005,0.005,0.0,0.01,0.06,0.005,0.0,0.01,0.0,0.0,0.0,0.02,0.0,0.0,0.0,0.0,0.805,0.005,0.0,0.0,0.005,0.0,0.005,0.01,0.0,0.01,0.0,0.025,0.0,0.0,0.0
22,22,,0.0,0.005,0.0,0.0,0.0,0.0,0.0,0.0,0.0,0.01,0.04,0.0,0.005,0.0,0.0,0.0,0.0,0.09,0.01,0.0,0.0,0.0,0.805,0.005,0.0,0.01,0.005,0.0,0.0,0.0,0.0,0.005,0.01,0.0,0.0,0.0,0.0
22,22,,0.0,0.0,0.005,0.0,0.0,0.0,0.0,0.0,0.0,0.025,0.01,0.0,0.0,0.005,0.0,0.0,0.0,0.04,0.005,0.0,0.0,0.0,0.88,0.015,0.0,0.0,0.0,0.0,0.005,0.0,0.0,0.005,0.0,0.0,0.0,0.005,0.0
22,22,,0.0,0.0,0.005,0.0,0.0,0.005,0.0,0.0,0.0,0.03,0.065,0.01,0.0,0.0,0.005,0.0,0.0,0.045,0.005,0.0,0.0,0.0,0.765,0.02,0.0,0.0,0.01,0.0,0.005,0.0,0.0,0.005,0.0,0.025,0.0,0.0,0.0
22,22,,0.0,0.005,0.0,0.0,0.0,0.01,0.0,0.0,0.0,0.025,0.045,0.005,0.0,0.0,0.005,0.0,0.005,0.07,0.015,0.005,0.0,0.0,0.765,0.005,0.0,0.0,0.005,0.0,0.005,0.0,0.0,0.02,0.0,0.01,0.0,0.0,0.0
23,34,,0.0,0.0,0.0,0.0,0.02,0.015,0.0,0.0,0.0,0.015,0.005,0.0,0.045,0.005,0.125,0.0,0.025,0.0,0.1,0.005,0.03,0.075,0.0,0.145,0.025,0.06,0.005,0.0,0.01,0.0,0.0,0.005,0.0,0.0,0.285,0.0,0.0
23,21,,0.0,0.0,0.005,0.0,0.0,0.015,0.0,0.0,0.0,0.0,0.0,0.0,0.0,0.0,0.005,0.0,0.02,0.0,0.0,0.0,0.045,0.785,0.0,0.06,0.04,0.005,0.0,0.0,0.0,0.0,0.02,0.0,0.0,0.0,0.0,0.0,0.0
23,21,,0.0,0.0,0.0,0.0,0.0,0.025,0.0,0.0,0.0,0.0,0.0,0.0,0.005,0.0,0.01,0.0,0.025,0.0,0.0,0.0,0.06,0.715,0.0,0.13,0.015,0.0,0.01,0.0,0.0,0.0,0.005,0.0,0.0,0.0,0.0,0.0,0.0
23,23,,0.0,0.0,0.0,0.0,0.0,0.075,0.0,0.0,0.0,0.0,0.0,0.0,0.0,0.0,0.0,0.0,0.065,0.0,0.0,0.0,0.015,0.39,0.005,0.42,0.025,0.0,0.0,0.0,0.0,0.0,0.005,0.0,0.0,0.0,0.0,0.0,0.0
23,21,,0.015,0.0,0.0,0.0,0.015,0.035,0.0,0.0,0.005,0.0,0.005,0.0,0.015,0.005,0.06,0.01,0.04,0.0,0.005,0.0,0.025,0.55,0.0,0.105,0.01,0.025,0.01,0.005,0.0,0.0,0.0,0.0,0.005,0.0,0.045,0.005,0.005
23,34,,0.0,0.0,0.0,0.0,0.025,0.005,0.0,0.0,0.0,0.01,0.015,0.0,0.095,0.0,0.1,0.005,0.005,0.005,0.075,0.005,0.02,0.06,0.0,0.235,0.0,0.035,0.01,0.0,0.005,0.0,0.0,0.005,0.0,0.0,0.275,0.01,0.0
23,23,,0.0,0.0,0.0,0.0,0.0,0.06,0.0,0.005,0.0,0.0,0.0,0.0,0.0,0.0,0.0,0.005,0.015,0.0,0.0,0.0,0.1,0.28,0.0,0.395,0.09,0.0,0.005,0.01,0.0,0.0,0.035,0.0,0.0,0.0,0.0,0.0,0.0
24,0,,0.41,0.0,0.045,0.0,0.105,0.0,0.02,0.0,0.005,0.0,0.0,0.0,0.04,0.155,0.05,0.015,0.0,0.0,0.0,0.0,0.025,0.005,0.0,0.0,0.05,0.005,0.04,0.005,0.0,0.0,0.0,0.0,0.0,0.0,0.0,0.025,0.0
24,6,,0.015,0.0,0.02,0.0,0.0,0.0,0.27,0.01,0.025,0.0,0.0,0.0,0.01,0.025,0.01,0.025,0.0,0.0,0.0,0.0,0.26,0.0,0.0,0.0,0.19,0.005,0.03,0.055,0.0,0.0,0.05,0.0,0.0,0.0,0.0,0.0,0.0
24,20,,0.01,0.0,0.005,0.0,0.0,0.015,0.02,0.0,0.005,0.0,0.0,0.0,0.0,0.005,0.01,0.005,0.005,0.0,0.0,0.0,0.535,0.055,0.0,0.025,0.225,0.005,0.015,0.02,0.0,0.0,0.04,0.0,0.0,0.0,0.0,0.0,0.0
24,24,,0.005,0.0,0.01,0.0,0.0,0.005,0.07,0.005,0.0,0.0,0.0,0.0,0.015,0.0,0.01,0.015,0.0,0.0,0.0,0.0,0.345,0.01,0.0,0.0,0.365,0.0,0.0,0.1,0.0,0.0,0.045,0.0,0.0,0.0,0.0,0.0,0.0
24,20,,0.005,0.0,0.01,0.0,0.0,0.005,0.0,0.0,0.0,0.0,0.0,0.0,0.0,0.0,0.005,0.015,0.0,0.0,0.0,0.0,0.52,0.0,0.0,0.0,0.38,0.0,0.0,0.025,0.0,0.0,0.035,0.0,0.0,0.0,0.0,0.0,0.0
24,21,,0.005,0.0,0.0,0.0,0.0,0.02,0.0,0.0,0.005,0.0,0.0,0.0,0.0,0.0,0.005,0.0,0.0,0.0,0.0,0.0,0.35,0.5,0.0,0.035,0.065,0.0,0.0,0.0,0.0,0.0,0.01,0.0,0.0,0.0,0.005,0.0,0.0
24,23,,0.0,0.0,0.0,0.0,0.0,0.01,0.0,0.005,0.005,0.0,0.0,0.0,0.0,0.0,0.0,0.005,0.115,0.0,0.0,0.0,0.19,0.08,0.0,0.315,0.145,0.0,0.005,0.06,0.0,0.0,0.065,0.0,0.0,0.0,0.0,0.0,0.0
24,24,,0.0,0.0,0.005,0.0,0.0,0.0,0.045,0.0,0.0,0.0,0.0,0.0,0.005,0.0,0.0,0.08,0.0,0.0,0.0,0.0,0.115,0.0,0.0,0.0,0.55,0.0,0.0,0.18,0.0,0.0,0.02,0.0,0.0,0.0,0.0,0.0,0.0
24,24,,0.025,0.0,0.01,0.005,0.0,0.025,0.105,0.005,0.01,0.0,0.0,0.0,0.005,0.0,0.005,0.035,0.005,0.0,0.0,0.0,0.285,0.01,0.0,0.01,0.33,0.005,0.005,0.085,0.0,0.0,0.03,0.0,0.0,0.0,0.0,0.0,0.005
24,20,,0.0,0.0,0.005,0.0,0.0,0.005,0.02,0.0,0.0,0.0,0.0,0.0,0.0,0.0,0.0,0.005,0.0,0.0,0.0,0.0,0.535,0.0,0.0,0.0,0.365,0.0,0.01,0.035,0.0,0.0,0.02,0.0,0.0,0.0,0.0,0.0,0.0
24,24,,0.005,0.0,0.0,0.0,0.0,0.0,0.08,0.0,0.0,0.0,0.0,0.0,0.005,0.0,0.0,0.005,0.0,0.0,0.0,0.0,0.25,0.0,0.0,0.0,0.505,0.0,0.01,0.135,0.0,0.0,0.005,0.0,0.0,0.0,0.0,0.0,0.0
25,25,,0.0,0.0,0.005,0.0,0.0,0.0,0.0,0.0,0.0,0.0,0.0,0.0,0.0,0.0,0.075,0.0,0.0,0.0,0.005,0.0,0.0,0.0,0.0,0.0,0.0,0.885,0.0,0.0,0.0,0.0,0.005,0.0,0.0,0.0,0.005,0.02,0.0
25,35,,0.0,0.0,0.0,0.0,0.0,0.0,0.0,0.0,0.0,0.005,0.075,0.005,0.0,0.0,0.155,0.0,0.0,0.025,0.015,0.02,0.0,0.0,0.005,0.04,0.0,0.285,0.0,0.0,0.005,0.0,0.0,0.0,0.005,0.01,0.0,0.35,0.0
25,25,,0.0,0.005,0.005,0.0,0.0,0.0,0.0,0.0,0.0,0.01,0.0,0.0,0.0,0.0,0.055,0.0,0.0,0.0,0.015,0.0,0.0,0.0,0.0,0.0,0.0,0.635,0.0,0.0,0.0,0.0,0.0,0.005,0.0,0.0,0.0,0.27,0.0
25,25,,0.0,0.0,0.0,0.0,0.0,0.0,0.0,0.0,0.0,0.005,0.0,0.0,0.0,0.0,0.075,0.0,0.0,0.005,0.02,0.0,0.0,0.0,0.0,0.0,0.0,0.885,0.0,0.0,0.0,0.0,0.0,0.0,0.0,0.0,0.005,0.005,0.0
25,25,,0.0,0.0,0.0,0.0,0.0,0.0,0.0,0.0,0.0,0.015,0.03,0.0,0.0,0.0,0.055,0.0,0.0,0.02,0.01,0.0,0.0,0.0,0.0,0.005,0.0,0.73,0.0,0.0,0.0,0.0,0.0,0.005,0.0,0.0,0.0,0.13,0.0
25,25,,0.035,0.005,0.025,0.0,0.07,0.02,0.0,0.0,0.0,0.0,0.0,0.0,0.085,0.005,0.165,0.0,0.0,0.0,0.015,0.0,0.07,0.03,0.0,0.01,0.02,0.325,0.01,0.0,0.0,0.0,0.075,0.0,0.0,0.0,0.005,0.03,0.0
25,25,,0.0,0.0,0.0,0.0,0.0,0.0,0.0,0.0,0.0,0.0,0.0,0.0,0.0,0.0,0.08,0.0,0.0,0.0,0.005,0.0,0.0,0.0,0.0,0.0,0.0,0.83,0.0,0.0,0.0,0.0,0.0,0.0,0.0,0.0,0.005,0.08,0.0
26,26,,0.005,0.0,0.005,0.005,0.01,0.035,0.0,0.0,0.0,0.0,0.005,0.0,0.01,0.01,0.0,0.0,0.01,0.0,0.03,0.0,0.0,0.0,0.01,0.0,0.0,0.015,0.84,0.0,0.0,0.0,0.0,0.005,0.0,0.0,0.005,0.0,0.0
26,26,,0.0,0.0,0.005,0.02,0.005,0.09,0.0,0.01,0.0,0.0,0.0,0.005,0.035,0.02,0.005,0.015,0.01,0.0,0.01,0.0,0.02,0.0,0.0,0.0,0.02,0.0,0.715,0.005,0.0,0.005,0.0,0.0,0.0,0.0,0.0,0.005,0.0
26,26,,0.01,0.0,0.03,0.0,0.01,0.015,0.0,0.0,0.0,0.0,0.0,0.0,0.005,0.01,0.015,0.0,0.0,0.0,0.01,0.0,0.0,0.0,0.005,0.0,0.005,0.0,0.865,0.0,0.0,0.0,0.0,0.0,0.005,0.0,0.0,0.015,0.0
26,26,,0.0,0.005,0.005,0.005,0.0,0.06,0.0,0.0,0.005,0.0,0.0,0.0,0.015,0.005,0.005,0.005,0.015,0.0,0.02,0.0,0.02,0.0,0.0,0.0,0.015,0.0,0.82,0.0,0.0,0.0,0.0,0.0,0.0,0.0,0.0,0.0,0.0
26,26,,0.045,0.0,0.0,0.0,0.0,0.015,0.0,0.0,0.0,0.0,0.0,0.0,0.0,0.02,0.005,0.01,0.005,0.0,0.025,0.0,0.0,0.0,0.0,0.0,0.005,0.0,0.84,0.0,0.0,0.005,0.005,0.0,0.0,0.0,0.005,0.01,0.005
26,26,,0.0,0.0,0.0,0.0,0.0,0.065,0.0,0.0,0.0,0.0,0.0,0.005,0.0,0.005,0.0,0.0,0.005,0.0,0.005,0.0,0.0,0.0,0.0,0.0,0.0,0.005,0.905,0.0,0.0,0.0,0.005,0.0,0.0,0.0,0.0,0.0,0.0
26,26,,0.01,0.0,0.0,0.0,0.005,0.06,0.0,0.0,0.0,0.0,0.0,0.0,0.01,0.015,0.005,0.015,0.005,0.0,0.005,0.0,0.0,0.0,0.0,0.0,0.0,0.005,0.86,0.0,0.005,0.0,0.0,0.0,0.0,0.0,0.0,0.0,0.0
27,20,,0.0,0.0,0.0,0.0,0.0,0.005,0.005,0.0,0.0,0.0,0.0,0.0,0.0,0.0,0.0,0.03,0.0,0.0,0.0,0.0,0.415,0.01,0.0,0.01,0.15,0.0,0.0,0.34,0.0,0.0,0.035,0.0,0.0,0.0,0.0,0.0,0.0
27,27,,0.0,0.0,0.005,0.0,0.0,0.0,0.005,0.0,0.0,0.0,0.0,0.0,0.0,0.0,0.0,0.4,0.0,0.0,0.0,0.0,0.09,0.0,0.0,0.005,0.01,0.0,0.0,0.435,0.0,0.0,0.05,0.0,0.0,0.0,0.0,0.0,0.0
27,20,,0.0,0.0,0.0,0.0,0.0,0.0,0.0,0.0,0.0,0.0,0.0,0.0,0.0,0.0,0.0,0.02,0.0,0.0,0.0,0.0,0.5,0.0,0.0,0.005,0.135,0.0,0.0,0.3,0.0,0.0,0.04,0.0,0.0,0.0,0.0,0.0,0.0
27,27,,0.0,0.0,0.0,0.0,0.0,0.0,0.0,0.0,0.0,0.0,0.0,0.0,0.0,0.0,0.0,0.19,0.01,0.0,0.0,0.0,0.25,0.005,0.0,0.015,0.16,0.0,0.0,0.34,0.0,0.0,0.03,0.0,0.0,0.0,0.0,0.0,0.0
27,27,,0.0,0.0,0.0,0.0,0.0,0.0,0.0,0.0,0.0,0.0,0.0,0.0,0.0,0.0,0.005,0.025,0.0,0.0,0.0,0.0,0.155,0.0,0.0,0.0,0.06,0.0,0.0,0.73,0.0,0.0,0.025,0.0,0.0,0.0,0.0,0.0,0.0
27,15,,0.0,0.0,0.005,0.0,0.0,0.0,0.005,0.0,0.0,0.0,0.0,0.0,0.0,0.0,0.0,0.565,0.01,0.0,0.0,0.0,0.06,0.0,0.0,0.0,0.02,0.0,0.0,0.32,0.0,0.0,0.015,0.0,0.0,0.0,0.0,0.0,0.0
27,27,,0.0,0.0,0.0,0.0,0.0,0.0,0.0,0.0,0.0,0.0,0.0,0.0,0.0,0.0,0.0,0.08,0.005,0.0,0.0,0.0,0.21,0.0,0.0,0.0,0.05,0.0,0.0,0.65,0.0,0.0,0.005,0.0,0.0,0.0,0.0,0.0,0.0
27,20,,0.0,0.0,0.0,0.0,0.0,0.0,0.0,0.0,0.0,0.0,0.0,0.0,0.0,0.0,0.0,0.015,0.005,0.0,0.0,0.0,0.56,0.0,0.0,0.0,0.1,0.0,0.0,0.275,0.0,0.0,0.045,0.0,0.0,0.0,0.0,0.0,0.0
27,20,,0.0,0.0,0.0,0.0,0.0,0.0,0.0,0.005,0.0,0.0,0.0,0.0,0.0,0.0,0.0,0.04,0.01,0.0,0.0,0.0,0.385,0.0,0.0,0.01,0.13,0.0,0.0,0.375,0.0,0.0,0.045,0.0,0.0,0.0,0.0,0.0,0.0
27,27,,0.0,0.0,0.0,0.0,0.0,0.0,0.0,0.0,0.0,0.0,0.0,0.0,0.0,0.0,0.0,0.16,0.005,0.0,0.0,0.0,0.32,0.0,0.0,0.0,0.055,0.0,0.0,0.4,0.0,0.0,0.06,0.0,0.0,0.0,0.0,0.0,0.0
27,27,,0.0,0.0,0.0,0.0,0.0,0.0,0.0,0.0,0.0,0.0,0.0,0.0,0.0,0.0,0.0,0.24,0.0,0.0,0.0,0.0,0.265,0.0,0.0,0.005,0.025,0.0,0.005,0.455,0.0,0.0,0.005,0.0,0.0,0.0,0.0,0.0,0.0
28,28,,0.0,0.005,0.03,0.005,0.0,0.025,0.0,0.01,0.01,0.005,0.195,0.0,0.0,0.0,0.025,0.005,0.025,0.0,0.0,0.0,0.005,0.0,0.005,0.01,0.0,0.0,0.01,0.0,0.36,0.005,0.005,0.005,0.045,0.2,0.0,0.01,0.0
28,28,,0.0,0.005,0.015,0.0,0.0,0.065,0.0,0.01,0.005,0.0,0.045,0.0,0.0,0.0,0.005,0.0,0.025,0.0,0.0,0.0,0.0,0.0,0.0,0.005,0.0,0.0,0.005,0.0,0.62,0.005,0.0,0.0,0.02,0.16,0.0,0.01,0.0
28,28,,0.0,0.0,0.01,0.0,0.0,0.035,0.0,0.0,0.005,0.0,0.01,0.0,0.0,0.0,0.045,0.0,0.005,0.0,0.0,0.005,0.0,0.0,0.0,0.015,0.0,0.005,0.005,0.005,0.765,0.005,0.0,0.0,0.055,0.015,0.015,0.0,0.0
28,32,,0.0,0.0,0.005,0.0,0.0,0.01,0.0,0.0,0.0,0.01,0.04,0.0,0.0,0.0,0.09,0.0,0.01,0.005,0.005,0.01,0.0,0.0,0.0,0.025,0.0,0.0,0.0,0.0,0.32,0.0,0.0,0.0,0.455,0.0,0.015,0.0,0.0
28,28,,0.0,0.0,0.0,0.0,0.0,0.005,0.0,0.0,0.0,0.0,0.01,0.0,0.0,0.0,0.01,0.0,0.01,0.0,0.0,0.0,0.005,0.0,0.0,0.005,0.0,0.0,0.0,0.0,0.865,0.0,0.0,0.0,0.035,0.055,0.0,0.0,0.0
28,28,,0.0,0.0,0.0,0.0,0.0,0.0,0.0,0.0,0.005,0.0,0.035,0.0,0.0,0.0,0.005,0.0,0.0,0.0,0.0,0.0,0.0,0.0,0.0,0.0,0.0,0.0,0.0,0.005,0.81,0.0,0.0,0.0,0.01,0.13,0.0,0.0,0.0
28,28,,0.0,0.0,0.005,0.0,0.0,0.015,0.0,0.0,0.005,0.0,0.1,0.0,0.01,0.0,0.12,0.005,0.005,0.005,0.005,0.0,0.0,0.0,0.0,0.045,0.0,0.0,0.005,0.0,0.565,0.0,0.0,0.0,0.07,0.035,0.005,0.0,0.0
28,28,,0.005,0.0,0.005,0.0,0.005,0.015,0.0,0.0,0.0,0.0,0.03,0.0,0.005,0.0,0.04,0.0,0.005,0.01,0.0,0.0,0.0,0.005,0.0,0.0,0.0,0.005,0.005,0.0,0.72,0.0,0.0,0.005,0.09,0.03,0.015,0.005,0.0
28,28,,0.0,0.0,0.005,0.0,0.0,0.04,0.0,0.0,0.0,0.0,0.09,0.0,0.0,0.0,0.02,0.0,0.0,0.0,0.0,0.005,0.0,0.0,0.0,0.01,0.0,0.01,0.0,0.005,0.62,0.0,0.0,0.0,0.01,0.185,0.0,0.0,0.0
28,32,,0.0,0.0,0.0,0.0,0.0,0.01,0.0,0.0,0.0,0.005,0.11,0.0,0.0,0.0,0.09,0.005,0.0,0.01,0.0,0.005,0.0,0.0,0.0,0.04,0.0,0.0,0.0,0.0,0.175,0.0,0.0,0.0,0.535,0.005,0.01,0.0,0.0
29,29,,0.0,0.0,0.005,0.045,0.0,0.0,0.0,0.035,0.0,0.0,0.005,0.0,0.0,0.0,0.0,0.0,0.0,0.0,0.005,0.0,0.0,0.0,0.0,0.0,0.0,0.0,0.0,0.0,0.0,0.885,0.0,0.0,0.0,0.0,0.0,0.015,0.005
29,29,,0.0,0.0,0.0,0.015,0.0,0.0,0.0,0.025,0.005,0.0,0.0,0.0,0.0,0.0,0.0,0.0,0.0,0.0,0.0,0.0,0.0,0.0,0.0,0.0,0.0,0.0,0.0,0.0,0.0,0.945,0.0,0.0,0.0,0.0,0.0,0.0,0.01
29,29,,0.0,0.0,0.015,0.0,0.0,0.0,0.0,0.02,0.005,0.0,0.0,0.0,0.0,0.005,0.0,0.0,0.0,0.0,0.0,0.0,0.0,0.0,0.0,0.0,0.0,0.0,0.01,0.0,0.0,0.925,0.0,0.0,0.0,0.0,0.0,0.005,0.015
29,29,,0.0,0.0,0.0,0.0,0.0,0.0,0.0,0.0,0.0,0.0,0.0,0.0,0.0,0.0,0.0,0.0,0.0,0.0,0.0,0.0,0.0,0.0,0.0,0.0,0.0,0.0,0.0,0.0,0.0,1.0,0.0,0.0,0.0,0.0,0.0,0.0,0.0
29,29,,0.0,0.005,0.04,0.0,0.005,0.0,0.0,0.0,0.0,0.0,0.0,0.0,0.005,0.01,0.0,0.0,0.005,0.0,0.005,0.0,0.0,0.005,0.0,0.0,0.0,0.0,0.01,0.0,0.0,0.865,0.0,0.0,0.005,0.005,0.0,0.01,0.025
29,29,,0.0,0.0,0.0,0.0,0.0,0.0,0.0,0.005,0.0,0.0,0.0,0.0,0.0,0.0,0.0,0.0,0.0,0.0,0.0,0.0,0.0,0.0,0.0,0.0,0.0,0.0,0.0,0.0,0.0,0.995,0.0,0.0,0.0,0.0,0.0,0.0,0.0
29,29,,0.0,0.0,0.02,0.005,0.0,0.0,0.0,0.025,0.0,0.0,0.0,0.0,0.0,0.005,0.0,0.0,0.0,0.0,0.0,0.0,0.0,0.0,0.005,0.0,0.0,0.0,0.0,0.0,0.0,0.92,0.0,0.0,0.0,0.0,0.0,0.0,0.02
29,29,,0.0,0.005,0.025,0.025,0.0,0.0,0.0,0.05,0.0,0.0,0.0,0.0,0.01,0.005,0.0,0.0,0.005,0.0,0.005,0.0,0.0,0.0,0.0,0.0,0.0,0.0,0.005,0.0,0.0,0.84,0.0,0.0,0.0,0.005,0.005,0.015,0.0
29,29,,0.0,0.01,0.08,0.005,0.005,0.005,0.0,0.035,0.015,0.0,0.0,0.0,0.0,0.0,0.005,0.0,0.0,0.0,0.0,0.0,0.0,0.005,0.005,0.0,0.005,0.0,0.005,0.0,0.0,0.78,0.0,0.0,0.005,0.0,0.0,0.01,0.025
29,29,,0.0,0.0,0.015,0.005,0.0,0.0,0.0,0.005,0.0,0.0,0.0,0.0,0.0,0.015,0.0,0.0,0.0,0.005,0.0,0.0,0.0,0.0,0.0,0.0,0.0,0.0,0.0,0.0,0.0,0.955,0.0,0.0,0.0,0.0,0.0,0.0,0.0
29,29,,0.0,0.005,0.01,0.17,0.0,0.015,0.0,0.2,0.005,0.0,0.0,0.0,0.045,0.005,0.01,0.005,0.02,0.0,0.01,0.0,0.01,0.01,0.005,0.01,0.01,0.01,0.005,0.0,0.0,0.41,0.0,0.0,0.0,0.0,0.015,0.015,0.0
29,29,,0.0,0.0,0.005,0.005,0.0,0.0,0.0,0.005,0.0,0.0,0.0,0.0,0.0,0.0,0.0,0.0,0.0,0.0,0.0,0.0,0.0,0.0,0.0,0.0,0.0,0.0,0.0,0.0,0.0,0.985,0.0,0.0,0.0,0.0,0.0,0.0,0.0
29,29,,0.0,0.005,0.045,0.005,0.0,0.0,0.0,0.035,0.01,0.0,0.0,0.0,0.005,0.0,0.0,0.0,0.0,0.005,0.005,0.0,0.0,0.01,0.0,0.0,0.0,0.0,0.01,0.0,0.005,0.81,0.0,0.0,0.005,0.0,0.0,0.01,0.035
29,29,,0.0,0.005,0.02,0.0,0.0,0.0,0.0,0.025,0.005,0.0,0.0,0.0,0.005,0.0,0.0,0.0,0.0,0.0,0.0,0.0,0.0,0.0,0.0,0.0,0.0,0.0,0.0,0.0,0.0,0.92,0.0,0.0,0.0,0.0,0.0,0.01,0.01
30,25,,0.005,0.0,0.145,0.005,0.015,0.05,0.0,0.0,0.02,0.015,0.005,0.0,0.025,0.015,0.165,0.005,0.015,0.0,0.03,0.0,0.025,0.05,0.0,0.02,0.01,0.19,0.04,0.0,0.0,0.0,0.03,0.0,0.0,0.0,0.0,0.12,0.0
30,30,,0.03,0.0,0.005,0.0,0.0,0.02,0.01,0.005,0.0,0.0,0.0,0.0,0.0,0.0,0.02,0.005,0.01,0.0,0.0,0.0,0.185,0.015,0.0,0.015,0.15,0.0,0.0,0.0,0.0,0.0,0.525,0.0,0.0,0.0,0.0,0.005,0.0
30,35,,0.015,0.005,0.055,0.0,0.005,0.0,0.0,0.005,0.0,0.02,0.005,0.005,0.01,0.01,0.24,0.0,0.01,0.005,0.05,0.0,0.01,0.0,0.01,0.0,0.005,0.125,0.04,0.0,0.005,0.0,0.0,0.0,0.0,0.0,0.0,0.365,0.0
30,30,,0.07,0.0,0.06,0.0,0.005,0.035,0.035,0.01,0.02,0.0,0.0,0.0,0.0,0.03,0.035,0.005,0.0,0.0,0.0,0.0,0.105,0.025,0.0,0.01,0.095,0.0,0.015,0.0,0.0,0.0,0.415,0.0,0.0,0.0,0.005,0.025,0.0
30,30,,0.0,0.0,0.005,0.0,0.0,0.005,0.0,0.0,0.0,0.0,0.0,0.0,0.0,0.0,0.0,0.0,0.005,0.0,0.0,0.0,0.055,0.06,0.0,0.04,0.135,0.0,0.0,0.005,0.0,0.0,0.69,0.0,0.0,0.0,0.0,0.0,0.0
30,30,,0.005,0.0,0.0,0.0,0.0,0.0,0.0,0.0,0.01,0.0,0.0,0.0,0.0,0.0,0.005,0.0,0.0,0.0,0.0,0.0,0.075,0.01,0.0,0.01,0.09,0.0,0.0,0.0,0.0,0.0,0.79,0.0,0.0,0.0,0.0,0.005,0.0
30,14,,0.0,0.01,0.12,0.01,0.0,0.1,0.005,0.005,0.035,0.015,0.015,0.0,0.01,0.015,0.21,0.01,0.03,0.005,0.025,0.0,0.005,0.04,0.01,0.035,0.01,0.085,0.015,0.0,0.01,0.01,0.015,0.0,0.0,0.005,0.045,0.095,0.0
30,30,,0.01,0.0,0.0,0.0,0.0,0.02,0.0,0.005,0.0,0.0,0.0,0.0,0.0,0.005,0.01,0.0,0.015,0.0,0.0,0.0,0.315,0.01,0.0,0.03,0.24,0.005,0.01,0.005,0.0,0.0,0.32,0.0,0.0,0.0,0.0,0.0,0.0
30,27,,0.0,0.0,0.0,0.0,0.0,0.0,0.0,0.0,0.0,0.0,0.0,0.0,0.0,0.0,0.0,0.055,0.015,0.0,0.0,0.0,0.27,0.0,0.0,0.02,0.0,0.0,0.0,0.46,0.0,0.0,0.18,0.0,0.0,0.0,0.0,0.0,0.0
30,30,,0.0,0.0,0.0,0.0,0.0,0.005,0.0,0.0,0.005,0.0,0.0,0.0,0.0,0.0,0.0,0.015,0.0,0.0,0.0,0.0,0.16,0.0,0.0,0.015,0.04,0.0,0.005,0.01,0.0,0.0,0.745,0.0,0.0,0.0,0.0,0.0,0.0
30,30,,0.0,0.0,0.0,0.0,0.0,0.01,0.0,0.0,0.005,0.0,0.0,0.0,0.0,0.0,0.0,0.0,0.02,0.0,0.0,0.0,0.055,0.035,0.0,0.16,0.05,0.0,0.005,0.005,0.0,0.0,0.655,0.0,0.0,0.0,0.0,0.0,0.0
30,35,,0.0,0.0,0.14,0.0,0.0,0.045,0.0,0.0,0.01,0.0,0.025,0.0,0.005,0.0,0.29,0.0,0.01,0.0,0.02,0.0,0.01,0.005,0.005,0.025,0.0,0.055,0.0,0.0,0.005,0.0,0.005,0.005,0.0,0.005,0.015,0.32,0.0
31,31,,0.005,0.01,0.005,0.0,0.005,0.005,0.0,0.0,0.0,0.085,0.005,0.0,0.0,0.035,0.005,0.035,0.0,0.005,0.085,0.0,0.005,0.0,0.06,0.0,0.0,0.005,0.005,0.0,0.0,0.0,0.0,0.61,0.0,0.0,0.0,0.03,0.0
31,31,,0.0,0.02,0.0,0.0,0.0,0.0,0.0,0.0,0.0,0.035,0.0,0.055,0.0,0.0,0.0,0.005,0.0,0.0,0.0,0.0,0.0,0.0,0.01,0.0,0.0,0.0,0.0,0.0,0.0,0.0,0.0,0.87,0.0,0.005,0.0,0.0,0.0
31,31,,0.0,0.135,0.0,0.0,0.0,0.0,0.0,0.0,0.0,0.005,0.0,0.19,0.0,0.0,0.0,0.0,0.0,0.0,0.0,0.0,0.0,0.0,0.015,0.0,0.0,0.0,0.0,0.0,0.0,0.005,0.0,0.65,0.0,0.0,0.0,0.0,0.0
31,31,,0.0,0.02,0.0,0.0,0.0,0.0,0.0,0.0,0.0,0.005,0.0,0.01,0.0,0.0,0.0,0.0,0.0,0.0,0.0,0.0,0.0,0.0,0.0,0.0,0.0,0.0,0.0,0.0,0.0,0.0,0.0,0.965,0.0,0.0,0.0,0.0,0.0
31,31,,0.0,0.0,0.0,0.0,0.0,0.0,0.0,0.0,0.0,0.01,0.01,0.0,0.0,0.0,0.0,0.0,0.0,0.005,0.0,0.0,0.0,0.0,0.01,0.0,0.0,0.0,0.0,0.0,0.0,0.0,0.0,0.965,0.0,0.0,0.0,0.0,0.0
31,31,,0.0,0.0,0.0,0.0,0.0,0.0,0.0,0.0,0.0,0.025,0.0,0.0,0.0,0.005,0.0,0.005,0.0,0.0,0.01,0.0,0.0,0.0,0.015,0.0,0.0,0.0,0.0,0.0,0.0,0.0,0.0,0.94,0.0,0.0,0.0,0.0,0.0
32,32,,0.0,0.0,0.0,0.0,0.0,0.005,0.0,0.0,0.0,0.0,0.12,0.0,0.005,0.0,0.115,0.0,0.005,0.02,0.0,0.005,0.0,0.0,0.0,0.14,0.0,0.0,0.0,0.0,0.14,0.0,0.0,0.0,0.41,0.025,0.01,0.0,0.0
32,32,,0.0,0.0,0.0,0.0,0.0,0.005,0.0,0.0,0.0,0.0,0.025,0.0,0.0,0.0,0.05,0.0,0.0,0.005,0.0,0.025,0.0,0.0,0.0,0.115,0.0,0.0,0.005,0.0,0.275,0.0,0.0,0.0,0.49,0.0,0.005,0.0,0.0
32,28,,0.0,0.0,0.0,0.0,0.0,0.005,0.0,0.0,0.0,0.0,0.125,0.005,0.0,0.0,0.11,0.005,0.01,0.01,0.0,0.01,0.0,0.0,0.0,0.065,0.0,0.0,0.0,0.0,0.345,0.0,0.0,0.0,0.27,0.02,0.02,0.0,0.0
32,32,,0.0,0.0,0.0,0.0,0.0,0.075,0.0,0.0,0.0,0.0,0.075,0.0,0.0,0.0,0.07,0.0,0.015,0.015,0.0,0.005,0.005,0.0,0.01,0.025,0.005,0.0,0.02,0.0,0.145,0.0,0.005,0.0,0.51,0.01,0.005,0.005,0.0
32,10,,0.005,0.0,0.12,0.015,0.0,0.065,0.0,0.005,0.03,0.005,0.265,0.005,0.0,0.0,0.025,0.01,0.015,0.0,0.005,0.005,0.01,0.0,0.01,0.01,0.0,0.01,0.01,0.0,0.195,0.04,0.0,0.0,0.02,0.095,0.01,0.01,0.005
32,28,,0.0,0.0,0.0,0.0,0.0,0.045,0.0,0.0,0.0,0.0,0.26,0.0,0.0,0.005,0.025,0.0,0.0,0.0,0.005,0.005,0.0,0.0,0.01,0.04,0.0,0.0,0.005,0.0,0.3,0.0,0.0,0.0,0.09,0.21,0.0,0.0,0.0
32,28,,0.0,0.0,0.05,0.0,0.0,0.03,0.0,0.005,0.005,0.0,0.27,0.005,0.0,0.0,0.11,0.005,0.02,0.0,0.005,0.0,0.0,0.0,0.0,0.035,0.0,0.0,0.0,0.0,0.325,0.005,0.0,0.0,0.025,0.08,0.015,0.005,0.005
32,28,,0.0,0.0,0.0,0.0,0.0,0.005,0.005,0.0,0.005,0.0,0.16,0.0,0.0,0.0,0.03,0.0,0.005,0.005,0.0,0.005,0.0,0.0,0.0,0.02,0.0,0.005,0.0,0.0,0.595,0.0,0.0,0.0,0.105,0.045,0.005,0.005,0.0
32,32,,0.0,0.0,0.0,0.0,0.0,0.015,0.0,0.0,0.0,0.0,0.035,0.0,0.005,0.0,0.045,0.0,0.005,0.02,0.0,0.01,0.0,0.0,0.005,0.03,0.0,0.0,0.0,0.0,0.27,0.0,0.0,0.005,0.525,0.015,0.015,0.0,0.0
32,28,,0.0,0.0,0.0,0.0,0.0,0.005,0.0,0.0,0.0,0.0,0.015,0.0,0.0,0.0,0.065,0.0,0.0,0.005,0.0,0.0,0.0,0.0,0.0,0.025,0.0,0.0,0.0,0.0,0.65,0.0,0.0,0.0,0.23,0.005,0.0,0.0,0.0
32,28,,0.0,0.0,0.0,0.0,0.0,0.015,0.0,0.0,0.0,0.0,0.095,0.0,0.0,0.0,0.04,0.0,0.0,0.01,0.0,0.02,0.0,0.0,0.0,0.01,0.0,0.0,0.0,0.0,0.495,0.0,0.0,0.0,0.315,0.0,0.0,0.0,0.0
32,32,,0.0,0.0,0.005,0.0,0.0,0.02,0.0,0.0,0.0,0.01,0.08,0.005,0.0,0.0,0.165,0.0,0.015,0.015,0.045,0.01,0.0,0.0,0.015,0.05,0.0,0.0,0.01,0.0,0.04,0.0,0.0,0.0,0.43,0.015,0.065,0.005,0.0
32,10,,0.0,0.0,0.0,0.0,0.0,0.025,0.0,0.0,0.0,0.0,0.685,0.0,0.0,0.0,0.01,0.0,0.0,0.005,0.0,0.02,0.0,0.0,0.0,0.115,0.0,0.0,0.0,0.0,0.065,0.0,0.0,0.0,0.005,0.065,0.0,0.005,0.0
32,28,,0.0,0.0,0.0,0.0,0.0,0.07,0.0,0.0,0.0,0.0,0.175,0.0,0.0,0.0,0.065,0.0,0.01,0.005,0.0,0.0,0.0,0.0,0.0,0.025,0.0,0.0,0.005,0.0,0.29,0.0,0.0,0.0,0.175,0.155,0.0,0.025,0.0
32,28,,0.0,0.035,0.0,0.0,0.0,0.035,0.005,0.0,0.015,0.02,0.1,0.0,0.0,0.0,0.11,0.005,0.015,0.015,0.005,0.005,0.0,0.0,0.015,0.03,0.0,0.0,0.01,0.0,0.355,0.0,0.0,0.0,0.03,0.165,0.025,0.005,0.0
32,28,,0.0,0.0,0.0,0.0,0.0,0.01,0.0,0.0,0.0,0.0,0.14,0.0,0.0,0.0,0.045,0.0,0.0,0.005,0.0,0.035,0.0,0.0,0.005,0.085,0.0,0.0,0.0,0.0,0.335,0.0,0.0,0.0,0.305,0.03,0.0,0.005,0.0
33,33,,0.0,0.0,0.005,0.0,0.0,0.0,0.0,0.0,0.005,0.015,0.02,0.04,0.0,0.005,0.0,0.015,0.005,0.0,0.0,0.005,0.0,0.0,0.05,0.0,0.005,0.0,0.02,0.0,0.005,0.0,0.0,0.025,0.0,0.76,0.0,0.01,0.01
33,33,,0.0,0.04,0.075,0.01,0.0,0.01,0.005,0.015,0.02,0.015,0.03,0.065,0.0,0.0,0.0,0.01,0.005,0.0,0.015,0.0,0.0,0.0,0.02,0.0,0.015,0.0,0.045,0.01,0.02,0.02,0.0,0.025,0.0,0.395,0.0,0.02,0.115
33,5,,0.005,0.0,0.06,0.005,0.0,0.29,0.005,0.0,0.005,0.02,0.185,0.02,0.0,0.0,0.005,0.005,0.005,0.025,0.005,0.01,0.0,0.0,0.01,0.055,0.0,0.0,0.025,0.0,0.04,0.01,0.005,0.0,0.0,0.17,0.0,0.03,0.005
33,33,,0.0,0.0,0.0,0.0,0.0,0.02,0.0,0.0,0.0,0.0,0.125,0.0,0.0,0.0,0.0,0.0,0.0,0.0,0.01,0.0,0.0,0.0,0.0,0.005,0.0,0.0,0.0,0.0,0.23,0.005,0.0,0.0,0.005,0.6,0.0,0.0,0.0
33,33,,0.0,0.0,0.005,0.0,0.0,0.025,0.0,0.0,0.0,0.0,0.15,0.0,0.0,0.0,0.0,0.0,0.0,0.0,0.0,0.0,0.0,0.0,0.0,0.005,0.005,0.0,0.0,0.0,0.14,0.005,0.0,0.0,0.02,0.64,0.0,0.005,0.0
33,33,,0.0,0.0,0.005,0.0,0.0,0.0,0.0,0.0,0.0,0.0,0.015,0.0,0.0,0.0,0.0,0.0,0.005,0.0,0.01,0.0,0.0,0.0,0.0,0.0,0.0,0.0,0.01,0.0,0.045,0.005,0.0,0.0,0.0,0.905,0.0,0.0,0.0
33,33,,0.0,0.0,0.01,0.0,0.0,0.0,0.0,0.0,0.0,0.0,0.02,0.0,0.0,0.0,0.0,0.0,0.0,0.0,0.0,0.0,0.0,0.0,0.01,0.0,0.0,0.0,0.01,0.0,0.01,0.0,0.0,0.0,0.005,0.91,0.0,0.005,0.02
33,10,,0.0,0.0,0.0,0.0,0.0,0.015,0.0,0.0,0.0,0.015,0.56,0.0,0.0,0.0,0.03,0.0,0.0,0.015,0.015,0.04,0.0,0.0,0.005,0.13,0.0,0.0,0.0,0.0,0.04,0.0,0.0,0.005,0.045,0.08,0.005,0.0,0.0
34,18,,0.0,0.0,0.0,0.0,0.0,0.0,0.0,0.0,0.0,0.0,0.005,0.0,0.005,0.0,0.055,0.01,0.0,0.03,0.42,0.0,0.0,0.0,0.0,0.04,0.0,0.09,0.01,0.0,0.005,0.0,0.0,0.0,0.005,0.0,0.325,0.0,0.0
34,34,,0.0,0.0,0.0,0.0,0.0,0.01,0.0,0.0,0.0,0.0,0.01,0.0,0.0,0.0,0.04,0.0,0.0,0.055,0.035,0.005,0.0,0.0,0.005,0.22,0.0,0.015,0.0,0.0,0.0,0.0,0.0,0.0,0.005,0.0,0.595,0.005,0.0
34,23,,0.0,0.0,0.0,0.0,0.0,0.005,0.0,0.0,0.0,0.0,0.05,0.0,0.0,0.0,0.065,0.0,0.0,0.08,0.01,0.08,0.0,0.0,0.005,0.44,0.0,0.02,0.005,0.0,0.0,0.0,0.0,0.0,0.015,0.0,0.225,0.0,0.0
34,34,,0.0,0.0,0.0,0.0,0.005,0.005,0.0,0.0,0.0,0.0,0.005,0.0,0.0,0.0,0.015,0.0,0.0,0.0,0.03,0.0,0.0,0.0,0.0,0.04,0.0,0.005,0.0,0.0,0.0,0.0,0.0,0.0,0.0,0.0,0.895,0.0,0.0
34,34,,0.0,0.0,0.0,0.0,0.005,0.0,0.0,0.0,0.0,0.0,0.015,0.0,0.0,0.0,0.015,0.005,0.0,0.015,0.035,0.005,0.0,0.0,0.0,0.06,0.0,0.03,0.0,0.0,0.0,0.0,0.005,0.0,0.0,0.0,0.81,0.0,0.0
34,34,,0.0,0.0,0.0,0.0,0.0,0.01,0.0,0.0,0.0,0.005,0.0,0.0,0.0,0.0,0.015,0.0,0.0,0.0,0.03,0.0,0.0,0.0,0.0,0.055,0.0,0.0,0.0,0.0,0.0,0.0,0.0,0.0,0.005,0.0,0.875,0.005,0.0
34,34,,0.0,0.0,0.0,0.0,0.0,0.005,0.0,0.0,0.0,0.005,0.035,0.0,0.0,0.005,0.055,0.0,0.0,0.05,0.05,0.015,0.0,0.0,0.0,0.13,0.0,0.025,0.0,0.0,0.0,0.0,0.0,0.0,0.01,0.0,0.615,0.0,0.0
34,34,,0.0,0.0,0.0,0.0,0.0,0.0,0.0,0.0,0.0,0.0,0.005,0.0,0.0,0.0,0.015,0.0,0.0,0.005,0.01,0.01,0.0,0.0,0.0,0.08,0.0,0.005,0.0,0.0,0.0,0.0,0.0,0.0,0.005,0.0,0.865,0.0,0.0
34,34,,0.0,0.0,0.0,0.0,0.005,0.005,0.0,0.0,0.0,0.005,0.0,0.0,0.01,0.0,0.06,0.0,0.0,0.005,0.17,0.0,0.005,0.005,0.0,0.045,0.0,0.02,0.005,0.0,0.0,0.0,0.0,0.0,0.005,0.0,0.655,0.0,0.0
34,34,,0.0,0.0,0.035,0.005,0.005,0.045,0.005,0.005,0.005,0.005,0.005,0.0,0.0,0.0,0.185,0.0,0.06,0.0,0.065,0.0,0.015,0.055,0.0,0.05,0.01,0.02,0.005,0.0,0.005,0.005,0.005,0.0,0.0,0.0,0.38,0.025,0.0
35,12,,0.0,0.01,0.05,0.065,0.04,0.01,0.0,0.0,0.03,0.005,0.0,0.0,0.3,0.06,0.01,0.005,0.005,0.005,0.195,0.0,0.055,0.005,0.005,0.01,0.035,0.03,0.03,0.0,0.0,0.015,0.0,0.0,0.0,0.0,0.0,0.02,0.005
35,35,,0.0,0.0,0.015,0.0,0.0,0.0,0.0,0.0,0.0,0.03,0.06,0.005,0.0,0.0,0.015,0.01,0.0,0.025,0.01,0.0,0.0,0.0,0.015,0.0,0.0,0.005,0.01,0.0,0.005,0.0,0.0,0.005,0.0,0.0,0.0,0.79,0.0
35,35,,0.0,0.005,0.11,0.0,0.01,0.0,0.0,0.005,0.005,0.005,0.0,0.0,0.01,0.015,0.005,0.005,0.0,0.005,0.015,0.0,0.005,0.0,0.005,0.0,0.005,0.045,0.005,0.0,0.0,0.0,0.0,0.015,0.0,0.0,0.0,0.725,0.0
35,35,,0.0,0.0,0.0,0.0,0.0,0.0,0.0,0.0,0.0,0.0,0.015,0.0,0.0,0.0,0.16,0.0,0.005,0.01,0.01,0.0,0.0,0.0,0.0,0.0,0.0,0.145,0.0,0.0,0.0,0.0,0.0,0.0,0.0,0.0,0.01,0.645,0.0
35,35,,0.0,0.0,0.01,0.0,0.005,0.0,0.0,0.005,0.005,0.015,0.0,0.0,0.0,0.0,0.02,0.005,0.0,0.0,0.015,0.0,0.0,0.0,0.0,0.0,0.0,0.045,0.0,0.0,0.0,0.0,0.0,0.015,0.0,0.0,0.0,0.86,0.0
35,0,,0.245,0.0,0.18,0.0,0.055,0.005,0.01,0.0,0.02,0.0,0.0,0.0,0.005,0.05,0.085,0.0,0.0,0.0,0.005,0.0,0.015,0.02,0.0,0.0,0.04,0.02,0.05,0.0,0.0,0.0,0.045,0.0,0.0,0.0,0.0,0.15,0.0
35,12,,0.05,0.005,0.085,0.025,0.095,0.005,0.0,0.005,0.015,0.01,0.0,0.0,0.3,0.07,0.025,0.025,0.0,0.0,0.05,0.0,0.055,0.01,0.015,0.0,0.065,0.01,0.03,0.0,0.0,0.0,0.0,0.005,0.0,0.0,0.005,0.04,0.0
35,35,,0.0,0.0,0.04,0.0,0.005,0.0,0.0,0.005,0.005,0.015,0.005,0.0,0.005,0.005,0.035,0.0,0.0,0.0,0.02,0.0,0.0,0.0,0.0,0.0,0.0,0.07,0.005,0.0,0.0,0.0,0.0,0.02,0.0,0.0,0.005,0.76,0.0
35,35,,0.0,0.0,0.03,0.0,0.005,0.0,0.0,0.005,0.0,0.0,0.0,0.0,0.01,0.015,0.06,0.0,0.0,0.0,0.02,0.0,0.0,0.0,0.0,0.005,0.0,0.12,0.0,0.0,0.0,0.0,0.0,0.0,0.0,0.0,0.0,0.73,0.0
35,35,,0.0,0.0,0.005,0.0,0.0,0.0,0.0,0.0,0.0,0.005,0.0,0.0,0.0,0.0,0.065,0.0,0.0,0.0,0.03,0.0,0.0,0.0,0.005,0.005,0.0,0.175,0.0,0.0,0.0,0.0,0.0,0.0,0.005,0.0,0.0,0.705,0.0
35,35,,0.025,0.0,0.03,0.005,0.065,0.01,0.0,0.005,0.005,0.0,0.0,0.0,0.09,0.02,0.08,0.0,0.0,0.0,0.03,0.0,0.005,0.0,0.0,0.0,0.005,0.115,0.005,0.0,0.0,0.0,0.005,0.0,0.0,0.0,0.0,0.5,0.0
35,35,,0.025,0.0,0.03,0.005,0.12,0.0,0.0,0.0,0.01,0.0,0.0,0.0,0.035,0.055,0.05,0.0,0.0,0.0,0.0,0.0,0.005,0.005,0.005,0.0,0.01,0.07,0.02,0.0,0.0,0.0,0.0,0.0,0.0,0.0,0.0,0.555,0.0
36,36,,0.0,0.0,0.0,0.0,0.0,0.0,0.0,0.0,0.0,0.0,0.0,0.0,0.0,0.0,0.0,0.0,0.0,0.0,0.0,0.0,0.0,0.0,0.0,0.0,0.0,0.0,0.0,0.0,0.0,0.0,0.0,0.0,0.0,0.0,0.0,0.005,0.995
36,36,,0.0,0.0,0.005,0.0,0.0,0.0,0.0,0.0,0.0,0.0,0.0,0.0,0.0,0.0,0.0,0.0,0.0,0.0,0.0,0.0,0.0,0.0,0.0,0.0,0.0,0.0,0.0,0.0,0.0,0.005,0.0,0.0,0.0,0.0,0.0,0.0,0.99
36,36,,0.0,0.0,0.0,0.0,0.0,0.0,0.0,0.005,0.01,0.0,0.0,0.0,0.0,0.0,0.0,0.0,0.0,0.005,0.0,0.0,0.0,0.0,0.0,0.0,0.0,0.0,0.0,0.0,0.0,0.01,0.0,0.0,0.0,0.0,0.0,0.005,0.965
36,36,,0.0,0.0,0.05,0.005,0.0,0.0,0.0,0.075,0.025,0.005,0.0,0.0,0.01,0.0,0.005,0.01,0.0,0.005,0.015,0.0,0.005,0.005,0.0,0.005,0.0,0.0,0.005,0.0,0.005,0.305,0.0,0.0,0.0,0.0,0.0,0.005,0.46
36,36,,0.0,0.0,0.0,0.0,0.0,0.005,0.0,0.0,0.005,0.0,0.0,0.0,0.0,0.0,0.0,0.0,0.0,0.0,0.0,0.0,0.0,0.0,0.0,0.0,0.0,0.0,0.0,0.0,0.005,0.0,0.0,0.0,0.0,0.0,0.0,0.0,0.985
36,36,,0.0,0.025,0.095,0.0,0.0,0.03,0.005,0.01,0.015,0.01,0.03,0.015,0.005,0.005,0.0,0.005,0.005,0.0,0.01,0.005,0.0,0.0,0.0,0.0,0.0,0.0,0.015,0.0,0.02,0.015,0.0,0.01,0.0,0.105,0.01,0.005,0.55
36,36,,0.0,0.0,0.005,0.0,0.0,0.005,0.0,0.0,0.005,0.0,0.01,0.0,0.0,0.0,0.005,0.0,0.005,0.0,0.0,0.0,0.0,0.0,0.0,0.005,0.0,0.0,0.005,0.0,0.0,0.0,0.0,0.0,0.0,0.005,0.0,0.0,0.95
36,36,,0.0,0.0,0.04,0.0,0.0,0.01,0.0,0.07,0.015,0.0,0.0,0.0,0.0,0.0,0.005,0.005,0.005,0.0,0.0,0.0,0.0,0.005,0.005,0.0,0.0,0.0,0.005,0.005,0.01,0.155,0.005,0.0,0.005,0.0,0.0,0.0,0.655
36,36,,0.0,0.0,0.06,0.005,0.0,0.0,0.0,0.095,0.015,0.0,0.0,0.0,0.005,0.0,0.005,0.005,0.0,0.0,0.005,0.0,0.0,0.005,0.01,0.01,0.0,0.0,0.005,0.0,0.005,0.34,0.005,0.0,0.0,0.0,0.0,0.0,0.425
36,36,,0.0,0.0,0.0,0.0,0.0,0.0,0.0,0.0,0.0,0.0,0.0,0.0,0.0,0.0,0.0,0.0,0.0,0.0,0.0,0.0,0.0,0.0,0.0,0.0,0.0,0.0,0.0,0.0,0.0,0.0,0.0,0.0,0.0,0.0,0.005,0.005,0.99
36,36,,0.005,0.0,0.02,0.0,0.0,0.0,0.0,0.005,0.005,0.0,0.005,0.005,0.0,0.0,0.005,0.0,0.0,0.0,0.0,0.0,0.0,0.005,0.0,0.005,0.0,0.0,0.0,0.0,0.0,0.025,0.0,0.0,0.005,0.01,0.0,0.0,0.9
